nohup: ignoring input
average sequence length: 6.16
loss in epoch 1 iteration 0: 1.3972949981689453
loss in epoch 1 iteration 1: 1.3826897144317627
loss in epoch 1 iteration 2: 1.371535301208496
loss in epoch 1 iteration 3: 1.3660956621170044
loss in epoch 1 iteration 4: 1.3496153354644775
loss in epoch 1 iteration 5: 1.333471655845642
loss in epoch 1 iteration 6: 1.3204565048217773
loss in epoch 2 iteration 0: 1.3015263080596924
loss in epoch 2 iteration 1: 1.268896222114563
loss in epoch 2 iteration 2: 1.2470495700836182
loss in epoch 2 iteration 3: 1.2356153726577759
loss in epoch 2 iteration 4: 1.2300195693969727
loss in epoch 2 iteration 5: 1.207294225692749
loss in epoch 2 iteration 6: 1.1981761455535889
loss in epoch 3 iteration 0: 1.1785244941711426
loss in epoch 3 iteration 1: 1.1681568622589111
loss in epoch 3 iteration 2: 1.1495251655578613
loss in epoch 3 iteration 3: 1.1311466693878174
loss in epoch 3 iteration 4: 1.0943337678909302
loss in epoch 3 iteration 5: 1.06736159324646
loss in epoch 3 iteration 6: 1.071638584136963
loss in epoch 4 iteration 0: 1.0429589748382568
loss in epoch 4 iteration 1: 1.0424953699111938
loss in epoch 4 iteration 2: 1.0340898036956787
loss in epoch 4 iteration 3: 1.0290637016296387
loss in epoch 4 iteration 4: 1.0012425184249878
loss in epoch 4 iteration 5: 0.9725835919380188
loss in epoch 4 iteration 6: 0.9718666076660156
loss in epoch 5 iteration 0: 0.9794859886169434
loss in epoch 5 iteration 1: 0.9523895978927612
loss in epoch 5 iteration 2: 0.9399925470352173
loss in epoch 5 iteration 3: 0.9535828828811646
loss in epoch 5 iteration 4: 0.9438292980194092
loss in epoch 5 iteration 5: 0.9562013745307922
loss in epoch 5 iteration 6: 0.927219569683075
loss in epoch 6 iteration 0: 0.9394623041152954
loss in epoch 6 iteration 1: 0.9060032367706299
loss in epoch 6 iteration 2: 0.8964369297027588
loss in epoch 6 iteration 3: 0.9022164940834045
loss in epoch 6 iteration 4: 0.8851773738861084
loss in epoch 6 iteration 5: 0.9126936197280884
loss in epoch 6 iteration 6: 0.8676238656044006
loss in epoch 7 iteration 0: 0.9001723527908325
loss in epoch 7 iteration 1: 0.8569753170013428
loss in epoch 7 iteration 2: 0.840552568435669
loss in epoch 7 iteration 3: 0.8803421854972839
loss in epoch 7 iteration 4: 0.8721039295196533
loss in epoch 7 iteration 5: 0.8477065563201904
loss in epoch 7 iteration 6: 0.8362288475036621
loss in epoch 8 iteration 0: 0.8452064990997314
loss in epoch 8 iteration 1: 0.8553334474563599
loss in epoch 8 iteration 2: 0.8121165633201599
loss in epoch 8 iteration 3: 0.8515018224716187
loss in epoch 8 iteration 4: 0.815000057220459
loss in epoch 8 iteration 5: 0.8446899056434631
loss in epoch 8 iteration 6: 0.8145745396614075
loss in epoch 9 iteration 0: 0.817378044128418
loss in epoch 9 iteration 1: 0.806398868560791
loss in epoch 9 iteration 2: 0.8125951290130615
loss in epoch 9 iteration 3: 0.7992569208145142
loss in epoch 9 iteration 4: 0.8002480268478394
loss in epoch 9 iteration 5: 0.7920327186584473
loss in epoch 9 iteration 6: 0.8227864503860474
loss in epoch 10 iteration 0: 0.7977340221405029
loss in epoch 10 iteration 1: 0.7643469572067261
loss in epoch 10 iteration 2: 0.7833576202392578
loss in epoch 10 iteration 3: 0.7850345373153687
loss in epoch 10 iteration 4: 0.7858613729476929
loss in epoch 10 iteration 5: 0.7662420272827148
loss in epoch 10 iteration 6: 0.7897619009017944
loss in epoch 11 iteration 0: 0.789183497428894
loss in epoch 11 iteration 1: 0.7942094802856445
loss in epoch 11 iteration 2: 0.7561054229736328
loss in epoch 11 iteration 3: 0.7504943609237671
loss in epoch 11 iteration 4: 0.7554140090942383
loss in epoch 11 iteration 5: 0.7558866143226624
loss in epoch 11 iteration 6: 0.7643125653266907
loss in epoch 12 iteration 0: 0.7394964694976807
loss in epoch 12 iteration 1: 0.7566354274749756
loss in epoch 12 iteration 2: 0.7278386354446411
loss in epoch 12 iteration 3: 0.7645254731178284
loss in epoch 12 iteration 4: 0.7367267608642578
loss in epoch 12 iteration 5: 0.7373695373535156
loss in epoch 12 iteration 6: 0.7386051416397095
loss in epoch 13 iteration 0: 0.7246086597442627
loss in epoch 13 iteration 1: 0.7351568341255188
loss in epoch 13 iteration 2: 0.7248512506484985
loss in epoch 13 iteration 3: 0.7153729796409607
loss in epoch 13 iteration 4: 0.7148076295852661
loss in epoch 13 iteration 5: 0.7372475862503052
loss in epoch 13 iteration 6: 0.6844420433044434
loss in epoch 14 iteration 0: 0.7359862327575684
loss in epoch 14 iteration 1: 0.6863617300987244
loss in epoch 14 iteration 2: 0.6951374411582947
loss in epoch 14 iteration 3: 0.7373062968254089
loss in epoch 14 iteration 4: 0.6813877820968628
loss in epoch 14 iteration 5: 0.6865234971046448
loss in epoch 14 iteration 6: 0.6690354943275452
loss in epoch 15 iteration 0: 0.6553446650505066
loss in epoch 15 iteration 1: 0.6712122559547424
loss in epoch 15 iteration 2: 0.6607803106307983
loss in epoch 15 iteration 3: 0.6808149814605713
loss in epoch 15 iteration 4: 0.668822169303894
loss in epoch 15 iteration 5: 0.6617541909217834
loss in epoch 15 iteration 6: 0.6578799486160278
loss in epoch 16 iteration 0: 0.6420168280601501
loss in epoch 16 iteration 1: 0.6434272527694702
loss in epoch 16 iteration 2: 0.6677795648574829
loss in epoch 16 iteration 3: 0.644536554813385
loss in epoch 16 iteration 4: 0.6389832496643066
loss in epoch 16 iteration 5: 0.6480538845062256
loss in epoch 16 iteration 6: 0.644044816493988
loss in epoch 17 iteration 0: 0.6326445937156677
loss in epoch 17 iteration 1: 0.6304865479469299
loss in epoch 17 iteration 2: 0.6486349105834961
loss in epoch 17 iteration 3: 0.6339056491851807
loss in epoch 17 iteration 4: 0.5992357134819031
loss in epoch 17 iteration 5: 0.6263500452041626
loss in epoch 17 iteration 6: 0.6220417022705078
loss in epoch 18 iteration 0: 0.6034992337226868
loss in epoch 18 iteration 1: 0.6105536222457886
loss in epoch 18 iteration 2: 0.612969160079956
loss in epoch 18 iteration 3: 0.5870829820632935
loss in epoch 18 iteration 4: 0.6238293051719666
loss in epoch 18 iteration 5: 0.6128619909286499
loss in epoch 18 iteration 6: 0.6034705638885498
loss in epoch 19 iteration 0: 0.5871690511703491
loss in epoch 19 iteration 1: 0.6025364398956299
loss in epoch 19 iteration 2: 0.6028707027435303
loss in epoch 19 iteration 3: 0.6087241172790527
loss in epoch 19 iteration 4: 0.6012914776802063
loss in epoch 19 iteration 5: 0.5887657403945923
loss in epoch 19 iteration 6: 0.5636715888977051
loss in epoch 20 iteration 0: 0.571906328201294
loss in epoch 20 iteration 1: 0.5902219414710999
loss in epoch 20 iteration 2: 0.5750635862350464
loss in epoch 20 iteration 3: 0.5661264657974243
loss in epoch 20 iteration 4: 0.5654233694076538
loss in epoch 20 iteration 5: 0.5655229091644287
loss in epoch 20 iteration 6: 0.5936753153800964
Evaluating................................
Epoch: 20, Time: 4.79s
Valid: N@5:0.0300 H@5:0.0493 | N@10:0.0399 H@10:0.0800 | N@20:0.0486 H@20:0.1149
Test:  N@5:0.0299 H@5:0.0445 | N@10:0.0372 H@10:0.0679 | N@20:0.0456 H@20:0.1010
loss in epoch 21 iteration 0: 0.5585416555404663
loss in epoch 21 iteration 1: 0.576335072517395
loss in epoch 21 iteration 2: 0.5815819501876831
loss in epoch 21 iteration 3: 0.5363723635673523
loss in epoch 21 iteration 4: 0.5665531158447266
loss in epoch 21 iteration 5: 0.5675917267799377
loss in epoch 21 iteration 6: 0.5631082057952881
loss in epoch 22 iteration 0: 0.5895905494689941
loss in epoch 22 iteration 1: 0.5532317161560059
loss in epoch 22 iteration 2: 0.5584579706192017
loss in epoch 22 iteration 3: 0.5333374738693237
loss in epoch 22 iteration 4: 0.5407027006149292
loss in epoch 22 iteration 5: 0.5531185865402222
loss in epoch 22 iteration 6: 0.5324110388755798
loss in epoch 23 iteration 0: 0.5143558979034424
loss in epoch 23 iteration 1: 0.5185985565185547
loss in epoch 23 iteration 2: 0.5351107120513916
loss in epoch 23 iteration 3: 0.5292981863021851
loss in epoch 23 iteration 4: 0.5459165573120117
loss in epoch 23 iteration 5: 0.518431544303894
loss in epoch 23 iteration 6: 0.5129964351654053
loss in epoch 24 iteration 0: 0.5172181725502014
loss in epoch 24 iteration 1: 0.5468145608901978
loss in epoch 24 iteration 2: 0.5109024047851562
loss in epoch 24 iteration 3: 0.527757465839386
loss in epoch 24 iteration 4: 0.5339975953102112
loss in epoch 24 iteration 5: 0.5202973484992981
loss in epoch 24 iteration 6: 0.5167674422264099
loss in epoch 25 iteration 0: 0.49433672428131104
loss in epoch 25 iteration 1: 0.49836426973342896
loss in epoch 25 iteration 2: 0.5070106983184814
loss in epoch 25 iteration 3: 0.48545196652412415
loss in epoch 25 iteration 4: 0.5007674098014832
loss in epoch 25 iteration 5: 0.4793395698070526
loss in epoch 25 iteration 6: 0.48284390568733215
loss in epoch 26 iteration 0: 0.4813816547393799
loss in epoch 26 iteration 1: 0.4811439514160156
loss in epoch 26 iteration 2: 0.5034230351448059
loss in epoch 26 iteration 3: 0.4847971796989441
loss in epoch 26 iteration 4: 0.46967950463294983
loss in epoch 26 iteration 5: 0.47764188051223755
loss in epoch 26 iteration 6: 0.48525524139404297
loss in epoch 27 iteration 0: 0.45654261112213135
loss in epoch 27 iteration 1: 0.4893907308578491
loss in epoch 27 iteration 2: 0.4484565258026123
loss in epoch 27 iteration 3: 0.46054694056510925
loss in epoch 27 iteration 4: 0.46385183930397034
loss in epoch 27 iteration 5: 0.4501526951789856
loss in epoch 27 iteration 6: 0.4706346392631531
loss in epoch 28 iteration 0: 0.49871084094047546
loss in epoch 28 iteration 1: 0.44805479049682617
loss in epoch 28 iteration 2: 0.4538830518722534
loss in epoch 28 iteration 3: 0.4597599506378174
loss in epoch 28 iteration 4: 0.4652777910232544
loss in epoch 28 iteration 5: 0.4626113176345825
loss in epoch 28 iteration 6: 0.44106966257095337
loss in epoch 29 iteration 0: 0.44266003370285034
loss in epoch 29 iteration 1: 0.4504135251045227
loss in epoch 29 iteration 2: 0.4612078070640564
loss in epoch 29 iteration 3: 0.44674259424209595
loss in epoch 29 iteration 4: 0.4398345351219177
loss in epoch 29 iteration 5: 0.4574262499809265
loss in epoch 29 iteration 6: 0.45332321524620056
loss in epoch 30 iteration 0: 0.4338940382003784
loss in epoch 30 iteration 1: 0.4363887906074524
loss in epoch 30 iteration 2: 0.4417024552822113
loss in epoch 30 iteration 3: 0.4332673251628876
loss in epoch 30 iteration 4: 0.4285043478012085
loss in epoch 30 iteration 5: 0.4370470643043518
loss in epoch 30 iteration 6: 0.4580478072166443
loss in epoch 31 iteration 0: 0.43609869480133057
loss in epoch 31 iteration 1: 0.40705281496047974
loss in epoch 31 iteration 2: 0.40682536363601685
loss in epoch 31 iteration 3: 0.40805429220199585
loss in epoch 31 iteration 4: 0.40198957920074463
loss in epoch 31 iteration 5: 0.41806650161743164
loss in epoch 31 iteration 6: 0.45021581649780273
loss in epoch 32 iteration 0: 0.42915186285972595
loss in epoch 32 iteration 1: 0.4027726352214813
loss in epoch 32 iteration 2: 0.41822338104248047
loss in epoch 32 iteration 3: 0.4117909371852875
loss in epoch 32 iteration 4: 0.4165140390396118
loss in epoch 32 iteration 5: 0.4138263463973999
loss in epoch 32 iteration 6: 0.4152095317840576
loss in epoch 33 iteration 0: 0.3890314996242523
loss in epoch 33 iteration 1: 0.4019520878791809
loss in epoch 33 iteration 2: 0.38553160429000854
loss in epoch 33 iteration 3: 0.39302369952201843
loss in epoch 33 iteration 4: 0.4253665804862976
loss in epoch 33 iteration 5: 0.3912152647972107
loss in epoch 33 iteration 6: 0.3788648247718811
loss in epoch 34 iteration 0: 0.3761701285839081
loss in epoch 34 iteration 1: 0.3950585126876831
loss in epoch 34 iteration 2: 0.3699605166912079
loss in epoch 34 iteration 3: 0.3924146294593811
loss in epoch 34 iteration 4: 0.38058197498321533
loss in epoch 34 iteration 5: 0.3908330798149109
loss in epoch 34 iteration 6: 0.38593590259552
loss in epoch 35 iteration 0: 0.39096176624298096
loss in epoch 35 iteration 1: 0.38659292459487915
loss in epoch 35 iteration 2: 0.3855765461921692
loss in epoch 35 iteration 3: 0.3769066631793976
loss in epoch 35 iteration 4: 0.3779863715171814
loss in epoch 35 iteration 5: 0.37346160411834717
loss in epoch 35 iteration 6: 0.3494405448436737
loss in epoch 36 iteration 0: 0.36183151602745056
loss in epoch 36 iteration 1: 0.39231809973716736
loss in epoch 36 iteration 2: 0.3723117709159851
loss in epoch 36 iteration 3: 0.36008673906326294
loss in epoch 36 iteration 4: 0.35697317123413086
loss in epoch 36 iteration 5: 0.35825690627098083
loss in epoch 36 iteration 6: 0.3659742474555969
loss in epoch 37 iteration 0: 0.3854829967021942
loss in epoch 37 iteration 1: 0.35127267241477966
loss in epoch 37 iteration 2: 0.3485070466995239
loss in epoch 37 iteration 3: 0.35970479249954224
loss in epoch 37 iteration 4: 0.34372252225875854
loss in epoch 37 iteration 5: 0.3587131202220917
loss in epoch 37 iteration 6: 0.33865880966186523
loss in epoch 38 iteration 0: 0.339988648891449
loss in epoch 38 iteration 1: 0.35106438398361206
loss in epoch 38 iteration 2: 0.3596760332584381
loss in epoch 38 iteration 3: 0.3554910719394684
loss in epoch 38 iteration 4: 0.35771191120147705
loss in epoch 38 iteration 5: 0.3646101951599121
loss in epoch 38 iteration 6: 0.3654426336288452
loss in epoch 39 iteration 0: 0.37074166536331177
loss in epoch 39 iteration 1: 0.36336421966552734
loss in epoch 39 iteration 2: 0.35537853837013245
loss in epoch 39 iteration 3: 0.33584702014923096
loss in epoch 39 iteration 4: 0.3520618677139282
loss in epoch 39 iteration 5: 0.34314700961112976
loss in epoch 39 iteration 6: 0.34477126598358154
loss in epoch 40 iteration 0: 0.33729010820388794
loss in epoch 40 iteration 1: 0.35230138897895813
loss in epoch 40 iteration 2: 0.3329845368862152
loss in epoch 40 iteration 3: 0.34923145174980164
loss in epoch 40 iteration 4: 0.33743342757225037
loss in epoch 40 iteration 5: 0.3262163996696472
loss in epoch 40 iteration 6: 0.3308216333389282
Evaluating................................
Epoch: 40, Time: 8.12s
Valid: N@5:0.0439 H@5:0.0673 | N@10:0.0562 H@10:0.1058 | N@20:0.0694 H@20:0.1587
Test:  N@5:0.0333 H@5:0.0523 | N@10:0.0439 H@10:0.0854 | N@20:0.0552 H@20:0.1299
loss in epoch 41 iteration 0: 0.3540244400501251
loss in epoch 41 iteration 1: 0.32186952233314514
loss in epoch 41 iteration 2: 0.3253207802772522
loss in epoch 41 iteration 3: 0.31216859817504883
loss in epoch 41 iteration 4: 0.3167273998260498
loss in epoch 41 iteration 5: 0.3312613368034363
loss in epoch 41 iteration 6: 0.3245154023170471
loss in epoch 42 iteration 0: 0.3251434564590454
loss in epoch 42 iteration 1: 0.3019363284111023
loss in epoch 42 iteration 2: 0.3218013644218445
loss in epoch 42 iteration 3: 0.3291676640510559
loss in epoch 42 iteration 4: 0.30789950489997864
loss in epoch 42 iteration 5: 0.3335675001144409
loss in epoch 42 iteration 6: 0.32191693782806396
loss in epoch 43 iteration 0: 0.320827841758728
loss in epoch 43 iteration 1: 0.3343040347099304
loss in epoch 43 iteration 2: 0.2971417307853699
loss in epoch 43 iteration 3: 0.31347012519836426
loss in epoch 43 iteration 4: 0.29484978318214417
loss in epoch 43 iteration 5: 0.31850892305374146
loss in epoch 43 iteration 6: 0.3099774718284607
loss in epoch 44 iteration 0: 0.3335448205471039
loss in epoch 44 iteration 1: 0.3016302287578583
loss in epoch 44 iteration 2: 0.3112993538379669
loss in epoch 44 iteration 3: 0.3057096600532532
loss in epoch 44 iteration 4: 0.3160989582538605
loss in epoch 44 iteration 5: 0.3187486231327057
loss in epoch 44 iteration 6: 0.3122251033782959
loss in epoch 45 iteration 0: 0.3094123899936676
loss in epoch 45 iteration 1: 0.29269522428512573
loss in epoch 45 iteration 2: 0.2961064577102661
loss in epoch 45 iteration 3: 0.3062981963157654
loss in epoch 45 iteration 4: 0.29913994669914246
loss in epoch 45 iteration 5: 0.2838623523712158
loss in epoch 45 iteration 6: 0.3205077350139618
loss in epoch 46 iteration 0: 0.3123731017112732
loss in epoch 46 iteration 1: 0.286052405834198
loss in epoch 46 iteration 2: 0.30557912588119507
loss in epoch 46 iteration 3: 0.2995520234107971
loss in epoch 46 iteration 4: 0.3071228563785553
loss in epoch 46 iteration 5: 0.29291173815727234
loss in epoch 46 iteration 6: 0.28136271238327026
loss in epoch 47 iteration 0: 0.29046574234962463
loss in epoch 47 iteration 1: 0.30161911249160767
loss in epoch 47 iteration 2: 0.29721254110336304
loss in epoch 47 iteration 3: 0.28643983602523804
loss in epoch 47 iteration 4: 0.27342426776885986
loss in epoch 47 iteration 5: 0.27474063634872437
loss in epoch 47 iteration 6: 0.26983895897865295
loss in epoch 48 iteration 0: 0.2709459066390991
loss in epoch 48 iteration 1: 0.27181729674339294
loss in epoch 48 iteration 2: 0.2737915813922882
loss in epoch 48 iteration 3: 0.29503583908081055
loss in epoch 48 iteration 4: 0.2714742422103882
loss in epoch 48 iteration 5: 0.2792499363422394
loss in epoch 48 iteration 6: 0.28404080867767334
loss in epoch 49 iteration 0: 0.29093965888023376
loss in epoch 49 iteration 1: 0.2844582200050354
loss in epoch 49 iteration 2: 0.2817128598690033
loss in epoch 49 iteration 3: 0.26726117730140686
loss in epoch 49 iteration 4: 0.2637438476085663
loss in epoch 49 iteration 5: 0.27313101291656494
loss in epoch 49 iteration 6: 0.2725001573562622
loss in epoch 50 iteration 0: 0.27504053711891174
loss in epoch 50 iteration 1: 0.2740804851055145
loss in epoch 50 iteration 2: 0.26342082023620605
loss in epoch 50 iteration 3: 0.25533154606819153
loss in epoch 50 iteration 4: 0.2596575617790222
loss in epoch 50 iteration 5: 0.283458411693573
loss in epoch 50 iteration 6: 0.26104435324668884
loss in epoch 51 iteration 0: 0.25518715381622314
loss in epoch 51 iteration 1: 0.26014596223831177
loss in epoch 51 iteration 2: 0.2651668190956116
loss in epoch 51 iteration 3: 0.27436017990112305
loss in epoch 51 iteration 4: 0.25851818919181824
loss in epoch 51 iteration 5: 0.253676176071167
loss in epoch 51 iteration 6: 0.2602556347846985
loss in epoch 52 iteration 0: 0.27042627334594727
loss in epoch 52 iteration 1: 0.2837943434715271
loss in epoch 52 iteration 2: 0.26193803548812866
loss in epoch 52 iteration 3: 0.28056594729423523
loss in epoch 52 iteration 4: 0.2646906077861786
loss in epoch 52 iteration 5: 0.24220889806747437
loss in epoch 52 iteration 6: 0.25743889808654785
loss in epoch 53 iteration 0: 0.259382039308548
loss in epoch 53 iteration 1: 0.25922051072120667
loss in epoch 53 iteration 2: 0.2514039874076843
loss in epoch 53 iteration 3: 0.26148921251296997
loss in epoch 53 iteration 4: 0.23212727904319763
loss in epoch 53 iteration 5: 0.24603037536144257
loss in epoch 53 iteration 6: 0.23708024621009827
loss in epoch 54 iteration 0: 0.2505287826061249
loss in epoch 54 iteration 1: 0.2301672101020813
loss in epoch 54 iteration 2: 0.25318220257759094
loss in epoch 54 iteration 3: 0.24771994352340698
loss in epoch 54 iteration 4: 0.2525462508201599
loss in epoch 54 iteration 5: 0.2235027551651001
loss in epoch 54 iteration 6: 0.24761468172073364
loss in epoch 55 iteration 0: 0.2528403401374817
loss in epoch 55 iteration 1: 0.24146580696105957
loss in epoch 55 iteration 2: 0.230618417263031
loss in epoch 55 iteration 3: 0.24841201305389404
loss in epoch 55 iteration 4: 0.24495084583759308
loss in epoch 55 iteration 5: 0.2295101284980774
loss in epoch 55 iteration 6: 0.23887602984905243
loss in epoch 56 iteration 0: 0.23896285891532898
loss in epoch 56 iteration 1: 0.2535976767539978
loss in epoch 56 iteration 2: 0.2174580991268158
loss in epoch 56 iteration 3: 0.23063591122627258
loss in epoch 56 iteration 4: 0.25137215852737427
loss in epoch 56 iteration 5: 0.22802364826202393
loss in epoch 56 iteration 6: 0.2226617932319641
loss in epoch 57 iteration 0: 0.2364676594734192
loss in epoch 57 iteration 1: 0.23616021871566772
loss in epoch 57 iteration 2: 0.2155964970588684
loss in epoch 57 iteration 3: 0.22817331552505493
loss in epoch 57 iteration 4: 0.21917980909347534
loss in epoch 57 iteration 5: 0.22095027565956116
loss in epoch 57 iteration 6: 0.23063257336616516
loss in epoch 58 iteration 0: 0.23438414931297302
loss in epoch 58 iteration 1: 0.2289021909236908
loss in epoch 58 iteration 2: 0.2238924503326416
loss in epoch 58 iteration 3: 0.2282487154006958
loss in epoch 58 iteration 4: 0.20714721083641052
loss in epoch 58 iteration 5: 0.2178492248058319
loss in epoch 58 iteration 6: 0.21971483528614044
loss in epoch 59 iteration 0: 0.21303288638591766
loss in epoch 59 iteration 1: 0.22681161761283875
loss in epoch 59 iteration 2: 0.2217545509338379
loss in epoch 59 iteration 3: 0.21546193957328796
loss in epoch 59 iteration 4: 0.2242037057876587
loss in epoch 59 iteration 5: 0.2077837735414505
loss in epoch 59 iteration 6: 0.2400757223367691
loss in epoch 60 iteration 0: 0.21206927299499512
loss in epoch 60 iteration 1: 0.21374130249023438
loss in epoch 60 iteration 2: 0.22025302052497864
loss in epoch 60 iteration 3: 0.2226518839597702
loss in epoch 60 iteration 4: 0.1994202733039856
loss in epoch 60 iteration 5: 0.22353166341781616
loss in epoch 60 iteration 6: 0.19820460677146912
Evaluating................................
Epoch: 60, Time: 11.45s
Valid: N@5:0.0531 H@5:0.0776 | N@10:0.0669 H@10:0.1203 | N@20:0.0814 H@20:0.1774
Test:  N@5:0.0394 H@5:0.0619 | N@10:0.0477 H@10:0.0878 | N@20:0.0614 H@20:0.1425
loss in epoch 61 iteration 0: 0.222484290599823
loss in epoch 61 iteration 1: 0.2086769938468933
loss in epoch 61 iteration 2: 0.21045154333114624
loss in epoch 61 iteration 3: 0.22271452844142914
loss in epoch 61 iteration 4: 0.19730360805988312
loss in epoch 61 iteration 5: 0.20599156618118286
loss in epoch 61 iteration 6: 0.21019741892814636
loss in epoch 62 iteration 0: 0.2079821527004242
loss in epoch 62 iteration 1: 0.21906349062919617
loss in epoch 62 iteration 2: 0.22239376604557037
loss in epoch 62 iteration 3: 0.18651536107063293
loss in epoch 62 iteration 4: 0.19609376788139343
loss in epoch 62 iteration 5: 0.19929039478302002
loss in epoch 62 iteration 6: 0.19454240798950195
loss in epoch 63 iteration 0: 0.2120879590511322
loss in epoch 63 iteration 1: 0.1950487196445465
loss in epoch 63 iteration 2: 0.20742091536521912
loss in epoch 63 iteration 3: 0.19795098900794983
loss in epoch 63 iteration 4: 0.2065049111843109
loss in epoch 63 iteration 5: 0.18937408924102783
loss in epoch 63 iteration 6: 0.20504407584667206
loss in epoch 64 iteration 0: 0.19840815663337708
loss in epoch 64 iteration 1: 0.18685311079025269
loss in epoch 64 iteration 2: 0.18540138006210327
loss in epoch 64 iteration 3: 0.20546819269657135
loss in epoch 64 iteration 4: 0.20058488845825195
loss in epoch 64 iteration 5: 0.19674715399742126
loss in epoch 64 iteration 6: 0.18450717628002167
loss in epoch 65 iteration 0: 0.180329367518425
loss in epoch 65 iteration 1: 0.1848948746919632
loss in epoch 65 iteration 2: 0.16990208625793457
loss in epoch 65 iteration 3: 0.19183523952960968
loss in epoch 65 iteration 4: 0.1641564965248108
loss in epoch 65 iteration 5: 0.20271901786327362
loss in epoch 65 iteration 6: 0.189986452460289
loss in epoch 66 iteration 0: 0.1918025016784668
loss in epoch 66 iteration 1: 0.19064578413963318
loss in epoch 66 iteration 2: 0.17477887868881226
loss in epoch 66 iteration 3: 0.17635618150234222
loss in epoch 66 iteration 4: 0.19669662415981293
loss in epoch 66 iteration 5: 0.18241970241069794
loss in epoch 66 iteration 6: 0.18782441318035126
loss in epoch 67 iteration 0: 0.1949734389781952
loss in epoch 67 iteration 1: 0.18781547248363495
loss in epoch 67 iteration 2: 0.1687718778848648
loss in epoch 67 iteration 3: 0.18869632482528687
loss in epoch 67 iteration 4: 0.17432016134262085
loss in epoch 67 iteration 5: 0.19716289639472961
loss in epoch 67 iteration 6: 0.19430401921272278
loss in epoch 68 iteration 0: 0.1824542135000229
loss in epoch 68 iteration 1: 0.1709309220314026
loss in epoch 68 iteration 2: 0.1918424665927887
loss in epoch 68 iteration 3: 0.2029438018798828
loss in epoch 68 iteration 4: 0.17445877194404602
loss in epoch 68 iteration 5: 0.1932339370250702
loss in epoch 68 iteration 6: 0.18242312967777252
loss in epoch 69 iteration 0: 0.17742601037025452
loss in epoch 69 iteration 1: 0.1748795211315155
loss in epoch 69 iteration 2: 0.18657010793685913
loss in epoch 69 iteration 3: 0.18685805797576904
loss in epoch 69 iteration 4: 0.17202971875667572
loss in epoch 69 iteration 5: 0.17777471244335175
loss in epoch 69 iteration 6: 0.15601365268230438
loss in epoch 70 iteration 0: 0.17157936096191406
loss in epoch 70 iteration 1: 0.18599039316177368
loss in epoch 70 iteration 2: 0.1627347469329834
loss in epoch 70 iteration 3: 0.16977037489414215
loss in epoch 70 iteration 4: 0.17229343950748444
loss in epoch 70 iteration 5: 0.16472482681274414
loss in epoch 70 iteration 6: 0.17390219867229462
loss in epoch 71 iteration 0: 0.17454984784126282
loss in epoch 71 iteration 1: 0.1667671501636505
loss in epoch 71 iteration 2: 0.1579032689332962
loss in epoch 71 iteration 3: 0.1812838315963745
loss in epoch 71 iteration 4: 0.1827368140220642
loss in epoch 71 iteration 5: 0.17548954486846924
loss in epoch 71 iteration 6: 0.17098554968833923
loss in epoch 72 iteration 0: 0.17034175992012024
loss in epoch 72 iteration 1: 0.16458851099014282
loss in epoch 72 iteration 2: 0.17767195403575897
loss in epoch 72 iteration 3: 0.16935831308364868
loss in epoch 72 iteration 4: 0.16376525163650513
loss in epoch 72 iteration 5: 0.16584903001785278
loss in epoch 72 iteration 6: 0.1698349118232727
loss in epoch 73 iteration 0: 0.17003968358039856
loss in epoch 73 iteration 1: 0.17194437980651855
loss in epoch 73 iteration 2: 0.15360601246356964
loss in epoch 73 iteration 3: 0.15489056706428528
loss in epoch 73 iteration 4: 0.16289840638637543
loss in epoch 73 iteration 5: 0.18110030889511108
loss in epoch 73 iteration 6: 0.175542950630188
loss in epoch 74 iteration 0: 0.16601163148880005
loss in epoch 74 iteration 1: 0.16316020488739014
loss in epoch 74 iteration 2: 0.16180284321308136
loss in epoch 74 iteration 3: 0.16671419143676758
loss in epoch 74 iteration 4: 0.16458967328071594
loss in epoch 74 iteration 5: 0.16890165209770203
loss in epoch 74 iteration 6: 0.15839777886867523
loss in epoch 75 iteration 0: 0.16432306170463562
loss in epoch 75 iteration 1: 0.15923377871513367
loss in epoch 75 iteration 2: 0.18157030642032623
loss in epoch 75 iteration 3: 0.17408636212348938
loss in epoch 75 iteration 4: 0.15929053723812103
loss in epoch 75 iteration 5: 0.156831294298172
loss in epoch 75 iteration 6: 0.15199369192123413
loss in epoch 76 iteration 0: 0.15258176624774933
loss in epoch 76 iteration 1: 0.1608700454235077
loss in epoch 76 iteration 2: 0.1365070939064026
loss in epoch 76 iteration 3: 0.152211993932724
loss in epoch 76 iteration 4: 0.15580379962921143
loss in epoch 76 iteration 5: 0.15007512271404266
loss in epoch 76 iteration 6: 0.1646677404642105
loss in epoch 77 iteration 0: 0.17027363181114197
loss in epoch 77 iteration 1: 0.15733112394809723
loss in epoch 77 iteration 2: 0.1477191299200058
loss in epoch 77 iteration 3: 0.14971362054347992
loss in epoch 77 iteration 4: 0.13954181969165802
loss in epoch 77 iteration 5: 0.14361990988254547
loss in epoch 77 iteration 6: 0.15281140804290771
loss in epoch 78 iteration 0: 0.1490924060344696
loss in epoch 78 iteration 1: 0.1519889086484909
loss in epoch 78 iteration 2: 0.14654037356376648
loss in epoch 78 iteration 3: 0.1446343958377838
loss in epoch 78 iteration 4: 0.13985058665275574
loss in epoch 78 iteration 5: 0.1407981812953949
loss in epoch 78 iteration 6: 0.15323100984096527
loss in epoch 79 iteration 0: 0.1563105285167694
loss in epoch 79 iteration 1: 0.13680322468280792
loss in epoch 79 iteration 2: 0.164686918258667
loss in epoch 79 iteration 3: 0.13769899308681488
loss in epoch 79 iteration 4: 0.14553964138031006
loss in epoch 79 iteration 5: 0.1568971872329712
loss in epoch 79 iteration 6: 0.15321816504001617
loss in epoch 80 iteration 0: 0.1625347137451172
loss in epoch 80 iteration 1: 0.14788320660591125
loss in epoch 80 iteration 2: 0.14850695431232452
loss in epoch 80 iteration 3: 0.1486184448003769
loss in epoch 80 iteration 4: 0.11910039186477661
loss in epoch 80 iteration 5: 0.13536877930164337
loss in epoch 80 iteration 6: 0.13607722520828247
Evaluating................................
Epoch: 80, Time: 14.76s
Valid: N@5:0.0558 H@5:0.0836 | N@10:0.0690 H@10:0.1245 | N@20:0.0834 H@20:0.1816
Test:  N@5:0.0402 H@5:0.0595 | N@10:0.0500 H@10:0.0902 | N@20:0.0640 H@20:0.1455
loss in epoch 81 iteration 0: 0.137385755777359
loss in epoch 81 iteration 1: 0.13928943872451782
loss in epoch 81 iteration 2: 0.13367338478565216
loss in epoch 81 iteration 3: 0.14942727982997894
loss in epoch 81 iteration 4: 0.1265581250190735
loss in epoch 81 iteration 5: 0.14455527067184448
loss in epoch 81 iteration 6: 0.1600269228219986
loss in epoch 82 iteration 0: 0.14889033138751984
loss in epoch 82 iteration 1: 0.14766539633274078
loss in epoch 82 iteration 2: 0.15150286257266998
loss in epoch 82 iteration 3: 0.1438077837228775
loss in epoch 82 iteration 4: 0.1391841322183609
loss in epoch 82 iteration 5: 0.13560372591018677
loss in epoch 82 iteration 6: 0.13574306666851044
loss in epoch 83 iteration 0: 0.14117848873138428
loss in epoch 83 iteration 1: 0.13229593634605408
loss in epoch 83 iteration 2: 0.13055795431137085
loss in epoch 83 iteration 3: 0.13505512475967407
loss in epoch 83 iteration 4: 0.14121228456497192
loss in epoch 83 iteration 5: 0.14924201369285583
loss in epoch 83 iteration 6: 0.13010092079639435
loss in epoch 84 iteration 0: 0.11757257580757141
loss in epoch 84 iteration 1: 0.14083828032016754
loss in epoch 84 iteration 2: 0.1258023977279663
loss in epoch 84 iteration 3: 0.13774517178535461
loss in epoch 84 iteration 4: 0.13318757712841034
loss in epoch 84 iteration 5: 0.12005005776882172
loss in epoch 84 iteration 6: 0.13113181293010712
loss in epoch 85 iteration 0: 0.1255880743265152
loss in epoch 85 iteration 1: 0.15609689056873322
loss in epoch 85 iteration 2: 0.142863929271698
loss in epoch 85 iteration 3: 0.12978240847587585
loss in epoch 85 iteration 4: 0.13125738501548767
loss in epoch 85 iteration 5: 0.13226543366909027
loss in epoch 85 iteration 6: 0.13762126863002777
loss in epoch 86 iteration 0: 0.12329477071762085
loss in epoch 86 iteration 1: 0.12645520269870758
loss in epoch 86 iteration 2: 0.12663808465003967
loss in epoch 86 iteration 3: 0.13329504430294037
loss in epoch 86 iteration 4: 0.12355490028858185
loss in epoch 86 iteration 5: 0.12445243448019028
loss in epoch 86 iteration 6: 0.13176223635673523
loss in epoch 87 iteration 0: 0.13071754574775696
loss in epoch 87 iteration 1: 0.1350862681865692
loss in epoch 87 iteration 2: 0.12442295253276825
loss in epoch 87 iteration 3: 0.12508824467658997
loss in epoch 87 iteration 4: 0.11646033823490143
loss in epoch 87 iteration 5: 0.11404402554035187
loss in epoch 87 iteration 6: 0.1223997175693512
loss in epoch 88 iteration 0: 0.11652016639709473
loss in epoch 88 iteration 1: 0.1260921210050583
loss in epoch 88 iteration 2: 0.11271822452545166
loss in epoch 88 iteration 3: 0.11334480345249176
loss in epoch 88 iteration 4: 0.12563058733940125
loss in epoch 88 iteration 5: 0.12946581840515137
loss in epoch 88 iteration 6: 0.1189415380358696
loss in epoch 89 iteration 0: 0.1294310986995697
loss in epoch 89 iteration 1: 0.1063162311911583
loss in epoch 89 iteration 2: 0.13465029001235962
loss in epoch 89 iteration 3: 0.12399641424417496
loss in epoch 89 iteration 4: 0.12614907324314117
loss in epoch 89 iteration 5: 0.12418125569820404
loss in epoch 89 iteration 6: 0.11419084668159485
loss in epoch 90 iteration 0: 0.1188737004995346
loss in epoch 90 iteration 1: 0.11610941588878632
loss in epoch 90 iteration 2: 0.120429128408432
loss in epoch 90 iteration 3: 0.11632753908634186
loss in epoch 90 iteration 4: 0.11399297416210175
loss in epoch 90 iteration 5: 0.10795176774263382
loss in epoch 90 iteration 6: 0.11086926609277725
loss in epoch 91 iteration 0: 0.14049789309501648
loss in epoch 91 iteration 1: 0.11814610660076141
loss in epoch 91 iteration 2: 0.12418162822723389
loss in epoch 91 iteration 3: 0.11152355372905731
loss in epoch 91 iteration 4: 0.11389003694057465
loss in epoch 91 iteration 5: 0.11908398568630219
loss in epoch 91 iteration 6: 0.11686718463897705
loss in epoch 92 iteration 0: 0.11383984237909317
loss in epoch 92 iteration 1: 0.1286967545747757
loss in epoch 92 iteration 2: 0.10518573224544525
loss in epoch 92 iteration 3: 0.11662781983613968
loss in epoch 92 iteration 4: 0.11386627703905106
loss in epoch 92 iteration 5: 0.11694657802581787
loss in epoch 92 iteration 6: 0.0980948731303215
loss in epoch 93 iteration 0: 0.11390581727027893
loss in epoch 93 iteration 1: 0.1131906807422638
loss in epoch 93 iteration 2: 0.1188647598028183
loss in epoch 93 iteration 3: 0.10834033787250519
loss in epoch 93 iteration 4: 0.1130390614271164
loss in epoch 93 iteration 5: 0.11237262189388275
loss in epoch 93 iteration 6: 0.11644775420427322
loss in epoch 94 iteration 0: 0.12357812374830246
loss in epoch 94 iteration 1: 0.10453259944915771
loss in epoch 94 iteration 2: 0.10505616664886475
loss in epoch 94 iteration 3: 0.12035463750362396
loss in epoch 94 iteration 4: 0.11634001135826111
loss in epoch 94 iteration 5: 0.10689926147460938
loss in epoch 94 iteration 6: 0.11281763017177582
loss in epoch 95 iteration 0: 0.10377237200737
loss in epoch 95 iteration 1: 0.1130530834197998
loss in epoch 95 iteration 2: 0.1069265753030777
loss in epoch 95 iteration 3: 0.1123434454202652
loss in epoch 95 iteration 4: 0.11496315151453018
loss in epoch 95 iteration 5: 0.10375253856182098
loss in epoch 95 iteration 6: 0.11271083354949951
loss in epoch 96 iteration 0: 0.11068001389503479
loss in epoch 96 iteration 1: 0.11993128806352615
loss in epoch 96 iteration 2: 0.10459142923355103
loss in epoch 96 iteration 3: 0.10692217200994492
loss in epoch 96 iteration 4: 0.10282190144062042
loss in epoch 96 iteration 5: 0.10608932375907898
loss in epoch 96 iteration 6: 0.1145385280251503
loss in epoch 97 iteration 0: 0.09663447737693787
loss in epoch 97 iteration 1: 0.10518241673707962
loss in epoch 97 iteration 2: 0.1025092601776123
loss in epoch 97 iteration 3: 0.10546959191560745
loss in epoch 97 iteration 4: 0.09940759092569351
loss in epoch 97 iteration 5: 0.10139373689889908
loss in epoch 97 iteration 6: 0.12472966313362122
loss in epoch 98 iteration 0: 0.11238698661327362
loss in epoch 98 iteration 1: 0.11727520823478699
loss in epoch 98 iteration 2: 0.11338865756988525
loss in epoch 98 iteration 3: 0.1071958988904953
loss in epoch 98 iteration 4: 0.09609754383563995
loss in epoch 98 iteration 5: 0.09920051693916321
loss in epoch 98 iteration 6: 0.10437637567520142
loss in epoch 99 iteration 0: 0.10353013873100281
loss in epoch 99 iteration 1: 0.09927703440189362
loss in epoch 99 iteration 2: 0.09530314803123474
loss in epoch 99 iteration 3: 0.10482785105705261
loss in epoch 99 iteration 4: 0.11041615903377533
loss in epoch 99 iteration 5: 0.11413735151290894
loss in epoch 99 iteration 6: 0.09181389212608337
loss in epoch 100 iteration 0: 0.08763717114925385
loss in epoch 100 iteration 1: 0.0962274819612503
loss in epoch 100 iteration 2: 0.10366018116474152
loss in epoch 100 iteration 3: 0.10370089113712311
loss in epoch 100 iteration 4: 0.10994859784841537
loss in epoch 100 iteration 5: 0.09700074791908264
loss in epoch 100 iteration 6: 0.11089502274990082
Evaluating................................
Epoch: 100, Time: 18.14s
Valid: N@5:0.0585 H@5:0.0848 | N@10:0.0699 H@10:0.1203 | N@20:0.0854 H@20:0.1816
Test:  N@5:0.0408 H@5:0.0607 | N@10:0.0525 H@10:0.0968 | N@20:0.0642 H@20:0.1431
loss in epoch 101 iteration 0: 0.09875485301017761
loss in epoch 101 iteration 1: 0.10058039426803589
loss in epoch 101 iteration 2: 0.09594012796878815
loss in epoch 101 iteration 3: 0.10288296639919281
loss in epoch 101 iteration 4: 0.10570735484361649
loss in epoch 101 iteration 5: 0.10570970922708511
loss in epoch 101 iteration 6: 0.08478981256484985
loss in epoch 102 iteration 0: 0.09820655733346939
loss in epoch 102 iteration 1: 0.09695364534854889
loss in epoch 102 iteration 2: 0.08811935782432556
loss in epoch 102 iteration 3: 0.08744911849498749
loss in epoch 102 iteration 4: 0.09142670035362244
loss in epoch 102 iteration 5: 0.08796431124210358
loss in epoch 102 iteration 6: 0.09812738746404648
loss in epoch 103 iteration 0: 0.10004867613315582
loss in epoch 103 iteration 1: 0.10091689974069595
loss in epoch 103 iteration 2: 0.09069632738828659
loss in epoch 103 iteration 3: 0.08825617283582687
loss in epoch 103 iteration 4: 0.09074261784553528
loss in epoch 103 iteration 5: 0.10201701521873474
loss in epoch 103 iteration 6: 0.10778917372226715
loss in epoch 104 iteration 0: 0.0913529321551323
loss in epoch 104 iteration 1: 0.08681678771972656
loss in epoch 104 iteration 2: 0.09666819870471954
loss in epoch 104 iteration 3: 0.08812105655670166
loss in epoch 104 iteration 4: 0.10270094871520996
loss in epoch 104 iteration 5: 0.09095233678817749
loss in epoch 104 iteration 6: 0.0891486406326294
loss in epoch 105 iteration 0: 0.095673568546772
loss in epoch 105 iteration 1: 0.08088593184947968
loss in epoch 105 iteration 2: 0.09009328484535217
loss in epoch 105 iteration 3: 0.09374924004077911
loss in epoch 105 iteration 4: 0.09894005954265594
loss in epoch 105 iteration 5: 0.09358389675617218
loss in epoch 105 iteration 6: 0.0975899025797844
loss in epoch 106 iteration 0: 0.07512521743774414
loss in epoch 106 iteration 1: 0.08144523203372955
loss in epoch 106 iteration 2: 0.09321562945842743
loss in epoch 106 iteration 3: 0.09614136070013046
loss in epoch 106 iteration 4: 0.0934826210141182
loss in epoch 106 iteration 5: 0.07491864264011383
loss in epoch 106 iteration 6: 0.09767699241638184
loss in epoch 107 iteration 0: 0.08698087930679321
loss in epoch 107 iteration 1: 0.08782954514026642
loss in epoch 107 iteration 2: 0.08412251621484756
loss in epoch 107 iteration 3: 0.09374690055847168
loss in epoch 107 iteration 4: 0.09636273980140686
loss in epoch 107 iteration 5: 0.07673942297697067
loss in epoch 107 iteration 6: 0.08495859801769257
loss in epoch 108 iteration 0: 0.08990728855133057
loss in epoch 108 iteration 1: 0.0882977768778801
loss in epoch 108 iteration 2: 0.08485782146453857
loss in epoch 108 iteration 3: 0.08530577272176743
loss in epoch 108 iteration 4: 0.0866907387971878
loss in epoch 108 iteration 5: 0.07904480397701263
loss in epoch 108 iteration 6: 0.08311926573514938
loss in epoch 109 iteration 0: 0.09298643469810486
loss in epoch 109 iteration 1: 0.09112638235092163
loss in epoch 109 iteration 2: 0.09157076478004456
loss in epoch 109 iteration 3: 0.08902569115161896
loss in epoch 109 iteration 4: 0.10621239244937897
loss in epoch 109 iteration 5: 0.08581537008285522
loss in epoch 109 iteration 6: 0.07846806943416595
loss in epoch 110 iteration 0: 0.07327860593795776
loss in epoch 110 iteration 1: 0.09738169610500336
loss in epoch 110 iteration 2: 0.08214618265628815
loss in epoch 110 iteration 3: 0.07960551232099533
loss in epoch 110 iteration 4: 0.08521746844053268
loss in epoch 110 iteration 5: 0.08447441458702087
loss in epoch 110 iteration 6: 0.07827448099851608
loss in epoch 111 iteration 0: 0.08955159783363342
loss in epoch 111 iteration 1: 0.08123086392879486
loss in epoch 111 iteration 2: 0.09980860352516174
loss in epoch 111 iteration 3: 0.08989910036325455
loss in epoch 111 iteration 4: 0.08936117589473724
loss in epoch 111 iteration 5: 0.07991819083690643
loss in epoch 111 iteration 6: 0.08208257704973221
loss in epoch 112 iteration 0: 0.07814036309719086
loss in epoch 112 iteration 1: 0.08386658132076263
loss in epoch 112 iteration 2: 0.0856185108423233
loss in epoch 112 iteration 3: 0.09021128714084625
loss in epoch 112 iteration 4: 0.07375127077102661
loss in epoch 112 iteration 5: 0.0887225866317749
loss in epoch 112 iteration 6: 0.08735158294439316
loss in epoch 113 iteration 0: 0.07790689170360565
loss in epoch 113 iteration 1: 0.07461269944906235
loss in epoch 113 iteration 2: 0.08489042520523071
loss in epoch 113 iteration 3: 0.085694819688797
loss in epoch 113 iteration 4: 0.08406052738428116
loss in epoch 113 iteration 5: 0.07472914457321167
loss in epoch 113 iteration 6: 0.08114048838615417
loss in epoch 114 iteration 0: 0.09186489880084991
loss in epoch 114 iteration 1: 0.0772925540804863
loss in epoch 114 iteration 2: 0.0776534378528595
loss in epoch 114 iteration 3: 0.07981312274932861
loss in epoch 114 iteration 4: 0.08585682511329651
loss in epoch 114 iteration 5: 0.08028185367584229
loss in epoch 114 iteration 6: 0.08464065194129944
loss in epoch 115 iteration 0: 0.10168096423149109
loss in epoch 115 iteration 1: 0.0869503915309906
loss in epoch 115 iteration 2: 0.0817527174949646
loss in epoch 115 iteration 3: 0.08738524466753006
loss in epoch 115 iteration 4: 0.09154427796602249
loss in epoch 115 iteration 5: 0.07753153145313263
loss in epoch 115 iteration 6: 0.08794328570365906
loss in epoch 116 iteration 0: 0.08379659056663513
loss in epoch 116 iteration 1: 0.09384332597255707
loss in epoch 116 iteration 2: 0.09369286149740219
loss in epoch 116 iteration 3: 0.08578146249055862
loss in epoch 116 iteration 4: 0.08422695100307465
loss in epoch 116 iteration 5: 0.07638010382652283
loss in epoch 116 iteration 6: 0.07855118066072464
loss in epoch 117 iteration 0: 0.07847394049167633
loss in epoch 117 iteration 1: 0.07976450771093369
loss in epoch 117 iteration 2: 0.07042104750871658
loss in epoch 117 iteration 3: 0.08090271800756454
loss in epoch 117 iteration 4: 0.08339108526706696
loss in epoch 117 iteration 5: 0.08308011293411255
loss in epoch 117 iteration 6: 0.08903016895055771
loss in epoch 118 iteration 0: 0.07048970460891724
loss in epoch 118 iteration 1: 0.08300933241844177
loss in epoch 118 iteration 2: 0.08050547540187836
loss in epoch 118 iteration 3: 0.08249740302562714
loss in epoch 118 iteration 4: 0.08627492189407349
loss in epoch 118 iteration 5: 0.07335830479860306
loss in epoch 118 iteration 6: 0.06997843086719513
loss in epoch 119 iteration 0: 0.07450532168149948
loss in epoch 119 iteration 1: 0.0724664032459259
loss in epoch 119 iteration 2: 0.07105955481529236
loss in epoch 119 iteration 3: 0.07128924131393433
loss in epoch 119 iteration 4: 0.09227166324853897
loss in epoch 119 iteration 5: 0.08668313920497894
loss in epoch 119 iteration 6: 0.07199227809906006
loss in epoch 120 iteration 0: 0.09396383166313171
loss in epoch 120 iteration 1: 0.08243187516927719
loss in epoch 120 iteration 2: 0.06703599542379379
loss in epoch 120 iteration 3: 0.07244385033845901
loss in epoch 120 iteration 4: 0.07615535706281662
loss in epoch 120 iteration 5: 0.0717492327094078
loss in epoch 120 iteration 6: 0.07219114154577255
Evaluating................................
Epoch: 120, Time: 21.56s
Valid: N@5:0.0579 H@5:0.0860 | N@10:0.0701 H@10:0.1245 | N@20:0.0863 H@20:0.1888
Test:  N@5:0.0425 H@5:0.0607 | N@10:0.0548 H@10:0.0986 | N@20:0.0649 H@20:0.1383
loss in epoch 121 iteration 0: 0.08073264360427856
loss in epoch 121 iteration 1: 0.0878056064248085
loss in epoch 121 iteration 2: 0.07542913407087326
loss in epoch 121 iteration 3: 0.07683585584163666
loss in epoch 121 iteration 4: 0.07722309976816177
loss in epoch 121 iteration 5: 0.06803390383720398
loss in epoch 121 iteration 6: 0.0760299488902092
loss in epoch 122 iteration 0: 0.06776018440723419
loss in epoch 122 iteration 1: 0.06624110043048859
loss in epoch 122 iteration 2: 0.072658970952034
loss in epoch 122 iteration 3: 0.0731530487537384
loss in epoch 122 iteration 4: 0.07193919271230698
loss in epoch 122 iteration 5: 0.07510136812925339
loss in epoch 122 iteration 6: 0.07226154208183289
loss in epoch 123 iteration 0: 0.07405785471200943
loss in epoch 123 iteration 1: 0.07624730467796326
loss in epoch 123 iteration 2: 0.07424543797969818
loss in epoch 123 iteration 3: 0.0670085996389389
loss in epoch 123 iteration 4: 0.0723823606967926
loss in epoch 123 iteration 5: 0.07560423016548157
loss in epoch 123 iteration 6: 0.07465512305498123
loss in epoch 124 iteration 0: 0.07571015506982803
loss in epoch 124 iteration 1: 0.07881957292556763
loss in epoch 124 iteration 2: 0.07192186266183853
loss in epoch 124 iteration 3: 0.06829313933849335
loss in epoch 124 iteration 4: 0.06691233068704605
loss in epoch 124 iteration 5: 0.07649998366832733
loss in epoch 124 iteration 6: 0.0649670958518982
loss in epoch 125 iteration 0: 0.08261530846357346
loss in epoch 125 iteration 1: 0.07018093764781952
loss in epoch 125 iteration 2: 0.06648115813732147
loss in epoch 125 iteration 3: 0.05647160857915878
loss in epoch 125 iteration 4: 0.07957646250724792
loss in epoch 125 iteration 5: 0.06807300448417664
loss in epoch 125 iteration 6: 0.0580877885222435
loss in epoch 126 iteration 0: 0.0668598860502243
loss in epoch 126 iteration 1: 0.06537912786006927
loss in epoch 126 iteration 2: 0.0818125382065773
loss in epoch 126 iteration 3: 0.07626833021640778
loss in epoch 126 iteration 4: 0.06667524576187134
loss in epoch 126 iteration 5: 0.07029154896736145
loss in epoch 126 iteration 6: 0.06675584614276886
loss in epoch 127 iteration 0: 0.07785538583993912
loss in epoch 127 iteration 1: 0.07776705920696259
loss in epoch 127 iteration 2: 0.06973244994878769
loss in epoch 127 iteration 3: 0.069101981818676
loss in epoch 127 iteration 4: 0.07492893189191818
loss in epoch 127 iteration 5: 0.06376060843467712
loss in epoch 127 iteration 6: 0.05820300430059433
loss in epoch 128 iteration 0: 0.06974776089191437
loss in epoch 128 iteration 1: 0.06420637667179108
loss in epoch 128 iteration 2: 0.06991542130708694
loss in epoch 128 iteration 3: 0.07091720402240753
loss in epoch 128 iteration 4: 0.06939677149057388
loss in epoch 128 iteration 5: 0.06204361096024513
loss in epoch 128 iteration 6: 0.0856676921248436
loss in epoch 129 iteration 0: 0.08482284843921661
loss in epoch 129 iteration 1: 0.0603492334485054
loss in epoch 129 iteration 2: 0.06085075065493584
loss in epoch 129 iteration 3: 0.06363184005022049
loss in epoch 129 iteration 4: 0.05655224621295929
loss in epoch 129 iteration 5: 0.068077951669693
loss in epoch 129 iteration 6: 0.06379889696836472
loss in epoch 130 iteration 0: 0.08064449578523636
loss in epoch 130 iteration 1: 0.07038979977369308
loss in epoch 130 iteration 2: 0.06143123656511307
loss in epoch 130 iteration 3: 0.062279749661684036
loss in epoch 130 iteration 4: 0.07433895766735077
loss in epoch 130 iteration 5: 0.06226902827620506
loss in epoch 130 iteration 6: 0.05418939143419266
loss in epoch 131 iteration 0: 0.06295984983444214
loss in epoch 131 iteration 1: 0.05810432881116867
loss in epoch 131 iteration 2: 0.07220228016376495
loss in epoch 131 iteration 3: 0.061956990510225296
loss in epoch 131 iteration 4: 0.0653553456068039
loss in epoch 131 iteration 5: 0.06986619532108307
loss in epoch 131 iteration 6: 0.07096005976200104
loss in epoch 132 iteration 0: 0.0703316479921341
loss in epoch 132 iteration 1: 0.054759662598371506
loss in epoch 132 iteration 2: 0.06640693545341492
loss in epoch 132 iteration 3: 0.06536194682121277
loss in epoch 132 iteration 4: 0.0630062073469162
loss in epoch 132 iteration 5: 0.06660228222608566
loss in epoch 132 iteration 6: 0.0685964897274971
loss in epoch 133 iteration 0: 0.07048559933900833
loss in epoch 133 iteration 1: 0.06715451180934906
loss in epoch 133 iteration 2: 0.06380940228700638
loss in epoch 133 iteration 3: 0.06391880661249161
loss in epoch 133 iteration 4: 0.0745132565498352
loss in epoch 133 iteration 5: 0.06737742573022842
loss in epoch 133 iteration 6: 0.07225807011127472
loss in epoch 134 iteration 0: 0.053286876529455185
loss in epoch 134 iteration 1: 0.05746080353856087
loss in epoch 134 iteration 2: 0.06597092747688293
loss in epoch 134 iteration 3: 0.05772542953491211
loss in epoch 134 iteration 4: 0.0670270025730133
loss in epoch 134 iteration 5: 0.06335313618183136
loss in epoch 134 iteration 6: 0.0705811008810997
loss in epoch 135 iteration 0: 0.0662122368812561
loss in epoch 135 iteration 1: 0.0647365152835846
loss in epoch 135 iteration 2: 0.06727468222379684
loss in epoch 135 iteration 3: 0.06289932131767273
loss in epoch 135 iteration 4: 0.07237230241298676
loss in epoch 135 iteration 5: 0.0656922459602356
loss in epoch 135 iteration 6: 0.05759551748633385
loss in epoch 136 iteration 0: 0.06569044291973114
loss in epoch 136 iteration 1: 0.05528389662504196
loss in epoch 136 iteration 2: 0.06131090223789215
loss in epoch 136 iteration 3: 0.0580667182803154
loss in epoch 136 iteration 4: 0.07156500965356827
loss in epoch 136 iteration 5: 0.06757842004299164
loss in epoch 136 iteration 6: 0.05564737319946289
loss in epoch 137 iteration 0: 0.0633452907204628
loss in epoch 137 iteration 1: 0.05925994738936424
loss in epoch 137 iteration 2: 0.07047058641910553
loss in epoch 137 iteration 3: 0.05799698457121849
loss in epoch 137 iteration 4: 0.06841865181922913
loss in epoch 137 iteration 5: 0.06821545213460922
loss in epoch 137 iteration 6: 0.04911100119352341
loss in epoch 138 iteration 0: 0.06400696188211441
loss in epoch 138 iteration 1: 0.0642276257276535
loss in epoch 138 iteration 2: 0.07984358072280884
loss in epoch 138 iteration 3: 0.05982547253370285
loss in epoch 138 iteration 4: 0.07052143663167953
loss in epoch 138 iteration 5: 0.05335882306098938
loss in epoch 138 iteration 6: 0.05389988422393799
loss in epoch 139 iteration 0: 0.06923938542604446
loss in epoch 139 iteration 1: 0.05184386670589447
loss in epoch 139 iteration 2: 0.05373129993677139
loss in epoch 139 iteration 3: 0.05288749933242798
loss in epoch 139 iteration 4: 0.0685696005821228
loss in epoch 139 iteration 5: 0.05749320238828659
loss in epoch 139 iteration 6: 0.06404657661914825
loss in epoch 140 iteration 0: 0.06216028705239296
loss in epoch 140 iteration 1: 0.05448821932077408
loss in epoch 140 iteration 2: 0.0643623098731041
loss in epoch 140 iteration 3: 0.063352569937706
loss in epoch 140 iteration 4: 0.05770902708172798
loss in epoch 140 iteration 5: 0.05841251462697983
loss in epoch 140 iteration 6: 0.06399279087781906
Evaluating................................
Epoch: 140, Time: 25.01s
Valid: N@5:0.0583 H@5:0.0830 | N@10:0.0712 H@10:0.1227 | N@20:0.0861 H@20:0.1822
Test:  N@5:0.0406 H@5:0.0613 | N@10:0.0522 H@10:0.0974 | N@20:0.0629 H@20:0.1401
loss in epoch 141 iteration 0: 0.06367727369070053
loss in epoch 141 iteration 1: 0.05564672499895096
loss in epoch 141 iteration 2: 0.05642616003751755
loss in epoch 141 iteration 3: 0.053576644510030746
loss in epoch 141 iteration 4: 0.06799649447202682
loss in epoch 141 iteration 5: 0.06851091980934143
loss in epoch 141 iteration 6: 0.05541624128818512
loss in epoch 142 iteration 0: 0.06060182303190231
loss in epoch 142 iteration 1: 0.0746743381023407
loss in epoch 142 iteration 2: 0.05315820127725601
loss in epoch 142 iteration 3: 0.05685584247112274
loss in epoch 142 iteration 4: 0.04939836636185646
loss in epoch 142 iteration 5: 0.05891744792461395
loss in epoch 142 iteration 6: 0.056333303451538086
loss in epoch 143 iteration 0: 0.05907374620437622
loss in epoch 143 iteration 1: 0.05394537001848221
loss in epoch 143 iteration 2: 0.06678508222103119
loss in epoch 143 iteration 3: 0.052363332360982895
loss in epoch 143 iteration 4: 0.045523785054683685
loss in epoch 143 iteration 5: 0.056992288678884506
loss in epoch 143 iteration 6: 0.05335922911763191
loss in epoch 144 iteration 0: 0.05433458834886551
loss in epoch 144 iteration 1: 0.056680209934711456
loss in epoch 144 iteration 2: 0.06360750645399094
loss in epoch 144 iteration 3: 0.057302460074424744
loss in epoch 144 iteration 4: 0.058260899037122726
loss in epoch 144 iteration 5: 0.05822119489312172
loss in epoch 144 iteration 6: 0.05466200411319733
loss in epoch 145 iteration 0: 0.04842756688594818
loss in epoch 145 iteration 1: 0.05453406646847725
loss in epoch 145 iteration 2: 0.05866432934999466
loss in epoch 145 iteration 3: 0.052489981055259705
loss in epoch 145 iteration 4: 0.0705733448266983
loss in epoch 145 iteration 5: 0.0688963234424591
loss in epoch 145 iteration 6: 0.06201666593551636
loss in epoch 146 iteration 0: 0.06703903526067734
loss in epoch 146 iteration 1: 0.04947333410382271
loss in epoch 146 iteration 2: 0.06393652409315109
loss in epoch 146 iteration 3: 0.05091056227684021
loss in epoch 146 iteration 4: 0.05972963571548462
loss in epoch 146 iteration 5: 0.044005848467350006
loss in epoch 146 iteration 6: 0.0651109516620636
loss in epoch 147 iteration 0: 0.04431619495153427
loss in epoch 147 iteration 1: 0.052965421229600906
loss in epoch 147 iteration 2: 0.053175847977399826
loss in epoch 147 iteration 3: 0.05389583855867386
loss in epoch 147 iteration 4: 0.06031855568289757
loss in epoch 147 iteration 5: 0.047389283776283264
loss in epoch 147 iteration 6: 0.05272631719708443
loss in epoch 148 iteration 0: 0.04054553061723709
loss in epoch 148 iteration 1: 0.044378045946359634
loss in epoch 148 iteration 2: 0.05037572979927063
loss in epoch 148 iteration 3: 0.05879708006978035
loss in epoch 148 iteration 4: 0.0557514987885952
loss in epoch 148 iteration 5: 0.051199041306972504
loss in epoch 148 iteration 6: 0.052463553845882416
loss in epoch 149 iteration 0: 0.047395482659339905
loss in epoch 149 iteration 1: 0.050713665783405304
loss in epoch 149 iteration 2: 0.0484747439622879
loss in epoch 149 iteration 3: 0.047429509460926056
loss in epoch 149 iteration 4: 0.06100774183869362
loss in epoch 149 iteration 5: 0.05263614282011986
loss in epoch 149 iteration 6: 0.04923507571220398
loss in epoch 150 iteration 0: 0.05488140508532524
loss in epoch 150 iteration 1: 0.05542229861021042
loss in epoch 150 iteration 2: 0.0527653805911541
loss in epoch 150 iteration 3: 0.04727056249976158
loss in epoch 150 iteration 4: 0.05967539921402931
loss in epoch 150 iteration 5: 0.05138701573014259
loss in epoch 150 iteration 6: 0.05121174454689026
loss in epoch 151 iteration 0: 0.053487569093704224
loss in epoch 151 iteration 1: 0.05312991514801979
loss in epoch 151 iteration 2: 0.04824741557240486
loss in epoch 151 iteration 3: 0.048234086483716965
loss in epoch 151 iteration 4: 0.04750112444162369
loss in epoch 151 iteration 5: 0.04150943085551262
loss in epoch 151 iteration 6: 0.054968103766441345
loss in epoch 152 iteration 0: 0.04961999133229256
loss in epoch 152 iteration 1: 0.062451645731925964
loss in epoch 152 iteration 2: 0.044062212109565735
loss in epoch 152 iteration 3: 0.05064128339290619
loss in epoch 152 iteration 4: 0.041734643280506134
loss in epoch 152 iteration 5: 0.04530748724937439
loss in epoch 152 iteration 6: 0.04527764022350311
loss in epoch 153 iteration 0: 0.05393601208925247
loss in epoch 153 iteration 1: 0.04708198457956314
loss in epoch 153 iteration 2: 0.04927720129489899
loss in epoch 153 iteration 3: 0.05315373092889786
loss in epoch 153 iteration 4: 0.04009149968624115
loss in epoch 153 iteration 5: 0.04556461051106453
loss in epoch 153 iteration 6: 0.05187759920954704
loss in epoch 154 iteration 0: 0.05551107972860336
loss in epoch 154 iteration 1: 0.051796071231365204
loss in epoch 154 iteration 2: 0.05846382677555084
loss in epoch 154 iteration 3: 0.04833347350358963
loss in epoch 154 iteration 4: 0.05676057189702988
loss in epoch 154 iteration 5: 0.04834055155515671
loss in epoch 154 iteration 6: 0.04569549858570099
loss in epoch 155 iteration 0: 0.04810814559459686
loss in epoch 155 iteration 1: 0.06293247640132904
loss in epoch 155 iteration 2: 0.05329742282629013
loss in epoch 155 iteration 3: 0.05341999977827072
loss in epoch 155 iteration 4: 0.039385393261909485
loss in epoch 155 iteration 5: 0.059211041778326035
loss in epoch 155 iteration 6: 0.045393362641334534
loss in epoch 156 iteration 0: 0.048701342195272446
loss in epoch 156 iteration 1: 0.05371396243572235
loss in epoch 156 iteration 2: 0.06131264194846153
loss in epoch 156 iteration 3: 0.04972612112760544
loss in epoch 156 iteration 4: 0.03590227663516998
loss in epoch 156 iteration 5: 0.0483880415558815
loss in epoch 156 iteration 6: 0.04725790396332741
loss in epoch 157 iteration 0: 0.04838818311691284
loss in epoch 157 iteration 1: 0.05044692009687424
loss in epoch 157 iteration 2: 0.04950837790966034
loss in epoch 157 iteration 3: 0.04021094739437103
loss in epoch 157 iteration 4: 0.04355069622397423
loss in epoch 157 iteration 5: 0.06094079464673996
loss in epoch 157 iteration 6: 0.05735621228814125
loss in epoch 158 iteration 0: 0.0579657144844532
loss in epoch 158 iteration 1: 0.054016344249248505
loss in epoch 158 iteration 2: 0.048695340752601624
loss in epoch 158 iteration 3: 0.04815039038658142
loss in epoch 158 iteration 4: 0.038049422204494476
loss in epoch 158 iteration 5: 0.0391802117228508
loss in epoch 158 iteration 6: 0.052935849875211716
loss in epoch 159 iteration 0: 0.04585456848144531
loss in epoch 159 iteration 1: 0.043611496686935425
loss in epoch 159 iteration 2: 0.05201283469796181
loss in epoch 159 iteration 3: 0.03593331202864647
loss in epoch 159 iteration 4: 0.03941348195075989
loss in epoch 159 iteration 5: 0.04898810386657715
loss in epoch 159 iteration 6: 0.040130142122507095
loss in epoch 160 iteration 0: 0.04277705401182175
loss in epoch 160 iteration 1: 0.044785771518945694
loss in epoch 160 iteration 2: 0.04727540910243988
loss in epoch 160 iteration 3: 0.045768771320581436
loss in epoch 160 iteration 4: 0.052434295415878296
loss in epoch 160 iteration 5: 0.04858378693461418
loss in epoch 160 iteration 6: 0.04284634068608284
Evaluating................................
Epoch: 160, Time: 28.47s
Valid: N@5:0.0551 H@5:0.0812 | N@10:0.0690 H@10:0.1245 | N@20:0.0846 H@20:0.1864
Test:  N@5:0.0431 H@5:0.0607 | N@10:0.0557 H@10:0.1004 | N@20:0.0674 H@20:0.1473
loss in epoch 161 iteration 0: 0.050094813108444214
loss in epoch 161 iteration 1: 0.04370143637061119
loss in epoch 161 iteration 2: 0.053317226469516754
loss in epoch 161 iteration 3: 0.06228046119213104
loss in epoch 161 iteration 4: 0.06305889785289764
loss in epoch 161 iteration 5: 0.052095573395490646
loss in epoch 161 iteration 6: 0.04744577780365944
loss in epoch 162 iteration 0: 0.040269263088703156
loss in epoch 162 iteration 1: 0.03557649627327919
loss in epoch 162 iteration 2: 0.048250120133161545
loss in epoch 162 iteration 3: 0.05484486371278763
loss in epoch 162 iteration 4: 0.04150418937206268
loss in epoch 162 iteration 5: 0.040924154222011566
loss in epoch 162 iteration 6: 0.04548779875040054
loss in epoch 163 iteration 0: 0.04909570515155792
loss in epoch 163 iteration 1: 0.0460372269153595
loss in epoch 163 iteration 2: 0.038141533732414246
loss in epoch 163 iteration 3: 0.04088336229324341
loss in epoch 163 iteration 4: 0.04094357043504715
loss in epoch 163 iteration 5: 0.05090998113155365
loss in epoch 163 iteration 6: 0.04549461603164673
loss in epoch 164 iteration 0: 0.039483871310949326
loss in epoch 164 iteration 1: 0.06270652264356613
loss in epoch 164 iteration 2: 0.04967878758907318
loss in epoch 164 iteration 3: 0.06023542582988739
loss in epoch 164 iteration 4: 0.04424973949790001
loss in epoch 164 iteration 5: 0.047422103583812714
loss in epoch 164 iteration 6: 0.04438234865665436
loss in epoch 165 iteration 0: 0.04681268706917763
loss in epoch 165 iteration 1: 0.039310649037361145
loss in epoch 165 iteration 2: 0.04536900669336319
loss in epoch 165 iteration 3: 0.0462837852537632
loss in epoch 165 iteration 4: 0.062737837433815
loss in epoch 165 iteration 5: 0.04584924131631851
loss in epoch 165 iteration 6: 0.04706220328807831
loss in epoch 166 iteration 0: 0.04806376248598099
loss in epoch 166 iteration 1: 0.04536745697259903
loss in epoch 166 iteration 2: 0.04661380499601364
loss in epoch 166 iteration 3: 0.03936588764190674
loss in epoch 166 iteration 4: 0.044049568474292755
loss in epoch 166 iteration 5: 0.054045602679252625
loss in epoch 166 iteration 6: 0.04346996918320656
loss in epoch 167 iteration 0: 0.04773461073637009
loss in epoch 167 iteration 1: 0.04049054905772209
loss in epoch 167 iteration 2: 0.03842620551586151
loss in epoch 167 iteration 3: 0.05504623055458069
loss in epoch 167 iteration 4: 0.038400210440158844
loss in epoch 167 iteration 5: 0.03215135261416435
loss in epoch 167 iteration 6: 0.04162013530731201
loss in epoch 168 iteration 0: 0.04670018330216408
loss in epoch 168 iteration 1: 0.0531148687005043
loss in epoch 168 iteration 2: 0.039573997259140015
loss in epoch 168 iteration 3: 0.04272358864545822
loss in epoch 168 iteration 4: 0.04750245809555054
loss in epoch 168 iteration 5: 0.0469994954764843
loss in epoch 168 iteration 6: 0.03784995526075363
loss in epoch 169 iteration 0: 0.04487890005111694
loss in epoch 169 iteration 1: 0.04769445210695267
loss in epoch 169 iteration 2: 0.04704457148909569
loss in epoch 169 iteration 3: 0.046291790902614594
loss in epoch 169 iteration 4: 0.03991878405213356
loss in epoch 169 iteration 5: 0.03783397376537323
loss in epoch 169 iteration 6: 0.03868597373366356
loss in epoch 170 iteration 0: 0.052955757826566696
loss in epoch 170 iteration 1: 0.03289451822638512
loss in epoch 170 iteration 2: 0.04689014330506325
loss in epoch 170 iteration 3: 0.0492977499961853
loss in epoch 170 iteration 4: 0.04566747695207596
loss in epoch 170 iteration 5: 0.04251619055867195
loss in epoch 170 iteration 6: 0.04983455315232277
loss in epoch 171 iteration 0: 0.04498862102627754
loss in epoch 171 iteration 1: 0.032352156937122345
loss in epoch 171 iteration 2: 0.04556988552212715
loss in epoch 171 iteration 3: 0.05083036795258522
loss in epoch 171 iteration 4: 0.04437372088432312
loss in epoch 171 iteration 5: 0.05387672036886215
loss in epoch 171 iteration 6: 0.03683201223611832
loss in epoch 172 iteration 0: 0.06100676953792572
loss in epoch 172 iteration 1: 0.04794634133577347
loss in epoch 172 iteration 2: 0.042783912271261215
loss in epoch 172 iteration 3: 0.04176042228937149
loss in epoch 172 iteration 4: 0.056184809654951096
loss in epoch 172 iteration 5: 0.05649600178003311
loss in epoch 172 iteration 6: 0.04328569397330284
loss in epoch 173 iteration 0: 0.04273449629545212
loss in epoch 173 iteration 1: 0.03537267446517944
loss in epoch 173 iteration 2: 0.04185408353805542
loss in epoch 173 iteration 3: 0.03992709144949913
loss in epoch 173 iteration 4: 0.03535452112555504
loss in epoch 173 iteration 5: 0.041521139442920685
loss in epoch 173 iteration 6: 0.05512644350528717
loss in epoch 174 iteration 0: 0.040783658623695374
loss in epoch 174 iteration 1: 0.04775834456086159
loss in epoch 174 iteration 2: 0.04596899077296257
loss in epoch 174 iteration 3: 0.04054396599531174
loss in epoch 174 iteration 4: 0.039236076176166534
loss in epoch 174 iteration 5: 0.03474701941013336
loss in epoch 174 iteration 6: 0.04271455481648445
loss in epoch 175 iteration 0: 0.04009884223341942
loss in epoch 175 iteration 1: 0.04775841534137726
loss in epoch 175 iteration 2: 0.04455471783876419
loss in epoch 175 iteration 3: 0.04146735370159149
loss in epoch 175 iteration 4: 0.03375396877527237
loss in epoch 175 iteration 5: 0.047595828771591187
loss in epoch 175 iteration 6: 0.0438053235411644
loss in epoch 176 iteration 0: 0.036437027156353
loss in epoch 176 iteration 1: 0.04282686859369278
loss in epoch 176 iteration 2: 0.037680402398109436
loss in epoch 176 iteration 3: 0.03976327180862427
loss in epoch 176 iteration 4: 0.05257784575223923
loss in epoch 176 iteration 5: 0.05023196339607239
loss in epoch 176 iteration 6: 0.02838021330535412
loss in epoch 177 iteration 0: 0.041195351630449295
loss in epoch 177 iteration 1: 0.03425785154104233
loss in epoch 177 iteration 2: 0.04440988600254059
loss in epoch 177 iteration 3: 0.050128936767578125
loss in epoch 177 iteration 4: 0.048355795443058014
loss in epoch 177 iteration 5: 0.03353080153465271
loss in epoch 177 iteration 6: 0.029560012742877007
loss in epoch 178 iteration 0: 0.04201267659664154
loss in epoch 178 iteration 1: 0.054845526814460754
loss in epoch 178 iteration 2: 0.03566593676805496
loss in epoch 178 iteration 3: 0.038260627537965775
loss in epoch 178 iteration 4: 0.03873343765735626
loss in epoch 178 iteration 5: 0.04171472042798996
loss in epoch 178 iteration 6: 0.030778931453824043
loss in epoch 179 iteration 0: 0.041566506028175354
loss in epoch 179 iteration 1: 0.035027019679546356
loss in epoch 179 iteration 2: 0.04119081795215607
loss in epoch 179 iteration 3: 0.034234654158353806
loss in epoch 179 iteration 4: 0.03788839653134346
loss in epoch 179 iteration 5: 0.041170619428157806
loss in epoch 179 iteration 6: 0.03851444646716118
loss in epoch 180 iteration 0: 0.03222886472940445
loss in epoch 180 iteration 1: 0.05247020721435547
loss in epoch 180 iteration 2: 0.04457929730415344
loss in epoch 180 iteration 3: 0.04301251471042633
loss in epoch 180 iteration 4: 0.03635825961828232
loss in epoch 180 iteration 5: 0.03505168482661247
loss in epoch 180 iteration 6: 0.042414918541908264
Evaluating................................
Epoch: 180, Time: 31.66s
Valid: N@5:0.0536 H@5:0.0764 | N@10:0.0679 H@10:0.1209 | N@20:0.0841 H@20:0.1858
Test:  N@5:0.0449 H@5:0.0637 | N@10:0.0552 H@10:0.0956 | N@20:0.0645 H@20:0.1323
loss in epoch 181 iteration 0: 0.04670272395014763
loss in epoch 181 iteration 1: 0.04185600206255913
loss in epoch 181 iteration 2: 0.0551600456237793
loss in epoch 181 iteration 3: 0.0403146930038929
loss in epoch 181 iteration 4: 0.04793371632695198
loss in epoch 181 iteration 5: 0.03970520943403244
loss in epoch 181 iteration 6: 0.03974533453583717
loss in epoch 182 iteration 0: 0.04065987840294838
loss in epoch 182 iteration 1: 0.03689248859882355
loss in epoch 182 iteration 2: 0.03418417647480965
loss in epoch 182 iteration 3: 0.0404299758374691
loss in epoch 182 iteration 4: 0.031568773090839386
loss in epoch 182 iteration 5: 0.036731868982315063
loss in epoch 182 iteration 6: 0.0476723313331604
loss in epoch 183 iteration 0: 0.05543932318687439
loss in epoch 183 iteration 1: 0.036634091287851334
loss in epoch 183 iteration 2: 0.03453585505485535
loss in epoch 183 iteration 3: 0.044749535620212555
loss in epoch 183 iteration 4: 0.03578788787126541
loss in epoch 183 iteration 5: 0.028542932122945786
loss in epoch 183 iteration 6: 0.0482524111866951
loss in epoch 184 iteration 0: 0.039084091782569885
loss in epoch 184 iteration 1: 0.04400414973497391
loss in epoch 184 iteration 2: 0.03882749378681183
loss in epoch 184 iteration 3: 0.05555087327957153
loss in epoch 184 iteration 4: 0.03757931664586067
loss in epoch 184 iteration 5: 0.046632446348667145
loss in epoch 184 iteration 6: 0.046479031443595886
loss in epoch 185 iteration 0: 0.042283833026885986
loss in epoch 185 iteration 1: 0.04041702300310135
loss in epoch 185 iteration 2: 0.036931946873664856
loss in epoch 185 iteration 3: 0.035085856914520264
loss in epoch 185 iteration 4: 0.05065387114882469
loss in epoch 185 iteration 5: 0.04008170962333679
loss in epoch 185 iteration 6: 0.03539251536130905
loss in epoch 186 iteration 0: 0.03087211772799492
loss in epoch 186 iteration 1: 0.05864348262548447
loss in epoch 186 iteration 2: 0.03926308825612068
loss in epoch 186 iteration 3: 0.04149511456489563
loss in epoch 186 iteration 4: 0.037538811564445496
loss in epoch 186 iteration 5: 0.036074452102184296
loss in epoch 186 iteration 6: 0.05098618566989899
loss in epoch 187 iteration 0: 0.05344560369849205
loss in epoch 187 iteration 1: 0.0453457310795784
loss in epoch 187 iteration 2: 0.03400157392024994
loss in epoch 187 iteration 3: 0.04177923873066902
loss in epoch 187 iteration 4: 0.03805346414446831
loss in epoch 187 iteration 5: 0.04066254943609238
loss in epoch 187 iteration 6: 0.044093057513237
loss in epoch 188 iteration 0: 0.038980551064014435
loss in epoch 188 iteration 1: 0.04940418899059296
loss in epoch 188 iteration 2: 0.03696876019239426
loss in epoch 188 iteration 3: 0.04297749698162079
loss in epoch 188 iteration 4: 0.04797288775444031
loss in epoch 188 iteration 5: 0.027353523299098015
loss in epoch 188 iteration 6: 0.038732826709747314
loss in epoch 189 iteration 0: 0.03885041922330856
loss in epoch 189 iteration 1: 0.04454835504293442
loss in epoch 189 iteration 2: 0.03525921329855919
loss in epoch 189 iteration 3: 0.03881024196743965
loss in epoch 189 iteration 4: 0.04027039557695389
loss in epoch 189 iteration 5: 0.034674063324928284
loss in epoch 189 iteration 6: 0.04174046218395233
loss in epoch 190 iteration 0: 0.03929150104522705
loss in epoch 190 iteration 1: 0.040887586772441864
loss in epoch 190 iteration 2: 0.04032992199063301
loss in epoch 190 iteration 3: 0.0398179367184639
loss in epoch 190 iteration 4: 0.038341816514730453
loss in epoch 190 iteration 5: 0.03451184183359146
loss in epoch 190 iteration 6: 0.04846413433551788
loss in epoch 191 iteration 0: 0.04586692899465561
loss in epoch 191 iteration 1: 0.038191333413124084
loss in epoch 191 iteration 2: 0.025332052260637283
loss in epoch 191 iteration 3: 0.033812761306762695
loss in epoch 191 iteration 4: 0.034215278923511505
loss in epoch 191 iteration 5: 0.032585106790065765
loss in epoch 191 iteration 6: 0.03241870179772377
loss in epoch 192 iteration 0: 0.04723326116800308
loss in epoch 192 iteration 1: 0.0392487496137619
loss in epoch 192 iteration 2: 0.03597802296280861
loss in epoch 192 iteration 3: 0.040608618408441544
loss in epoch 192 iteration 4: 0.026083877310156822
loss in epoch 192 iteration 5: 0.04816647619009018
loss in epoch 192 iteration 6: 0.034998949617147446
loss in epoch 193 iteration 0: 0.04149039834737778
loss in epoch 193 iteration 1: 0.039731092751026154
loss in epoch 193 iteration 2: 0.04355292767286301
loss in epoch 193 iteration 3: 0.03420855849981308
loss in epoch 193 iteration 4: 0.03567570820450783
loss in epoch 193 iteration 5: 0.0416363961994648
loss in epoch 193 iteration 6: 0.0390356071293354
loss in epoch 194 iteration 0: 0.03910631313920021
loss in epoch 194 iteration 1: 0.039056189358234406
loss in epoch 194 iteration 2: 0.03253725543618202
loss in epoch 194 iteration 3: 0.03478114679455757
loss in epoch 194 iteration 4: 0.03614700585603714
loss in epoch 194 iteration 5: 0.03250669687986374
loss in epoch 194 iteration 6: 0.030200544744729996
loss in epoch 195 iteration 0: 0.028662506490945816
loss in epoch 195 iteration 1: 0.037733301520347595
loss in epoch 195 iteration 2: 0.035269707441329956
loss in epoch 195 iteration 3: 0.03859638050198555
loss in epoch 195 iteration 4: 0.0473763681948185
loss in epoch 195 iteration 5: 0.036863379180431366
loss in epoch 195 iteration 6: 0.03576810285449028
loss in epoch 196 iteration 0: 0.030700543895363808
loss in epoch 196 iteration 1: 0.03084881417453289
loss in epoch 196 iteration 2: 0.03976289927959442
loss in epoch 196 iteration 3: 0.03630005568265915
loss in epoch 196 iteration 4: 0.033032406121492386
loss in epoch 196 iteration 5: 0.042279522866010666
loss in epoch 196 iteration 6: 0.03228989616036415
loss in epoch 197 iteration 0: 0.03914337977766991
loss in epoch 197 iteration 1: 0.03881826996803284
loss in epoch 197 iteration 2: 0.029748812317848206
loss in epoch 197 iteration 3: 0.046644844114780426
loss in epoch 197 iteration 4: 0.03651171177625656
loss in epoch 197 iteration 5: 0.03178554028272629
loss in epoch 197 iteration 6: 0.03145778551697731
loss in epoch 198 iteration 0: 0.03165807947516441
loss in epoch 198 iteration 1: 0.035904645919799805
loss in epoch 198 iteration 2: 0.03824721276760101
loss in epoch 198 iteration 3: 0.03955142945051193
loss in epoch 198 iteration 4: 0.03380375728011131
loss in epoch 198 iteration 5: 0.03524402901530266
loss in epoch 198 iteration 6: 0.03574488312005997
loss in epoch 199 iteration 0: 0.03254387527704239
loss in epoch 199 iteration 1: 0.03579408675432205
loss in epoch 199 iteration 2: 0.0331367626786232
loss in epoch 199 iteration 3: 0.02677089162170887
loss in epoch 199 iteration 4: 0.03813495486974716
loss in epoch 199 iteration 5: 0.030992155894637108
loss in epoch 199 iteration 6: 0.030695945024490356
loss in epoch 200 iteration 0: 0.04224928840994835
loss in epoch 200 iteration 1: 0.03403215855360031
loss in epoch 200 iteration 2: 0.03651681914925575
loss in epoch 200 iteration 3: 0.03323471173644066
loss in epoch 200 iteration 4: 0.028761034831404686
loss in epoch 200 iteration 5: 0.04239921271800995
loss in epoch 200 iteration 6: 0.03199206292629242
Evaluating................................
Epoch: 200, Time: 35.10s
Valid: N@5:0.0528 H@5:0.0746 | N@10:0.0683 H@10:0.1227 | N@20:0.0838 H@20:0.1852
Test:  N@5:0.0424 H@5:0.0637 | N@10:0.0521 H@10:0.0944 | N@20:0.0641 H@20:0.1419
loss in epoch 201 iteration 0: 0.0432492159307003
loss in epoch 201 iteration 1: 0.033510804176330566
loss in epoch 201 iteration 2: 0.042794641107320786
loss in epoch 201 iteration 3: 0.034736793488264084
loss in epoch 201 iteration 4: 0.035520244389772415
loss in epoch 201 iteration 5: 0.0315827839076519
loss in epoch 201 iteration 6: 0.029425635933876038
loss in epoch 202 iteration 0: 0.025617219507694244
loss in epoch 202 iteration 1: 0.036668963730335236
loss in epoch 202 iteration 2: 0.03176796808838844
loss in epoch 202 iteration 3: 0.0423140674829483
loss in epoch 202 iteration 4: 0.045703113079071045
loss in epoch 202 iteration 5: 0.04224158823490143
loss in epoch 202 iteration 6: 0.026859719306230545
loss in epoch 203 iteration 0: 0.05371413379907608
loss in epoch 203 iteration 1: 0.027456283569335938
loss in epoch 203 iteration 2: 0.05303435027599335
loss in epoch 203 iteration 3: 0.027608823031187057
loss in epoch 203 iteration 4: 0.03852219134569168
loss in epoch 203 iteration 5: 0.04099204018712044
loss in epoch 203 iteration 6: 0.0382586270570755
loss in epoch 204 iteration 0: 0.03529394418001175
loss in epoch 204 iteration 1: 0.029810108244419098
loss in epoch 204 iteration 2: 0.03198131546378136
loss in epoch 204 iteration 3: 0.0416281558573246
loss in epoch 204 iteration 4: 0.03129216283559799
loss in epoch 204 iteration 5: 0.03804735094308853
loss in epoch 204 iteration 6: 0.02616698481142521
loss in epoch 205 iteration 0: 0.03395204246044159
loss in epoch 205 iteration 1: 0.0243378859013319
loss in epoch 205 iteration 2: 0.049850642681121826
loss in epoch 205 iteration 3: 0.03212400898337364
loss in epoch 205 iteration 4: 0.036728471517562866
loss in epoch 205 iteration 5: 0.033585578203201294
loss in epoch 205 iteration 6: 0.029272785410284996
loss in epoch 206 iteration 0: 0.03219775855541229
loss in epoch 206 iteration 1: 0.04310387745499611
loss in epoch 206 iteration 2: 0.03544115647673607
loss in epoch 206 iteration 3: 0.04406696557998657
loss in epoch 206 iteration 4: 0.0377105250954628
loss in epoch 206 iteration 5: 0.031803764402866364
loss in epoch 206 iteration 6: 0.04200408235192299
loss in epoch 207 iteration 0: 0.029131965711712837
loss in epoch 207 iteration 1: 0.04074786603450775
loss in epoch 207 iteration 2: 0.038782283663749695
loss in epoch 207 iteration 3: 0.030665162950754166
loss in epoch 207 iteration 4: 0.02797359600663185
loss in epoch 207 iteration 5: 0.04119518771767616
loss in epoch 207 iteration 6: 0.036949872970581055
loss in epoch 208 iteration 0: 0.028604768216609955
loss in epoch 208 iteration 1: 0.022786660119891167
loss in epoch 208 iteration 2: 0.0375538244843483
loss in epoch 208 iteration 3: 0.03343701362609863
loss in epoch 208 iteration 4: 0.04399898275732994
loss in epoch 208 iteration 5: 0.03343867510557175
loss in epoch 208 iteration 6: 0.02424071915447712
loss in epoch 209 iteration 0: 0.033984486013650894
loss in epoch 209 iteration 1: 0.029660232365131378
loss in epoch 209 iteration 2: 0.03671406954526901
loss in epoch 209 iteration 3: 0.045573413372039795
loss in epoch 209 iteration 4: 0.04207295924425125
loss in epoch 209 iteration 5: 0.02928159199655056
loss in epoch 209 iteration 6: 0.03876463696360588
loss in epoch 210 iteration 0: 0.03556060418486595
loss in epoch 210 iteration 1: 0.02526911348104477
loss in epoch 210 iteration 2: 0.03808914124965668
loss in epoch 210 iteration 3: 0.04203129559755325
loss in epoch 210 iteration 4: 0.0358353853225708
loss in epoch 210 iteration 5: 0.03270122408866882
loss in epoch 210 iteration 6: 0.042247265577316284
loss in epoch 211 iteration 0: 0.04039265960454941
loss in epoch 211 iteration 1: 0.03727656230330467
loss in epoch 211 iteration 2: 0.032564081251621246
loss in epoch 211 iteration 3: 0.03901469707489014
loss in epoch 211 iteration 4: 0.047670114785432816
loss in epoch 211 iteration 5: 0.028947841376066208
loss in epoch 211 iteration 6: 0.03464905917644501
loss in epoch 212 iteration 0: 0.030684471130371094
loss in epoch 212 iteration 1: 0.03593863546848297
loss in epoch 212 iteration 2: 0.030697297304868698
loss in epoch 212 iteration 3: 0.03017503395676613
loss in epoch 212 iteration 4: 0.030114348977804184
loss in epoch 212 iteration 5: 0.0370417982339859
loss in epoch 212 iteration 6: 0.041329920291900635
loss in epoch 213 iteration 0: 0.049617405980825424
loss in epoch 213 iteration 1: 0.0447966568171978
loss in epoch 213 iteration 2: 0.02752544730901718
loss in epoch 213 iteration 3: 0.026161694899201393
loss in epoch 213 iteration 4: 0.0285489559173584
loss in epoch 213 iteration 5: 0.04366368427872658
loss in epoch 213 iteration 6: 0.03690299019217491
loss in epoch 214 iteration 0: 0.031704314053058624
loss in epoch 214 iteration 1: 0.034495577216148376
loss in epoch 214 iteration 2: 0.048253707587718964
loss in epoch 214 iteration 3: 0.034371621906757355
loss in epoch 214 iteration 4: 0.03901160508394241
loss in epoch 214 iteration 5: 0.025734610855579376
loss in epoch 214 iteration 6: 0.03680434077978134
loss in epoch 215 iteration 0: 0.02989000827074051
loss in epoch 215 iteration 1: 0.0299835167825222
loss in epoch 215 iteration 2: 0.031334564089775085
loss in epoch 215 iteration 3: 0.04087776690721512
loss in epoch 215 iteration 4: 0.03831861913204193
loss in epoch 215 iteration 5: 0.03090822510421276
loss in epoch 215 iteration 6: 0.03853501379489899
loss in epoch 216 iteration 0: 0.03522604703903198
loss in epoch 216 iteration 1: 0.04244315251708031
loss in epoch 216 iteration 2: 0.038881197571754456
loss in epoch 216 iteration 3: 0.031094776466488838
loss in epoch 216 iteration 4: 0.0332840159535408
loss in epoch 216 iteration 5: 0.028680747374892235
loss in epoch 216 iteration 6: 0.028762947767972946
loss in epoch 217 iteration 0: 0.035358138382434845
loss in epoch 217 iteration 1: 0.042868487536907196
loss in epoch 217 iteration 2: 0.029033711180090904
loss in epoch 217 iteration 3: 0.02674216777086258
loss in epoch 217 iteration 4: 0.03263895958662033
loss in epoch 217 iteration 5: 0.026762060821056366
loss in epoch 217 iteration 6: 0.02177828922867775
loss in epoch 218 iteration 0: 0.035232946276664734
loss in epoch 218 iteration 1: 0.03695482760667801
loss in epoch 218 iteration 2: 0.04059365391731262
loss in epoch 218 iteration 3: 0.035310860723257065
loss in epoch 218 iteration 4: 0.026820871978998184
loss in epoch 218 iteration 5: 0.026178129017353058
loss in epoch 218 iteration 6: 0.035081952810287476
loss in epoch 219 iteration 0: 0.030206363648176193
loss in epoch 219 iteration 1: 0.0345015749335289
loss in epoch 219 iteration 2: 0.0411207377910614
loss in epoch 219 iteration 3: 0.02933349832892418
loss in epoch 219 iteration 4: 0.031075317412614822
loss in epoch 219 iteration 5: 0.02402082271873951
loss in epoch 219 iteration 6: 0.029653873294591904
loss in epoch 220 iteration 0: 0.032223328948020935
loss in epoch 220 iteration 1: 0.047129083424806595
loss in epoch 220 iteration 2: 0.02941276505589485
loss in epoch 220 iteration 3: 0.02851741760969162
loss in epoch 220 iteration 4: 0.026069074869155884
loss in epoch 220 iteration 5: 0.02653476968407631
loss in epoch 220 iteration 6: 0.0381908193230629
Evaluating................................
Epoch: 220, Time: 38.31s
Valid: N@5:0.0552 H@5:0.0794 | N@10:0.0687 H@10:0.1215 | N@20:0.0841 H@20:0.1828
Test:  N@5:0.0424 H@5:0.0631 | N@10:0.0512 H@10:0.0902 | N@20:0.0629 H@20:0.1371
loss in epoch 221 iteration 0: 0.031140755861997604
loss in epoch 221 iteration 1: 0.023454830050468445
loss in epoch 221 iteration 2: 0.02934727817773819
loss in epoch 221 iteration 3: 0.02980649843811989
loss in epoch 221 iteration 4: 0.03474147617816925
loss in epoch 221 iteration 5: 0.027889132499694824
loss in epoch 221 iteration 6: 0.034535326063632965
loss in epoch 222 iteration 0: 0.030554302036762238
loss in epoch 222 iteration 1: 0.027922578155994415
loss in epoch 222 iteration 2: 0.03325659781694412
loss in epoch 222 iteration 3: 0.027401158586144447
loss in epoch 222 iteration 4: 0.03313739597797394
loss in epoch 222 iteration 5: 0.028224367648363113
loss in epoch 222 iteration 6: 0.0372358001768589
loss in epoch 223 iteration 0: 0.03314343839883804
loss in epoch 223 iteration 1: 0.0343070924282074
loss in epoch 223 iteration 2: 0.04373576492071152
loss in epoch 223 iteration 3: 0.03682898357510567
loss in epoch 223 iteration 4: 0.03880443051457405
loss in epoch 223 iteration 5: 0.03182615339756012
loss in epoch 223 iteration 6: 0.03135545924305916
loss in epoch 224 iteration 0: 0.03270357474684715
loss in epoch 224 iteration 1: 0.023990578949451447
loss in epoch 224 iteration 2: 0.03829699754714966
loss in epoch 224 iteration 3: 0.020610585808753967
loss in epoch 224 iteration 4: 0.031679749488830566
loss in epoch 224 iteration 5: 0.029192112386226654
loss in epoch 224 iteration 6: 0.021547390148043633
loss in epoch 225 iteration 0: 0.029142029583454132
loss in epoch 225 iteration 1: 0.028028152883052826
loss in epoch 225 iteration 2: 0.03331022709608078
loss in epoch 225 iteration 3: 0.03577625751495361
loss in epoch 225 iteration 4: 0.02032591961324215
loss in epoch 225 iteration 5: 0.03146003186702728
loss in epoch 225 iteration 6: 0.032268084585666656
loss in epoch 226 iteration 0: 0.02635454386472702
loss in epoch 226 iteration 1: 0.026092875748872757
loss in epoch 226 iteration 2: 0.036773841828107834
loss in epoch 226 iteration 3: 0.03658079728484154
loss in epoch 226 iteration 4: 0.03846026957035065
loss in epoch 226 iteration 5: 0.03859876096248627
loss in epoch 226 iteration 6: 0.031140988692641258
loss in epoch 227 iteration 0: 0.045040860772132874
loss in epoch 227 iteration 1: 0.039004258811473846
loss in epoch 227 iteration 2: 0.03954954445362091
loss in epoch 227 iteration 3: 0.02926785871386528
loss in epoch 227 iteration 4: 0.039965350180864334
loss in epoch 227 iteration 5: 0.029652299359440804
loss in epoch 227 iteration 6: 0.0379054881632328
loss in epoch 228 iteration 0: 0.03287887945771217
loss in epoch 228 iteration 1: 0.0237144585698843
loss in epoch 228 iteration 2: 0.03534023091197014
loss in epoch 228 iteration 3: 0.03265940397977829
loss in epoch 228 iteration 4: 0.0269183162599802
loss in epoch 228 iteration 5: 0.030353687703609467
loss in epoch 228 iteration 6: 0.026673588901758194
loss in epoch 229 iteration 0: 0.026113290339708328
loss in epoch 229 iteration 1: 0.026944415643811226
loss in epoch 229 iteration 2: 0.030290775001049042
loss in epoch 229 iteration 3: 0.037421565502882004
loss in epoch 229 iteration 4: 0.029198061674833298
loss in epoch 229 iteration 5: 0.03457477688789368
loss in epoch 229 iteration 6: 0.043869324028491974
loss in epoch 230 iteration 0: 0.024901922792196274
loss in epoch 230 iteration 1: 0.03002111241221428
loss in epoch 230 iteration 2: 0.030224913731217384
loss in epoch 230 iteration 3: 0.026225723326206207
loss in epoch 230 iteration 4: 0.02468297630548477
loss in epoch 230 iteration 5: 0.025717657059431076
loss in epoch 230 iteration 6: 0.02707795426249504
loss in epoch 231 iteration 0: 0.03117542155086994
loss in epoch 231 iteration 1: 0.021742358803749084
loss in epoch 231 iteration 2: 0.024755284190177917
loss in epoch 231 iteration 3: 0.03016890212893486
loss in epoch 231 iteration 4: 0.02707648277282715
loss in epoch 231 iteration 5: 0.02305852621793747
loss in epoch 231 iteration 6: 0.026773441582918167
loss in epoch 232 iteration 0: 0.025095133110880852
loss in epoch 232 iteration 1: 0.026328766718506813
loss in epoch 232 iteration 2: 0.025222662836313248
loss in epoch 232 iteration 3: 0.033115290105342865
loss in epoch 232 iteration 4: 0.031446684151887894
loss in epoch 232 iteration 5: 0.04458576813340187
loss in epoch 232 iteration 6: 0.025432849302887917
loss in epoch 233 iteration 0: 0.020395668223500252
loss in epoch 233 iteration 1: 0.03824593871831894
loss in epoch 233 iteration 2: 0.03075985237956047
loss in epoch 233 iteration 3: 0.033929478377103806
loss in epoch 233 iteration 4: 0.025037620216608047
loss in epoch 233 iteration 5: 0.03863805532455444
loss in epoch 233 iteration 6: 0.03263109549880028
loss in epoch 234 iteration 0: 0.03531480208039284
loss in epoch 234 iteration 1: 0.035760946571826935
loss in epoch 234 iteration 2: 0.032531604170799255
loss in epoch 234 iteration 3: 0.034469980746507645
loss in epoch 234 iteration 4: 0.03127799928188324
loss in epoch 234 iteration 5: 0.031942714005708694
loss in epoch 234 iteration 6: 0.03580553084611893
loss in epoch 235 iteration 0: 0.024461545050144196
loss in epoch 235 iteration 1: 0.03818247467279434
loss in epoch 235 iteration 2: 0.029428359121084213
loss in epoch 235 iteration 3: 0.019207343459129333
loss in epoch 235 iteration 4: 0.02963891625404358
loss in epoch 235 iteration 5: 0.03125797584652901
loss in epoch 235 iteration 6: 0.02851201966404915
loss in epoch 236 iteration 0: 0.03285813331604004
loss in epoch 236 iteration 1: 0.0267401821911335
loss in epoch 236 iteration 2: 0.028163418173789978
loss in epoch 236 iteration 3: 0.025397006422281265
loss in epoch 236 iteration 4: 0.03748411685228348
loss in epoch 236 iteration 5: 0.03279101848602295
loss in epoch 236 iteration 6: 0.022402677685022354
loss in epoch 237 iteration 0: 0.034386347979307175
loss in epoch 237 iteration 1: 0.027713868767023087
loss in epoch 237 iteration 2: 0.0337512381374836
loss in epoch 237 iteration 3: 0.031053977087140083
loss in epoch 237 iteration 4: 0.027759011834859848
loss in epoch 237 iteration 5: 0.028429582715034485
loss in epoch 237 iteration 6: 0.02606290765106678
loss in epoch 238 iteration 0: 0.02380133420228958
loss in epoch 238 iteration 1: 0.02736586332321167
loss in epoch 238 iteration 2: 0.026655152440071106
loss in epoch 238 iteration 3: 0.031240176409482956
loss in epoch 238 iteration 4: 0.02604600042104721
loss in epoch 238 iteration 5: 0.02190868929028511
loss in epoch 238 iteration 6: 0.02864949032664299
loss in epoch 239 iteration 0: 0.021191585808992386
loss in epoch 239 iteration 1: 0.01918811723589897
loss in epoch 239 iteration 2: 0.019878309220075607
loss in epoch 239 iteration 3: 0.02611672692000866
loss in epoch 239 iteration 4: 0.015229251235723495
loss in epoch 239 iteration 5: 0.024951059371232986
loss in epoch 239 iteration 6: 0.01872909441590309
loss in epoch 240 iteration 0: 0.028502222150564194
loss in epoch 240 iteration 1: 0.021392107009887695
loss in epoch 240 iteration 2: 0.031687844544649124
loss in epoch 240 iteration 3: 0.03320608288049698
loss in epoch 240 iteration 4: 0.02615884318947792
loss in epoch 240 iteration 5: 0.02531045861542225
loss in epoch 240 iteration 6: 0.03112945146858692
Evaluating................................
Epoch: 240, Time: 41.83s
Valid: N@5:0.0555 H@5:0.0800 | N@10:0.0674 H@10:0.1173 | N@20:0.0819 H@20:0.1756
Test:  N@5:0.0372 H@5:0.0571 | N@10:0.0491 H@10:0.0944 | N@20:0.0605 H@20:0.1389
loss in epoch 241 iteration 0: 0.04799540713429451
loss in epoch 241 iteration 1: 0.03058849647641182
loss in epoch 241 iteration 2: 0.0268904659897089
loss in epoch 241 iteration 3: 0.023817630484700203
loss in epoch 241 iteration 4: 0.025340616703033447
loss in epoch 241 iteration 5: 0.050061412155628204
loss in epoch 241 iteration 6: 0.027072736993432045
loss in epoch 242 iteration 0: 0.022174391895532608
loss in epoch 242 iteration 1: 0.02816511131823063
loss in epoch 242 iteration 2: 0.04676543176174164
loss in epoch 242 iteration 3: 0.023488882929086685
loss in epoch 242 iteration 4: 0.0250757597386837
loss in epoch 242 iteration 5: 0.02800733596086502
loss in epoch 242 iteration 6: 0.02185998484492302
loss in epoch 243 iteration 0: 0.030922913923859596
loss in epoch 243 iteration 1: 0.03085852786898613
loss in epoch 243 iteration 2: 0.029054641723632812
loss in epoch 243 iteration 3: 0.025460220873355865
loss in epoch 243 iteration 4: 0.04352130368351936
loss in epoch 243 iteration 5: 0.029331635683774948
loss in epoch 243 iteration 6: 0.02421155944466591
loss in epoch 244 iteration 0: 0.038201428949832916
loss in epoch 244 iteration 1: 0.02212093211710453
loss in epoch 244 iteration 2: 0.028643300756812096
loss in epoch 244 iteration 3: 0.025969043374061584
loss in epoch 244 iteration 4: 0.02480524778366089
loss in epoch 244 iteration 5: 0.027969922870397568
loss in epoch 244 iteration 6: 0.027998778969049454
loss in epoch 245 iteration 0: 0.03993898630142212
loss in epoch 245 iteration 1: 0.02433580346405506
loss in epoch 245 iteration 2: 0.025373447686433792
loss in epoch 245 iteration 3: 0.028842240571975708
loss in epoch 245 iteration 4: 0.021698415279388428
loss in epoch 245 iteration 5: 0.022594615817070007
loss in epoch 245 iteration 6: 0.025160524994134903
loss in epoch 246 iteration 0: 0.023197824135422707
loss in epoch 246 iteration 1: 0.01857738569378853
loss in epoch 246 iteration 2: 0.036677680909633636
loss in epoch 246 iteration 3: 0.02160254307091236
loss in epoch 246 iteration 4: 0.03244173526763916
loss in epoch 246 iteration 5: 0.031000301241874695
loss in epoch 246 iteration 6: 0.021753672510385513
loss in epoch 247 iteration 0: 0.029118595644831657
loss in epoch 247 iteration 1: 0.024418305605649948
loss in epoch 247 iteration 2: 0.029945336282253265
loss in epoch 247 iteration 3: 0.019066262990236282
loss in epoch 247 iteration 4: 0.024385441094636917
loss in epoch 247 iteration 5: 0.024235010147094727
loss in epoch 247 iteration 6: 0.02310754358768463
loss in epoch 248 iteration 0: 0.023485157638788223
loss in epoch 248 iteration 1: 0.03897913545370102
loss in epoch 248 iteration 2: 0.03408118709921837
loss in epoch 248 iteration 3: 0.02621811255812645
loss in epoch 248 iteration 4: 0.03110785223543644
loss in epoch 248 iteration 5: 0.023872720077633858
loss in epoch 248 iteration 6: 0.027041558176279068
loss in epoch 249 iteration 0: 0.023651454597711563
loss in epoch 249 iteration 1: 0.030504431575536728
loss in epoch 249 iteration 2: 0.038699112832546234
loss in epoch 249 iteration 3: 0.027470020577311516
loss in epoch 249 iteration 4: 0.036933839321136475
loss in epoch 249 iteration 5: 0.02535650134086609
loss in epoch 249 iteration 6: 0.023272821679711342
loss in epoch 250 iteration 0: 0.02505897730588913
loss in epoch 250 iteration 1: 0.020892737433314323
loss in epoch 250 iteration 2: 0.02651933953166008
loss in epoch 250 iteration 3: 0.03272657468914986
loss in epoch 250 iteration 4: 0.0196821428835392
loss in epoch 250 iteration 5: 0.026362627744674683
loss in epoch 250 iteration 6: 0.026349175721406937
loss in epoch 251 iteration 0: 0.023963380604982376
loss in epoch 251 iteration 1: 0.023973653092980385
loss in epoch 251 iteration 2: 0.037102922797203064
loss in epoch 251 iteration 3: 0.023640258237719536
loss in epoch 251 iteration 4: 0.038765646517276764
loss in epoch 251 iteration 5: 0.03440004214644432
loss in epoch 251 iteration 6: 0.03383154049515724
loss in epoch 252 iteration 0: 0.027580775320529938
loss in epoch 252 iteration 1: 0.03135072812438011
loss in epoch 252 iteration 2: 0.04123673588037491
loss in epoch 252 iteration 3: 0.027002863585948944
loss in epoch 252 iteration 4: 0.023006662726402283
loss in epoch 252 iteration 5: 0.030288230627775192
loss in epoch 252 iteration 6: 0.02529464103281498
loss in epoch 253 iteration 0: 0.02315651625394821
loss in epoch 253 iteration 1: 0.03556360304355621
loss in epoch 253 iteration 2: 0.048491112887859344
loss in epoch 253 iteration 3: 0.02597890794277191
loss in epoch 253 iteration 4: 0.023576196283102036
loss in epoch 253 iteration 5: 0.019649427384138107
loss in epoch 253 iteration 6: 0.03678986057639122
loss in epoch 254 iteration 0: 0.03553896024823189
loss in epoch 254 iteration 1: 0.03580465540289879
loss in epoch 254 iteration 2: 0.028847187757492065
loss in epoch 254 iteration 3: 0.03612132743000984
loss in epoch 254 iteration 4: 0.02476128563284874
loss in epoch 254 iteration 5: 0.015378134325146675
loss in epoch 254 iteration 6: 0.022763725370168686
loss in epoch 255 iteration 0: 0.03206612542271614
loss in epoch 255 iteration 1: 0.024093765765428543
loss in epoch 255 iteration 2: 0.037830665707588196
loss in epoch 255 iteration 3: 0.03274143114686012
loss in epoch 255 iteration 4: 0.038500990718603134
loss in epoch 255 iteration 5: 0.039968155324459076
loss in epoch 255 iteration 6: 0.018594354391098022
loss in epoch 256 iteration 0: 0.04301152378320694
loss in epoch 256 iteration 1: 0.023284370079636574
loss in epoch 256 iteration 2: 0.036820244044065475
loss in epoch 256 iteration 3: 0.02302948385477066
loss in epoch 256 iteration 4: 0.03676439821720123
loss in epoch 256 iteration 5: 0.029880119487643242
loss in epoch 256 iteration 6: 0.03200314939022064
loss in epoch 257 iteration 0: 0.0249473936855793
loss in epoch 257 iteration 1: 0.03464001417160034
loss in epoch 257 iteration 2: 0.03935203328728676
loss in epoch 257 iteration 3: 0.027708003297448158
loss in epoch 257 iteration 4: 0.03381620720028877
loss in epoch 257 iteration 5: 0.017469096928834915
loss in epoch 257 iteration 6: 0.018735475838184357
loss in epoch 258 iteration 0: 0.03455357253551483
loss in epoch 258 iteration 1: 0.03318265825510025
loss in epoch 258 iteration 2: 0.02532418817281723
loss in epoch 258 iteration 3: 0.036268480122089386
loss in epoch 258 iteration 4: 0.03849615156650543
loss in epoch 258 iteration 5: 0.026439879089593887
loss in epoch 258 iteration 6: 0.03284947946667671
loss in epoch 259 iteration 0: 0.02473476715385914
loss in epoch 259 iteration 1: 0.02600075677037239
loss in epoch 259 iteration 2: 0.020518960431218147
loss in epoch 259 iteration 3: 0.037882644683122635
loss in epoch 259 iteration 4: 0.03106590546667576
loss in epoch 259 iteration 5: 0.042172014713287354
loss in epoch 259 iteration 6: 0.023411519825458527
loss in epoch 260 iteration 0: 0.023836584761738777
loss in epoch 260 iteration 1: 0.026344742625951767
loss in epoch 260 iteration 2: 0.025210201740264893
loss in epoch 260 iteration 3: 0.026265613734722137
loss in epoch 260 iteration 4: 0.025137223303318024
loss in epoch 260 iteration 5: 0.03219166770577431
loss in epoch 260 iteration 6: 0.03410814702510834
Evaluating................................
Epoch: 260, Time: 45.17s
Valid: N@5:0.0538 H@5:0.0752 | N@10:0.0660 H@10:0.1137 | N@20:0.0809 H@20:0.1732
Test:  N@5:0.0417 H@5:0.0625 | N@10:0.0497 H@10:0.0872 | N@20:0.0619 H@20:0.1359
loss in epoch 261 iteration 0: 0.028916010633111
loss in epoch 261 iteration 1: 0.03150046616792679
loss in epoch 261 iteration 2: 0.027024762704968452
loss in epoch 261 iteration 3: 0.019466901198029518
loss in epoch 261 iteration 4: 0.04048103466629982
loss in epoch 261 iteration 5: 0.015523103065788746
loss in epoch 261 iteration 6: 0.01981382444500923
loss in epoch 262 iteration 0: 0.028329089283943176
loss in epoch 262 iteration 1: 0.023599375039339066
loss in epoch 262 iteration 2: 0.022958669811487198
loss in epoch 262 iteration 3: 0.034910898655653
loss in epoch 262 iteration 4: 0.020782841369509697
loss in epoch 262 iteration 5: 0.02563192881643772
loss in epoch 262 iteration 6: 0.03293963149189949
loss in epoch 263 iteration 0: 0.020225226879119873
loss in epoch 263 iteration 1: 0.036067456007003784
loss in epoch 263 iteration 2: 0.020377183333039284
loss in epoch 263 iteration 3: 0.030345864593982697
loss in epoch 263 iteration 4: 0.027431633323431015
loss in epoch 263 iteration 5: 0.021762287244200706
loss in epoch 263 iteration 6: 0.014986945316195488
loss in epoch 264 iteration 0: 0.02937018871307373
loss in epoch 264 iteration 1: 0.02729835733771324
loss in epoch 264 iteration 2: 0.02675567753612995
loss in epoch 264 iteration 3: 0.026943722739815712
loss in epoch 264 iteration 4: 0.030132342129945755
loss in epoch 264 iteration 5: 0.02531679905951023
loss in epoch 264 iteration 6: 0.02188790589570999
loss in epoch 265 iteration 0: 0.020858511328697205
loss in epoch 265 iteration 1: 0.02970074489712715
loss in epoch 265 iteration 2: 0.021938057616353035
loss in epoch 265 iteration 3: 0.028479916974902153
loss in epoch 265 iteration 4: 0.025129802525043488
loss in epoch 265 iteration 5: 0.027636466547846794
loss in epoch 265 iteration 6: 0.02096814662218094
loss in epoch 266 iteration 0: 0.030249208211898804
loss in epoch 266 iteration 1: 0.021012015640735626
loss in epoch 266 iteration 2: 0.036482423543930054
loss in epoch 266 iteration 3: 0.03473398834466934
loss in epoch 266 iteration 4: 0.026589220389723778
loss in epoch 266 iteration 5: 0.025204284116625786
loss in epoch 266 iteration 6: 0.024745676666498184
loss in epoch 267 iteration 0: 0.04015098512172699
loss in epoch 267 iteration 1: 0.03528618812561035
loss in epoch 267 iteration 2: 0.028692681342363358
loss in epoch 267 iteration 3: 0.026162482798099518
loss in epoch 267 iteration 4: 0.03627445921301842
loss in epoch 267 iteration 5: 0.03354772925376892
loss in epoch 267 iteration 6: 0.01857525110244751
loss in epoch 268 iteration 0: 0.021157406270503998
loss in epoch 268 iteration 1: 0.028444979339838028
loss in epoch 268 iteration 2: 0.02703111432492733
loss in epoch 268 iteration 3: 0.024710819125175476
loss in epoch 268 iteration 4: 0.022404959425330162
loss in epoch 268 iteration 5: 0.023441579192876816
loss in epoch 268 iteration 6: 0.05182037129998207
loss in epoch 269 iteration 0: 0.029072584584355354
loss in epoch 269 iteration 1: 0.022801648825407028
loss in epoch 269 iteration 2: 0.02904108539223671
loss in epoch 269 iteration 3: 0.02770107239484787
loss in epoch 269 iteration 4: 0.021955644711852074
loss in epoch 269 iteration 5: 0.027218932285904884
loss in epoch 269 iteration 6: 0.015111291781067848
loss in epoch 270 iteration 0: 0.030133966356515884
loss in epoch 270 iteration 1: 0.02037416771054268
loss in epoch 270 iteration 2: 0.021629583090543747
loss in epoch 270 iteration 3: 0.023365279659628868
loss in epoch 270 iteration 4: 0.0335836261510849
loss in epoch 270 iteration 5: 0.01356949470937252
loss in epoch 270 iteration 6: 0.03836647793650627
loss in epoch 271 iteration 0: 0.027252573519945145
loss in epoch 271 iteration 1: 0.02400551177561283
loss in epoch 271 iteration 2: 0.019424138590693474
loss in epoch 271 iteration 3: 0.04370495304465294
loss in epoch 271 iteration 4: 0.02511380985379219
loss in epoch 271 iteration 5: 0.02838689461350441
loss in epoch 271 iteration 6: 0.04521951079368591
loss in epoch 272 iteration 0: 0.032031215727329254
loss in epoch 272 iteration 1: 0.030274685472249985
loss in epoch 272 iteration 2: 0.028424754738807678
loss in epoch 272 iteration 3: 0.023962970823049545
loss in epoch 272 iteration 4: 0.03449054807424545
loss in epoch 272 iteration 5: 0.018086757510900497
loss in epoch 272 iteration 6: 0.02285034954547882
loss in epoch 273 iteration 0: 0.021326057612895966
loss in epoch 273 iteration 1: 0.02122289501130581
loss in epoch 273 iteration 2: 0.020221376791596413
loss in epoch 273 iteration 3: 0.02722918428480625
loss in epoch 273 iteration 4: 0.02937009558081627
loss in epoch 273 iteration 5: 0.021099597215652466
loss in epoch 273 iteration 6: 0.035160742700099945
loss in epoch 274 iteration 0: 0.021157117560505867
loss in epoch 274 iteration 1: 0.028081687167286873
loss in epoch 274 iteration 2: 0.027739083394408226
loss in epoch 274 iteration 3: 0.024598628282546997
loss in epoch 274 iteration 4: 0.025524277240037918
loss in epoch 274 iteration 5: 0.028506360948085785
loss in epoch 274 iteration 6: 0.027406740933656693
loss in epoch 275 iteration 0: 0.01621062122285366
loss in epoch 275 iteration 1: 0.029007095843553543
loss in epoch 275 iteration 2: 0.028399353846907616
loss in epoch 275 iteration 3: 0.03608713299036026
loss in epoch 275 iteration 4: 0.02296285703778267
loss in epoch 275 iteration 5: 0.036523133516311646
loss in epoch 275 iteration 6: 0.018361639231443405
loss in epoch 276 iteration 0: 0.023443039506673813
loss in epoch 276 iteration 1: 0.022690558806061745
loss in epoch 276 iteration 2: 0.023916788399219513
loss in epoch 276 iteration 3: 0.022183138877153397
loss in epoch 276 iteration 4: 0.039487000554800034
loss in epoch 276 iteration 5: 0.02674730494618416
loss in epoch 276 iteration 6: 0.02035866491496563
loss in epoch 277 iteration 0: 0.024310816079378128
loss in epoch 277 iteration 1: 0.01994890719652176
loss in epoch 277 iteration 2: 0.0263233482837677
loss in epoch 277 iteration 3: 0.028090259060263634
loss in epoch 277 iteration 4: 0.01858813315629959
loss in epoch 277 iteration 5: 0.01833697035908699
loss in epoch 277 iteration 6: 0.027709025889635086
loss in epoch 278 iteration 0: 0.030172571539878845
loss in epoch 278 iteration 1: 0.02850591018795967
loss in epoch 278 iteration 2: 0.028645111247897148
loss in epoch 278 iteration 3: 0.024466650560498238
loss in epoch 278 iteration 4: 0.03451434150338173
loss in epoch 278 iteration 5: 0.026642002165317535
loss in epoch 278 iteration 6: 0.02959018386900425
loss in epoch 279 iteration 0: 0.023091580718755722
loss in epoch 279 iteration 1: 0.019448941573500633
loss in epoch 279 iteration 2: 0.024895261973142624
loss in epoch 279 iteration 3: 0.0205215010792017
loss in epoch 279 iteration 4: 0.024513721466064453
loss in epoch 279 iteration 5: 0.01786297932267189
loss in epoch 279 iteration 6: 0.021393630653619766
loss in epoch 280 iteration 0: 0.018739042803645134
loss in epoch 280 iteration 1: 0.03951721265912056
loss in epoch 280 iteration 2: 0.019899100065231323
loss in epoch 280 iteration 3: 0.02990610897541046
loss in epoch 280 iteration 4: 0.026255151256918907
loss in epoch 280 iteration 5: 0.027474693953990936
loss in epoch 280 iteration 6: 0.028174618259072304
Evaluating................................
Epoch: 280, Time: 48.69s
Valid: N@5:0.0524 H@5:0.0764 | N@10:0.0647 H@10:0.1143 | N@20:0.0804 H@20:0.1768
Test:  N@5:0.0398 H@5:0.0607 | N@10:0.0496 H@10:0.0908 | N@20:0.0624 H@20:0.1419
loss in epoch 281 iteration 0: 0.027286062017083168
loss in epoch 281 iteration 1: 0.027017561718821526
loss in epoch 281 iteration 2: 0.02772892266511917
loss in epoch 281 iteration 3: 0.021491292864084244
loss in epoch 281 iteration 4: 0.030327778309583664
loss in epoch 281 iteration 5: 0.02594628743827343
loss in epoch 281 iteration 6: 0.040271081030368805
loss in epoch 282 iteration 0: 0.02623724937438965
loss in epoch 282 iteration 1: 0.026675835251808167
loss in epoch 282 iteration 2: 0.030888427048921585
loss in epoch 282 iteration 3: 0.032776787877082825
loss in epoch 282 iteration 4: 0.01700442098081112
loss in epoch 282 iteration 5: 0.036205172538757324
loss in epoch 282 iteration 6: 0.02514694631099701
loss in epoch 283 iteration 0: 0.03942304849624634
loss in epoch 283 iteration 1: 0.026190653443336487
loss in epoch 283 iteration 2: 0.022988038137555122
loss in epoch 283 iteration 3: 0.018260367214679718
loss in epoch 283 iteration 4: 0.03207919001579285
loss in epoch 283 iteration 5: 0.025456871837377548
loss in epoch 283 iteration 6: 0.017986007034778595
loss in epoch 284 iteration 0: 0.03325680270791054
loss in epoch 284 iteration 1: 0.02882678434252739
loss in epoch 284 iteration 2: 0.02701394259929657
loss in epoch 284 iteration 3: 0.016849812120199203
loss in epoch 284 iteration 4: 0.030552320182323456
loss in epoch 284 iteration 5: 0.0232582688331604
loss in epoch 284 iteration 6: 0.018411682918667793
loss in epoch 285 iteration 0: 0.02725880593061447
loss in epoch 285 iteration 1: 0.026126474142074585
loss in epoch 285 iteration 2: 0.029976852238178253
loss in epoch 285 iteration 3: 0.021207602694630623
loss in epoch 285 iteration 4: 0.0247478187084198
loss in epoch 285 iteration 5: 0.02821686491370201
loss in epoch 285 iteration 6: 0.030156444758176804
loss in epoch 286 iteration 0: 0.019104573875665665
loss in epoch 286 iteration 1: 0.021822093054652214
loss in epoch 286 iteration 2: 0.030006621032953262
loss in epoch 286 iteration 3: 0.02586768940091133
loss in epoch 286 iteration 4: 0.02189115434885025
loss in epoch 286 iteration 5: 0.025000102818012238
loss in epoch 286 iteration 6: 0.01728898286819458
loss in epoch 287 iteration 0: 0.028821861371397972
loss in epoch 287 iteration 1: 0.019863812252879143
loss in epoch 287 iteration 2: 0.02023666724562645
loss in epoch 287 iteration 3: 0.03079397603869438
loss in epoch 287 iteration 4: 0.018246740102767944
loss in epoch 287 iteration 5: 0.03382929041981697
loss in epoch 287 iteration 6: 0.03271044045686722
loss in epoch 288 iteration 0: 0.02411416545510292
loss in epoch 288 iteration 1: 0.028478335589170456
loss in epoch 288 iteration 2: 0.021384073421359062
loss in epoch 288 iteration 3: 0.02575892210006714
loss in epoch 288 iteration 4: 0.015466893091797829
loss in epoch 288 iteration 5: 0.02563406527042389
loss in epoch 288 iteration 6: 0.028550349175930023
loss in epoch 289 iteration 0: 0.032650936394929886
loss in epoch 289 iteration 1: 0.02623169869184494
loss in epoch 289 iteration 2: 0.034105196595191956
loss in epoch 289 iteration 3: 0.02781006321310997
loss in epoch 289 iteration 4: 0.02546023577451706
loss in epoch 289 iteration 5: 0.024592217057943344
loss in epoch 289 iteration 6: 0.021836023777723312
loss in epoch 290 iteration 0: 0.02260546013712883
loss in epoch 290 iteration 1: 0.02702869474887848
loss in epoch 290 iteration 2: 0.01791810616850853
loss in epoch 290 iteration 3: 0.0260501466691494
loss in epoch 290 iteration 4: 0.02629236690700054
loss in epoch 290 iteration 5: 0.024389224126935005
loss in epoch 290 iteration 6: 0.02842959389090538
loss in epoch 291 iteration 0: 0.02753973752260208
loss in epoch 291 iteration 1: 0.02353856898844242
loss in epoch 291 iteration 2: 0.029864517971873283
loss in epoch 291 iteration 3: 0.02524423971772194
loss in epoch 291 iteration 4: 0.033335451036691666
loss in epoch 291 iteration 5: 0.018071027472615242
loss in epoch 291 iteration 6: 0.01857932284474373
loss in epoch 292 iteration 0: 0.019464941695332527
loss in epoch 292 iteration 1: 0.019449548795819283
loss in epoch 292 iteration 2: 0.031125297769904137
loss in epoch 292 iteration 3: 0.021969256922602654
loss in epoch 292 iteration 4: 0.025309937074780464
loss in epoch 292 iteration 5: 0.02913648635149002
loss in epoch 292 iteration 6: 0.02156263217329979
loss in epoch 293 iteration 0: 0.03410305082798004
loss in epoch 293 iteration 1: 0.016930123791098595
loss in epoch 293 iteration 2: 0.02259962446987629
loss in epoch 293 iteration 3: 0.01520058698952198
loss in epoch 293 iteration 4: 0.018379079177975655
loss in epoch 293 iteration 5: 0.026940859854221344
loss in epoch 293 iteration 6: 0.027875322848558426
loss in epoch 294 iteration 0: 0.026633430272340775
loss in epoch 294 iteration 1: 0.027275918051600456
loss in epoch 294 iteration 2: 0.028145061805844307
loss in epoch 294 iteration 3: 0.028969164937734604
loss in epoch 294 iteration 4: 0.015911731868982315
loss in epoch 294 iteration 5: 0.036163266748189926
loss in epoch 294 iteration 6: 0.038621436804533005
loss in epoch 295 iteration 0: 0.03013293817639351
loss in epoch 295 iteration 1: 0.024999193847179413
loss in epoch 295 iteration 2: 0.021161314100027084
loss in epoch 295 iteration 3: 0.017570115625858307
loss in epoch 295 iteration 4: 0.022243639454245567
loss in epoch 295 iteration 5: 0.03166760876774788
loss in epoch 295 iteration 6: 0.02272951789200306
loss in epoch 296 iteration 0: 0.018430478870868683
loss in epoch 296 iteration 1: 0.01888319104909897
loss in epoch 296 iteration 2: 0.022178400307893753
loss in epoch 296 iteration 3: 0.02714436501264572
loss in epoch 296 iteration 4: 0.021520141512155533
loss in epoch 296 iteration 5: 0.030073173344135284
loss in epoch 296 iteration 6: 0.034380413591861725
loss in epoch 297 iteration 0: 0.01817893236875534
loss in epoch 297 iteration 1: 0.028186123818159103
loss in epoch 297 iteration 2: 0.02937018871307373
loss in epoch 297 iteration 3: 0.025274626910686493
loss in epoch 297 iteration 4: 0.019940994679927826
loss in epoch 297 iteration 5: 0.028500359505414963
loss in epoch 297 iteration 6: 0.023252855986356735
loss in epoch 298 iteration 0: 0.035244446247816086
loss in epoch 298 iteration 1: 0.02394985407590866
loss in epoch 298 iteration 2: 0.039130885154008865
loss in epoch 298 iteration 3: 0.024673977866768837
loss in epoch 298 iteration 4: 0.02131316438317299
loss in epoch 298 iteration 5: 0.030514465644955635
loss in epoch 298 iteration 6: 0.02015649899840355
loss in epoch 299 iteration 0: 0.027416246011853218
loss in epoch 299 iteration 1: 0.027632195502519608
loss in epoch 299 iteration 2: 0.028054434806108475
loss in epoch 299 iteration 3: 0.03690892830491066
loss in epoch 299 iteration 4: 0.012991880998015404
loss in epoch 299 iteration 5: 0.022318514063954353
loss in epoch 299 iteration 6: 0.024282507598400116
loss in epoch 300 iteration 0: 0.01846994273364544
loss in epoch 300 iteration 1: 0.024105409160256386
loss in epoch 300 iteration 2: 0.018140288069844246
loss in epoch 300 iteration 3: 0.032029200345277786
loss in epoch 300 iteration 4: 0.02268565446138382
loss in epoch 300 iteration 5: 0.022963372990489006
loss in epoch 300 iteration 6: 0.019039016216993332
Evaluating................................
Epoch: 300, Time: 51.86s
Valid: N@5:0.0526 H@5:0.0752 | N@10:0.0625 H@10:0.1058 | N@20:0.0788 H@20:0.1708
Test:  N@5:0.0424 H@5:0.0607 | N@10:0.0518 H@10:0.0902 | N@20:0.0634 H@20:0.1365
loss in epoch 301 iteration 0: 0.024779215455055237
loss in epoch 301 iteration 1: 0.019942957907915115
loss in epoch 301 iteration 2: 0.032024942338466644
loss in epoch 301 iteration 3: 0.02278660424053669
loss in epoch 301 iteration 4: 0.02730313502252102
loss in epoch 301 iteration 5: 0.028340987861156464
loss in epoch 301 iteration 6: 0.030539408326148987
loss in epoch 302 iteration 0: 0.01602715067565441
loss in epoch 302 iteration 1: 0.015870582312345505
loss in epoch 302 iteration 2: 0.026241067796945572
loss in epoch 302 iteration 3: 0.022786958143115044
loss in epoch 302 iteration 4: 0.02047046273946762
loss in epoch 302 iteration 5: 0.026547666639089584
loss in epoch 302 iteration 6: 0.020862577483057976
loss in epoch 303 iteration 0: 0.042720552533864975
loss in epoch 303 iteration 1: 0.026523055508732796
loss in epoch 303 iteration 2: 0.02815026044845581
loss in epoch 303 iteration 3: 0.03410309553146362
loss in epoch 303 iteration 4: 0.040343716740608215
loss in epoch 303 iteration 5: 0.04013807326555252
loss in epoch 303 iteration 6: 0.022399412468075752
loss in epoch 304 iteration 0: 0.023336701095104218
loss in epoch 304 iteration 1: 0.02791440859436989
loss in epoch 304 iteration 2: 0.014226225204765797
loss in epoch 304 iteration 3: 0.028896108269691467
loss in epoch 304 iteration 4: 0.023270118981599808
loss in epoch 304 iteration 5: 0.026683708652853966
loss in epoch 304 iteration 6: 0.030107339844107628
loss in epoch 305 iteration 0: 0.026200659573078156
loss in epoch 305 iteration 1: 0.024757541716098785
loss in epoch 305 iteration 2: 0.029873395338654518
loss in epoch 305 iteration 3: 0.01331275887787342
loss in epoch 305 iteration 4: 0.019577348604798317
loss in epoch 305 iteration 5: 0.029426641762256622
loss in epoch 305 iteration 6: 0.028769347816705704
loss in epoch 306 iteration 0: 0.0154776182025671
loss in epoch 306 iteration 1: 0.03261006996035576
loss in epoch 306 iteration 2: 0.026159677654504776
loss in epoch 306 iteration 3: 0.041095834225416183
loss in epoch 306 iteration 4: 0.019354764372110367
loss in epoch 306 iteration 5: 0.021265409886837006
loss in epoch 306 iteration 6: 0.016805050894618034
loss in epoch 307 iteration 0: 0.023022834211587906
loss in epoch 307 iteration 1: 0.01844107359647751
loss in epoch 307 iteration 2: 0.040754303336143494
loss in epoch 307 iteration 3: 0.018873142078518867
loss in epoch 307 iteration 4: 0.025384970009326935
loss in epoch 307 iteration 5: 0.016379058361053467
loss in epoch 307 iteration 6: 0.022147957235574722
loss in epoch 308 iteration 0: 0.02268180623650551
loss in epoch 308 iteration 1: 0.02916027046740055
loss in epoch 308 iteration 2: 0.03582657128572464
loss in epoch 308 iteration 3: 0.026024451479315758
loss in epoch 308 iteration 4: 0.021157704293727875
loss in epoch 308 iteration 5: 0.02200847864151001
loss in epoch 308 iteration 6: 0.03042450174689293
loss in epoch 309 iteration 0: 0.02698039822280407
loss in epoch 309 iteration 1: 0.024679262191057205
loss in epoch 309 iteration 2: 0.03335928916931152
loss in epoch 309 iteration 3: 0.02178257703781128
loss in epoch 309 iteration 4: 0.01971215195953846
loss in epoch 309 iteration 5: 0.02713286131620407
loss in epoch 309 iteration 6: 0.033712245523929596
loss in epoch 310 iteration 0: 0.022999586537480354
loss in epoch 310 iteration 1: 0.016564151272177696
loss in epoch 310 iteration 2: 0.02027210220694542
loss in epoch 310 iteration 3: 0.02848833054304123
loss in epoch 310 iteration 4: 0.028542380779981613
loss in epoch 310 iteration 5: 0.01544208824634552
loss in epoch 310 iteration 6: 0.014301861636340618
loss in epoch 311 iteration 0: 0.01863214001059532
loss in epoch 311 iteration 1: 0.04376349598169327
loss in epoch 311 iteration 2: 0.017110079526901245
loss in epoch 311 iteration 3: 0.01742878183722496
loss in epoch 311 iteration 4: 0.024736464023590088
loss in epoch 311 iteration 5: 0.024144120514392853
loss in epoch 311 iteration 6: 0.022169023752212524
loss in epoch 312 iteration 0: 0.031182706356048584
loss in epoch 312 iteration 1: 0.025957925245165825
loss in epoch 312 iteration 2: 0.03855561837553978
loss in epoch 312 iteration 3: 0.03964431956410408
loss in epoch 312 iteration 4: 0.021023331210017204
loss in epoch 312 iteration 5: 0.018598664551973343
loss in epoch 312 iteration 6: 0.02078975737094879
loss in epoch 313 iteration 0: 0.021750785410404205
loss in epoch 313 iteration 1: 0.03239455074071884
loss in epoch 313 iteration 2: 0.020826390013098717
loss in epoch 313 iteration 3: 0.02791469171643257
loss in epoch 313 iteration 4: 0.023029454052448273
loss in epoch 313 iteration 5: 0.027986057102680206
loss in epoch 313 iteration 6: 0.016310034319758415
loss in epoch 314 iteration 0: 0.015269041061401367
loss in epoch 314 iteration 1: 0.020945493131875992
loss in epoch 314 iteration 2: 0.03562149405479431
loss in epoch 314 iteration 3: 0.024518385529518127
loss in epoch 314 iteration 4: 0.02160736359655857
loss in epoch 314 iteration 5: 0.03562220185995102
loss in epoch 314 iteration 6: 0.016031309962272644
loss in epoch 315 iteration 0: 0.01977655105292797
loss in epoch 315 iteration 1: 0.024998949840664864
loss in epoch 315 iteration 2: 0.023794054985046387
loss in epoch 315 iteration 3: 0.027714146301150322
loss in epoch 315 iteration 4: 0.02342330291867256
loss in epoch 315 iteration 5: 0.029642555862665176
loss in epoch 315 iteration 6: 0.027048511430621147
loss in epoch 316 iteration 0: 0.019739508628845215
loss in epoch 316 iteration 1: 0.01559310033917427
loss in epoch 316 iteration 2: 0.020594459027051926
loss in epoch 316 iteration 3: 0.0285072959959507
loss in epoch 316 iteration 4: 0.023247987031936646
loss in epoch 316 iteration 5: 0.022288408130407333
loss in epoch 316 iteration 6: 0.04185380041599274
loss in epoch 317 iteration 0: 0.03240960091352463
loss in epoch 317 iteration 1: 0.025028683245182037
loss in epoch 317 iteration 2: 0.020812969654798508
loss in epoch 317 iteration 3: 0.024866539984941483
loss in epoch 317 iteration 4: 0.021112162619829178
loss in epoch 317 iteration 5: 0.027115706354379654
loss in epoch 317 iteration 6: 0.015514185652136803
loss in epoch 318 iteration 0: 0.014395199716091156
loss in epoch 318 iteration 1: 0.028729941695928574
loss in epoch 318 iteration 2: 0.020419538021087646
loss in epoch 318 iteration 3: 0.036248140037059784
loss in epoch 318 iteration 4: 0.0363173708319664
loss in epoch 318 iteration 5: 0.023756859824061394
loss in epoch 318 iteration 6: 0.02849104255437851
loss in epoch 319 iteration 0: 0.01925152912735939
loss in epoch 319 iteration 1: 0.034004054963588715
loss in epoch 319 iteration 2: 0.012839190661907196
loss in epoch 319 iteration 3: 0.020947139710187912
loss in epoch 319 iteration 4: 0.020598962903022766
loss in epoch 319 iteration 5: 0.020224738866090775
loss in epoch 319 iteration 6: 0.019279981032013893
loss in epoch 320 iteration 0: 0.020558416843414307
loss in epoch 320 iteration 1: 0.021789731457829475
loss in epoch 320 iteration 2: 0.02692423015832901
loss in epoch 320 iteration 3: 0.018345234915614128
loss in epoch 320 iteration 4: 0.03971651941537857
loss in epoch 320 iteration 5: 0.030228901654481888
loss in epoch 320 iteration 6: 0.017655160278081894
Evaluating................................
Epoch: 320, Time: 53.53s
Valid: N@5:0.0550 H@5:0.0776 | N@10:0.0669 H@10:0.1149 | N@20:0.0827 H@20:0.1780
Test:  N@5:0.0413 H@5:0.0595 | N@10:0.0521 H@10:0.0932 | N@20:0.0635 H@20:0.1389
loss in epoch 321 iteration 0: 0.023295365273952484
loss in epoch 321 iteration 1: 0.03170587494969368
loss in epoch 321 iteration 2: 0.029720904305577278
loss in epoch 321 iteration 3: 0.04022379219532013
loss in epoch 321 iteration 4: 0.026361409574747086
loss in epoch 321 iteration 5: 0.014368010684847832
loss in epoch 321 iteration 6: 0.021995846182107925
loss in epoch 322 iteration 0: 0.022115901112556458
loss in epoch 322 iteration 1: 0.02098296955227852
loss in epoch 322 iteration 2: 0.01903475448489189
loss in epoch 322 iteration 3: 0.019168704748153687
loss in epoch 322 iteration 4: 0.026516644284129143
loss in epoch 322 iteration 5: 0.019698046147823334
loss in epoch 322 iteration 6: 0.021049443632364273
loss in epoch 323 iteration 0: 0.020513413473963737
loss in epoch 323 iteration 1: 0.02487364411354065
loss in epoch 323 iteration 2: 0.025558024644851685
loss in epoch 323 iteration 3: 0.03542878478765488
loss in epoch 323 iteration 4: 0.01853814348578453
loss in epoch 323 iteration 5: 0.0354367159307003
loss in epoch 323 iteration 6: 0.02835720404982567
loss in epoch 324 iteration 0: 0.025751223787665367
loss in epoch 324 iteration 1: 0.016768628731369972
loss in epoch 324 iteration 2: 0.020772192627191544
loss in epoch 324 iteration 3: 0.024124659597873688
loss in epoch 324 iteration 4: 0.026194732636213303
loss in epoch 324 iteration 5: 0.020658954977989197
loss in epoch 324 iteration 6: 0.02331630326807499
loss in epoch 325 iteration 0: 0.021240711212158203
loss in epoch 325 iteration 1: 0.028202416375279427
loss in epoch 325 iteration 2: 0.020499231293797493
loss in epoch 325 iteration 3: 0.023053444921970367
loss in epoch 325 iteration 4: 0.017316780984401703
loss in epoch 325 iteration 5: 0.04180648550391197
loss in epoch 325 iteration 6: 0.009910031221807003
loss in epoch 326 iteration 0: 0.01552393939346075
loss in epoch 326 iteration 1: 0.024757275357842445
loss in epoch 326 iteration 2: 0.019595880061388016
loss in epoch 326 iteration 3: 0.031020503491163254
loss in epoch 326 iteration 4: 0.02820868045091629
loss in epoch 326 iteration 5: 0.027890702709555626
loss in epoch 326 iteration 6: 0.026716483756899834
loss in epoch 327 iteration 0: 0.02293279953300953
loss in epoch 327 iteration 1: 0.017469283193349838
loss in epoch 327 iteration 2: 0.02328169159591198
loss in epoch 327 iteration 3: 0.019412148743867874
loss in epoch 327 iteration 4: 0.02293071523308754
loss in epoch 327 iteration 5: 0.025425195693969727
loss in epoch 327 iteration 6: 0.027015559375286102
loss in epoch 328 iteration 0: 0.0276951901614666
loss in epoch 328 iteration 1: 0.02262943424284458
loss in epoch 328 iteration 2: 0.03260389715433121
loss in epoch 328 iteration 3: 0.01842724159359932
loss in epoch 328 iteration 4: 0.02240360714495182
loss in epoch 328 iteration 5: 0.02106669545173645
loss in epoch 328 iteration 6: 0.018474016338586807
loss in epoch 329 iteration 0: 0.024218112230300903
loss in epoch 329 iteration 1: 0.019185882061719894
loss in epoch 329 iteration 2: 0.02794494479894638
loss in epoch 329 iteration 3: 0.020928137004375458
loss in epoch 329 iteration 4: 0.019200704991817474
loss in epoch 329 iteration 5: 0.030200058594346046
loss in epoch 329 iteration 6: 0.025506585836410522
loss in epoch 330 iteration 0: 0.020048219710588455
loss in epoch 330 iteration 1: 0.024445440620183945
loss in epoch 330 iteration 2: 0.025569580495357513
loss in epoch 330 iteration 3: 0.02010168880224228
loss in epoch 330 iteration 4: 0.017812276259064674
loss in epoch 330 iteration 5: 0.020929571241140366
loss in epoch 330 iteration 6: 0.022101035341620445
loss in epoch 331 iteration 0: 0.020962629467248917
loss in epoch 331 iteration 1: 0.015887046232819557
loss in epoch 331 iteration 2: 0.014016618952155113
loss in epoch 331 iteration 3: 0.029968110844492912
loss in epoch 331 iteration 4: 0.02657516486942768
loss in epoch 331 iteration 5: 0.017943846061825752
loss in epoch 331 iteration 6: 0.017956499010324478
loss in epoch 332 iteration 0: 0.015563190914690495
loss in epoch 332 iteration 1: 0.033114105463027954
loss in epoch 332 iteration 2: 0.03345436602830887
loss in epoch 332 iteration 3: 0.02067885734140873
loss in epoch 332 iteration 4: 0.022607672959566116
loss in epoch 332 iteration 5: 0.015549415722489357
loss in epoch 332 iteration 6: 0.02441071718931198
loss in epoch 333 iteration 0: 0.017754480242729187
loss in epoch 333 iteration 1: 0.018737323582172394
loss in epoch 333 iteration 2: 0.02014467865228653
loss in epoch 333 iteration 3: 0.02188158594071865
loss in epoch 333 iteration 4: 0.014292802661657333
loss in epoch 333 iteration 5: 0.0342884361743927
loss in epoch 333 iteration 6: 0.02883022651076317
loss in epoch 334 iteration 0: 0.02952933870255947
loss in epoch 334 iteration 1: 0.018518276512622833
loss in epoch 334 iteration 2: 0.025954052805900574
loss in epoch 334 iteration 3: 0.021430015563964844
loss in epoch 334 iteration 4: 0.022509673610329628
loss in epoch 334 iteration 5: 0.017977867275476456
loss in epoch 334 iteration 6: 0.014495947398245335
loss in epoch 335 iteration 0: 0.024478301405906677
loss in epoch 335 iteration 1: 0.03827081620693207
loss in epoch 335 iteration 2: 0.012831626459956169
loss in epoch 335 iteration 3: 0.017488576471805573
loss in epoch 335 iteration 4: 0.020561300218105316
loss in epoch 335 iteration 5: 0.023159053176641464
loss in epoch 335 iteration 6: 0.017192192375659943
loss in epoch 336 iteration 0: 0.021976284682750702
loss in epoch 336 iteration 1: 0.03329505771398544
loss in epoch 336 iteration 2: 0.014927197247743607
loss in epoch 336 iteration 3: 0.019221531227231026
loss in epoch 336 iteration 4: 0.017838777974247932
loss in epoch 336 iteration 5: 0.022823821753263474
loss in epoch 336 iteration 6: 0.027228042483329773
loss in epoch 337 iteration 0: 0.02020835131406784
loss in epoch 337 iteration 1: 0.02203061804175377
loss in epoch 337 iteration 2: 0.03361998498439789
loss in epoch 337 iteration 3: 0.03216630220413208
loss in epoch 337 iteration 4: 0.02218044176697731
loss in epoch 337 iteration 5: 0.021238237619400024
loss in epoch 337 iteration 6: 0.030936390161514282
loss in epoch 338 iteration 0: 0.022403301671147346
loss in epoch 338 iteration 1: 0.020169198513031006
loss in epoch 338 iteration 2: 0.026736225932836533
loss in epoch 338 iteration 3: 0.029632098972797394
loss in epoch 338 iteration 4: 0.027403494343161583
loss in epoch 338 iteration 5: 0.026724979281425476
loss in epoch 338 iteration 6: 0.037274982780218124
loss in epoch 339 iteration 0: 0.014638478867709637
loss in epoch 339 iteration 1: 0.017436843365430832
loss in epoch 339 iteration 2: 0.016437817364931107
loss in epoch 339 iteration 3: 0.021818360313773155
loss in epoch 339 iteration 4: 0.01659078523516655
loss in epoch 339 iteration 5: 0.020159440115094185
loss in epoch 339 iteration 6: 0.02163659781217575
loss in epoch 340 iteration 0: 0.024987444281578064
loss in epoch 340 iteration 1: 0.027920451015233994
loss in epoch 340 iteration 2: 0.021754050627350807
loss in epoch 340 iteration 3: 0.03375336155295372
loss in epoch 340 iteration 4: 0.018048809841275215
loss in epoch 340 iteration 5: 0.024011321365833282
loss in epoch 340 iteration 6: 0.022365257143974304
Evaluating................................
Epoch: 340, Time: 56.92s
Valid: N@5:0.0510 H@5:0.0710 | N@10:0.0652 H@10:0.1149 | N@20:0.0808 H@20:0.1768
Test:  N@5:0.0421 H@5:0.0625 | N@10:0.0502 H@10:0.0878 | N@20:0.0616 H@20:0.1335
loss in epoch 341 iteration 0: 0.03339647501707077
loss in epoch 341 iteration 1: 0.014983458444476128
loss in epoch 341 iteration 2: 0.02044248953461647
loss in epoch 341 iteration 3: 0.023776277899742126
loss in epoch 341 iteration 4: 0.014167667366564274
loss in epoch 341 iteration 5: 0.019552549347281456
loss in epoch 341 iteration 6: 0.02240181900560856
loss in epoch 342 iteration 0: 0.025101425126194954
loss in epoch 342 iteration 1: 0.011332856491208076
loss in epoch 342 iteration 2: 0.029674358665943146
loss in epoch 342 iteration 3: 0.014493176713585854
loss in epoch 342 iteration 4: 0.01649615168571472
loss in epoch 342 iteration 5: 0.02174730971455574
loss in epoch 342 iteration 6: 0.01876460388302803
loss in epoch 343 iteration 0: 0.022473324090242386
loss in epoch 343 iteration 1: 0.04184623807668686
loss in epoch 343 iteration 2: 0.018769819289445877
loss in epoch 343 iteration 3: 0.036531124264001846
loss in epoch 343 iteration 4: 0.017861267551779747
loss in epoch 343 iteration 5: 0.01560293696820736
loss in epoch 343 iteration 6: 0.011696724221110344
loss in epoch 344 iteration 0: 0.020929299294948578
loss in epoch 344 iteration 1: 0.033521801233291626
loss in epoch 344 iteration 2: 0.02615726739168167
loss in epoch 344 iteration 3: 0.009478510357439518
loss in epoch 344 iteration 4: 0.02765723504126072
loss in epoch 344 iteration 5: 0.017193252220749855
loss in epoch 344 iteration 6: 0.025564350187778473
loss in epoch 345 iteration 0: 0.011925906874239445
loss in epoch 345 iteration 1: 0.02450834959745407
loss in epoch 345 iteration 2: 0.0148171316832304
loss in epoch 345 iteration 3: 0.01845271699130535
loss in epoch 345 iteration 4: 0.01975433900952339
loss in epoch 345 iteration 5: 0.029232971370220184
loss in epoch 345 iteration 6: 0.014247903600335121
loss in epoch 346 iteration 0: 0.026967216283082962
loss in epoch 346 iteration 1: 0.01594085805118084
loss in epoch 346 iteration 2: 0.024656562134623528
loss in epoch 346 iteration 3: 0.022654449567198753
loss in epoch 346 iteration 4: 0.01697443425655365
loss in epoch 346 iteration 5: 0.02204638347029686
loss in epoch 346 iteration 6: 0.02140461839735508
loss in epoch 347 iteration 0: 0.017147105187177658
loss in epoch 347 iteration 1: 0.014278685674071312
loss in epoch 347 iteration 2: 0.028797581791877747
loss in epoch 347 iteration 3: 0.02014092355966568
loss in epoch 347 iteration 4: 0.014316018670797348
loss in epoch 347 iteration 5: 0.02447241172194481
loss in epoch 347 iteration 6: 0.02117195352911949
loss in epoch 348 iteration 0: 0.026215320453047752
loss in epoch 348 iteration 1: 0.025786524638533592
loss in epoch 348 iteration 2: 0.01182781532406807
loss in epoch 348 iteration 3: 0.01628556288778782
loss in epoch 348 iteration 4: 0.013949710875749588
loss in epoch 348 iteration 5: 0.017980145290493965
loss in epoch 348 iteration 6: 0.03051729127764702
loss in epoch 349 iteration 0: 0.028636757284402847
loss in epoch 349 iteration 1: 0.022268887609243393
loss in epoch 349 iteration 2: 0.02749815583229065
loss in epoch 349 iteration 3: 0.031208310276269913
loss in epoch 349 iteration 4: 0.023026585578918457
loss in epoch 349 iteration 5: 0.018988659605383873
loss in epoch 349 iteration 6: 0.02036675065755844
loss in epoch 350 iteration 0: 0.013319060206413269
loss in epoch 350 iteration 1: 0.02943490631878376
loss in epoch 350 iteration 2: 0.012526912614703178
loss in epoch 350 iteration 3: 0.02286192588508129
loss in epoch 350 iteration 4: 0.02696552313864231
loss in epoch 350 iteration 5: 0.02398216724395752
loss in epoch 350 iteration 6: 0.013519784435629845
loss in epoch 351 iteration 0: 0.015741843730211258
loss in epoch 351 iteration 1: 0.033742405474185944
loss in epoch 351 iteration 2: 0.027105845510959625
loss in epoch 351 iteration 3: 0.014982981607317924
loss in epoch 351 iteration 4: 0.02043747715651989
loss in epoch 351 iteration 5: 0.015788733959197998
loss in epoch 351 iteration 6: 0.024296268820762634
loss in epoch 352 iteration 0: 0.02599130943417549
loss in epoch 352 iteration 1: 0.02771793305873871
loss in epoch 352 iteration 2: 0.02585992030799389
loss in epoch 352 iteration 3: 0.01777675189077854
loss in epoch 352 iteration 4: 0.018078062683343887
loss in epoch 352 iteration 5: 0.0291919969022274
loss in epoch 352 iteration 6: 0.018670503050088882
loss in epoch 353 iteration 0: 0.018725009635090828
loss in epoch 353 iteration 1: 0.02765580639243126
loss in epoch 353 iteration 2: 0.02876420132815838
loss in epoch 353 iteration 3: 0.011206695809960365
loss in epoch 353 iteration 4: 0.019754238426685333
loss in epoch 353 iteration 5: 0.018829284235835075
loss in epoch 353 iteration 6: 0.027490079402923584
loss in epoch 354 iteration 0: 0.031787559390068054
loss in epoch 354 iteration 1: 0.021237218752503395
loss in epoch 354 iteration 2: 0.03157052397727966
loss in epoch 354 iteration 3: 0.015462829731404781
loss in epoch 354 iteration 4: 0.018514670431613922
loss in epoch 354 iteration 5: 0.027183931320905685
loss in epoch 354 iteration 6: 0.01752639189362526
loss in epoch 355 iteration 0: 0.026368074119091034
loss in epoch 355 iteration 1: 0.036187514662742615
loss in epoch 355 iteration 2: 0.02067110314965248
loss in epoch 355 iteration 3: 0.022698689252138138
loss in epoch 355 iteration 4: 0.023702148348093033
loss in epoch 355 iteration 5: 0.010131233371794224
loss in epoch 355 iteration 6: 0.025080615654587746
loss in epoch 356 iteration 0: 0.017680270597338676
loss in epoch 356 iteration 1: 0.01902691461145878
loss in epoch 356 iteration 2: 0.016960974782705307
loss in epoch 356 iteration 3: 0.02700430527329445
loss in epoch 356 iteration 4: 0.026709556579589844
loss in epoch 356 iteration 5: 0.020265545696020126
loss in epoch 356 iteration 6: 0.027009055018424988
loss in epoch 357 iteration 0: 0.017569996416568756
loss in epoch 357 iteration 1: 0.02593047171831131
loss in epoch 357 iteration 2: 0.0169377364218235
loss in epoch 357 iteration 3: 0.03555653244256973
loss in epoch 357 iteration 4: 0.023869821801781654
loss in epoch 357 iteration 5: 0.028588837012648582
loss in epoch 357 iteration 6: 0.01335357129573822
loss in epoch 358 iteration 0: 0.030127519741654396
loss in epoch 358 iteration 1: 0.027209289371967316
loss in epoch 358 iteration 2: 0.019977938383817673
loss in epoch 358 iteration 3: 0.017804641276597977
loss in epoch 358 iteration 4: 0.015336885116994381
loss in epoch 358 iteration 5: 0.013533743098378181
loss in epoch 358 iteration 6: 0.014172506518661976
loss in epoch 359 iteration 0: 0.020549669861793518
loss in epoch 359 iteration 1: 0.023981718346476555
loss in epoch 359 iteration 2: 0.01523057371377945
loss in epoch 359 iteration 3: 0.030340315774083138
loss in epoch 359 iteration 4: 0.020108865574002266
loss in epoch 359 iteration 5: 0.02660496160387993
loss in epoch 359 iteration 6: 0.015580443665385246
loss in epoch 360 iteration 0: 0.018479876220226288
loss in epoch 360 iteration 1: 0.0227351114153862
loss in epoch 360 iteration 2: 0.029199600219726562
loss in epoch 360 iteration 3: 0.018797453492879868
loss in epoch 360 iteration 4: 0.028758477419614792
loss in epoch 360 iteration 5: 0.019477035850286484
loss in epoch 360 iteration 6: 0.023479904979467392
Evaluating................................
Epoch: 360, Time: 60.24s
Valid: N@5:0.0521 H@5:0.0740 | N@10:0.0643 H@10:0.1118 | N@20:0.0808 H@20:0.1774
Test:  N@5:0.0423 H@5:0.0643 | N@10:0.0513 H@10:0.0932 | N@20:0.0616 H@20:0.1341
loss in epoch 361 iteration 0: 0.013832690194249153
loss in epoch 361 iteration 1: 0.02300255559384823
loss in epoch 361 iteration 2: 0.019955383613705635
loss in epoch 361 iteration 3: 0.022486835718154907
loss in epoch 361 iteration 4: 0.023248236626386642
loss in epoch 361 iteration 5: 0.03401808813214302
loss in epoch 361 iteration 6: 0.030663544312119484
loss in epoch 362 iteration 0: 0.021588299423456192
loss in epoch 362 iteration 1: 0.022592991590499878
loss in epoch 362 iteration 2: 0.02724107727408409
loss in epoch 362 iteration 3: 0.011789876967668533
loss in epoch 362 iteration 4: 0.025700995698571205
loss in epoch 362 iteration 5: 0.022192513570189476
loss in epoch 362 iteration 6: 0.029665609821677208
loss in epoch 363 iteration 0: 0.02492600306868553
loss in epoch 363 iteration 1: 0.033035729080438614
loss in epoch 363 iteration 2: 0.016857679933309555
loss in epoch 363 iteration 3: 0.014084534719586372
loss in epoch 363 iteration 4: 0.02182741090655327
loss in epoch 363 iteration 5: 0.023865627124905586
loss in epoch 363 iteration 6: 0.019556324928998947
loss in epoch 364 iteration 0: 0.021197091788053513
loss in epoch 364 iteration 1: 0.012795607559382915
loss in epoch 364 iteration 2: 0.02865593321621418
loss in epoch 364 iteration 3: 0.0246760044246912
loss in epoch 364 iteration 4: 0.016762053593993187
loss in epoch 364 iteration 5: 0.02132338657975197
loss in epoch 364 iteration 6: 0.013409269973635674
loss in epoch 365 iteration 0: 0.022439032793045044
loss in epoch 365 iteration 1: 0.027529897168278694
loss in epoch 365 iteration 2: 0.03541338071227074
loss in epoch 365 iteration 3: 0.013788048177957535
loss in epoch 365 iteration 4: 0.019459519535303116
loss in epoch 365 iteration 5: 0.016110077500343323
loss in epoch 365 iteration 6: 0.02056453935801983
loss in epoch 366 iteration 0: 0.02072940580546856
loss in epoch 366 iteration 1: 0.023677222430706024
loss in epoch 366 iteration 2: 0.015920929610729218
loss in epoch 366 iteration 3: 0.0313156396150589
loss in epoch 366 iteration 4: 0.014475814998149872
loss in epoch 366 iteration 5: 0.017370151355862617
loss in epoch 366 iteration 6: 0.018081089481711388
loss in epoch 367 iteration 0: 0.027362506836652756
loss in epoch 367 iteration 1: 0.02098078280687332
loss in epoch 367 iteration 2: 0.014005870558321476
loss in epoch 367 iteration 3: 0.022253042086958885
loss in epoch 367 iteration 4: 0.011876513250172138
loss in epoch 367 iteration 5: 0.020815562456846237
loss in epoch 367 iteration 6: 0.01821082830429077
loss in epoch 368 iteration 0: 0.012030359357595444
loss in epoch 368 iteration 1: 0.029054705053567886
loss in epoch 368 iteration 2: 0.020717309787869453
loss in epoch 368 iteration 3: 0.01889624074101448
loss in epoch 368 iteration 4: 0.02514353021979332
loss in epoch 368 iteration 5: 0.02246757782995701
loss in epoch 368 iteration 6: 0.018045583739876747
loss in epoch 369 iteration 0: 0.01899077370762825
loss in epoch 369 iteration 1: 0.02144334837794304
loss in epoch 369 iteration 2: 0.01627448759973049
loss in epoch 369 iteration 3: 0.02271292731165886
loss in epoch 369 iteration 4: 0.014737440273165703
loss in epoch 369 iteration 5: 0.02855398878455162
loss in epoch 369 iteration 6: 0.027628086507320404
loss in epoch 370 iteration 0: 0.014454090036451817
loss in epoch 370 iteration 1: 0.020733941346406937
loss in epoch 370 iteration 2: 0.02630230411887169
loss in epoch 370 iteration 3: 0.02518644370138645
loss in epoch 370 iteration 4: 0.01894337683916092
loss in epoch 370 iteration 5: 0.014455871656537056
loss in epoch 370 iteration 6: 0.020598154515028
loss in epoch 371 iteration 0: 0.021745475009083748
loss in epoch 371 iteration 1: 0.016560502350330353
loss in epoch 371 iteration 2: 0.01635272428393364
loss in epoch 371 iteration 3: 0.016800494864583015
loss in epoch 371 iteration 4: 0.030954532325267792
loss in epoch 371 iteration 5: 0.013622750528156757
loss in epoch 371 iteration 6: 0.024057237431406975
loss in epoch 372 iteration 0: 0.019519373774528503
loss in epoch 372 iteration 1: 0.021647371351718903
loss in epoch 372 iteration 2: 0.01979808323085308
loss in epoch 372 iteration 3: 0.02400129660964012
loss in epoch 372 iteration 4: 0.021412206813693047
loss in epoch 372 iteration 5: 0.02941107004880905
loss in epoch 372 iteration 6: 0.01766260899603367
loss in epoch 373 iteration 0: 0.0304226316511631
loss in epoch 373 iteration 1: 0.018161799758672714
loss in epoch 373 iteration 2: 0.01977413147687912
loss in epoch 373 iteration 3: 0.013250828720629215
loss in epoch 373 iteration 4: 0.028423631563782692
loss in epoch 373 iteration 5: 0.014375315979123116
loss in epoch 373 iteration 6: 0.014308944344520569
loss in epoch 374 iteration 0: 0.021874437108635902
loss in epoch 374 iteration 1: 0.015664104372262955
loss in epoch 374 iteration 2: 0.022073689848184586
loss in epoch 374 iteration 3: 0.012337476015090942
loss in epoch 374 iteration 4: 0.022116057574748993
loss in epoch 374 iteration 5: 0.018677067011594772
loss in epoch 374 iteration 6: 0.02020222321152687
loss in epoch 375 iteration 0: 0.025300852954387665
loss in epoch 375 iteration 1: 0.021947458386421204
loss in epoch 375 iteration 2: 0.010432062670588493
loss in epoch 375 iteration 3: 0.019043345004320145
loss in epoch 375 iteration 4: 0.018064342439174652
loss in epoch 375 iteration 5: 0.014391666278243065
loss in epoch 375 iteration 6: 0.026131831109523773
loss in epoch 376 iteration 0: 0.02028651162981987
loss in epoch 376 iteration 1: 0.02729519084095955
loss in epoch 376 iteration 2: 0.015880202874541283
loss in epoch 376 iteration 3: 0.01696101389825344
loss in epoch 376 iteration 4: 0.015491456724703312
loss in epoch 376 iteration 5: 0.019674185663461685
loss in epoch 376 iteration 6: 0.015058291144669056
loss in epoch 377 iteration 0: 0.01485656388103962
loss in epoch 377 iteration 1: 0.011192897334694862
loss in epoch 377 iteration 2: 0.02559582330286503
loss in epoch 377 iteration 3: 0.018807344138622284
loss in epoch 377 iteration 4: 0.017836492508649826
loss in epoch 377 iteration 5: 0.016915231943130493
loss in epoch 377 iteration 6: 0.01310395821928978
loss in epoch 378 iteration 0: 0.029618384316563606
loss in epoch 378 iteration 1: 0.03819485008716583
loss in epoch 378 iteration 2: 0.021111365407705307
loss in epoch 378 iteration 3: 0.01950703002512455
loss in epoch 378 iteration 4: 0.025379007682204247
loss in epoch 378 iteration 5: 0.0299672894179821
loss in epoch 378 iteration 6: 0.030288536101579666
loss in epoch 379 iteration 0: 0.03197937086224556
loss in epoch 379 iteration 1: 0.019487835466861725
loss in epoch 379 iteration 2: 0.03012095019221306
loss in epoch 379 iteration 3: 0.021512577310204506
loss in epoch 379 iteration 4: 0.03335287794470787
loss in epoch 379 iteration 5: 0.010582730174064636
loss in epoch 379 iteration 6: 0.01994577795267105
loss in epoch 380 iteration 0: 0.01624157652258873
loss in epoch 380 iteration 1: 0.023613575845956802
loss in epoch 380 iteration 2: 0.024309953674674034
loss in epoch 380 iteration 3: 0.012162568047642708
loss in epoch 380 iteration 4: 0.009314388036727905
loss in epoch 380 iteration 5: 0.04048578441143036
loss in epoch 380 iteration 6: 0.019674140959978104
Evaluating................................
Epoch: 380, Time: 63.44s
Valid: N@5:0.0532 H@5:0.0752 | N@10:0.0645 H@10:0.1106 | N@20:0.0812 H@20:0.1774
Test:  N@5:0.0397 H@5:0.0613 | N@10:0.0503 H@10:0.0950 | N@20:0.0605 H@20:0.1359
loss in epoch 381 iteration 0: 0.032329704612493515
loss in epoch 381 iteration 1: 0.01928013563156128
loss in epoch 381 iteration 2: 0.03060844913125038
loss in epoch 381 iteration 3: 0.031301774084568024
loss in epoch 381 iteration 4: 0.016665589064359665
loss in epoch 381 iteration 5: 0.018212011083960533
loss in epoch 381 iteration 6: 0.030293839052319527
loss in epoch 382 iteration 0: 0.026554230600595474
loss in epoch 382 iteration 1: 0.01657492108643055
loss in epoch 382 iteration 2: 0.03440869227051735
loss in epoch 382 iteration 3: 0.016056042164564133
loss in epoch 382 iteration 4: 0.022777829319238663
loss in epoch 382 iteration 5: 0.017138715833425522
loss in epoch 382 iteration 6: 0.013995270244777203
loss in epoch 383 iteration 0: 0.03739071637392044
loss in epoch 383 iteration 1: 0.0265955850481987
loss in epoch 383 iteration 2: 0.026255402714014053
loss in epoch 383 iteration 3: 0.02220892906188965
loss in epoch 383 iteration 4: 0.01411246508359909
loss in epoch 383 iteration 5: 0.0279424749314785
loss in epoch 383 iteration 6: 0.020694393664598465
loss in epoch 384 iteration 0: 0.0180509053170681
loss in epoch 384 iteration 1: 0.026288125663995743
loss in epoch 384 iteration 2: 0.013672473840415478
loss in epoch 384 iteration 3: 0.019115490838885307
loss in epoch 384 iteration 4: 0.03257792815566063
loss in epoch 384 iteration 5: 0.015024241991341114
loss in epoch 384 iteration 6: 0.024900665506720543
loss in epoch 385 iteration 0: 0.02884204499423504
loss in epoch 385 iteration 1: 0.021683482453227043
loss in epoch 385 iteration 2: 0.01629496179521084
loss in epoch 385 iteration 3: 0.021112987771630287
loss in epoch 385 iteration 4: 0.017187973484396935
loss in epoch 385 iteration 5: 0.012186972424387932
loss in epoch 385 iteration 6: 0.027735115960240364
loss in epoch 386 iteration 0: 0.014901848509907722
loss in epoch 386 iteration 1: 0.020315131172537804
loss in epoch 386 iteration 2: 0.023471634835004807
loss in epoch 386 iteration 3: 0.01963440328836441
loss in epoch 386 iteration 4: 0.024641476571559906
loss in epoch 386 iteration 5: 0.019611945375800133
loss in epoch 386 iteration 6: 0.012882150709629059
loss in epoch 387 iteration 0: 0.02381029725074768
loss in epoch 387 iteration 1: 0.020705774426460266
loss in epoch 387 iteration 2: 0.024789446964859962
loss in epoch 387 iteration 3: 0.01927734725177288
loss in epoch 387 iteration 4: 0.025721004232764244
loss in epoch 387 iteration 5: 0.023000413551926613
loss in epoch 387 iteration 6: 0.008925134316086769
loss in epoch 388 iteration 0: 0.02008834294974804
loss in epoch 388 iteration 1: 0.025927115231752396
loss in epoch 388 iteration 2: 0.019810859113931656
loss in epoch 388 iteration 3: 0.015988707542419434
loss in epoch 388 iteration 4: 0.01363319531083107
loss in epoch 388 iteration 5: 0.032076261937618256
loss in epoch 388 iteration 6: 0.024211060255765915
loss in epoch 389 iteration 0: 0.02076287753880024
loss in epoch 389 iteration 1: 0.0107565987855196
loss in epoch 389 iteration 2: 0.012230480089783669
loss in epoch 389 iteration 3: 0.02095891535282135
loss in epoch 389 iteration 4: 0.0369403101503849
loss in epoch 389 iteration 5: 0.02578500099480152
loss in epoch 389 iteration 6: 0.01375634130090475
loss in epoch 390 iteration 0: 0.022290227934718132
loss in epoch 390 iteration 1: 0.025097675621509552
loss in epoch 390 iteration 2: 0.017660556361079216
loss in epoch 390 iteration 3: 0.0201084204018116
loss in epoch 390 iteration 4: 0.02122628130018711
loss in epoch 390 iteration 5: 0.016237597912549973
loss in epoch 390 iteration 6: 0.01661745086312294
loss in epoch 391 iteration 0: 0.020261313766241074
loss in epoch 391 iteration 1: 0.012354519218206406
loss in epoch 391 iteration 2: 0.024217985570430756
loss in epoch 391 iteration 3: 0.022250542417168617
loss in epoch 391 iteration 4: 0.01957164704799652
loss in epoch 391 iteration 5: 0.02109377831220627
loss in epoch 391 iteration 6: 0.014509033411741257
loss in epoch 392 iteration 0: 0.021962327882647514
loss in epoch 392 iteration 1: 0.018679598346352577
loss in epoch 392 iteration 2: 0.012265977449715137
loss in epoch 392 iteration 3: 0.01651456579566002
loss in epoch 392 iteration 4: 0.024600084871053696
loss in epoch 392 iteration 5: 0.01829328015446663
loss in epoch 392 iteration 6: 0.026586759835481644
loss in epoch 393 iteration 0: 0.022581001743674278
loss in epoch 393 iteration 1: 0.02495642378926277
loss in epoch 393 iteration 2: 0.01061193272471428
loss in epoch 393 iteration 3: 0.013928228989243507
loss in epoch 393 iteration 4: 0.019285747781395912
loss in epoch 393 iteration 5: 0.02092907205224037
loss in epoch 393 iteration 6: 0.02350100874900818
loss in epoch 394 iteration 0: 0.015875916928052902
loss in epoch 394 iteration 1: 0.026072148233652115
loss in epoch 394 iteration 2: 0.02367977425456047
loss in epoch 394 iteration 3: 0.02713014744222164
loss in epoch 394 iteration 4: 0.026122432202100754
loss in epoch 394 iteration 5: 0.012337121181190014
loss in epoch 394 iteration 6: 0.01432341244071722
loss in epoch 395 iteration 0: 0.014871702529489994
loss in epoch 395 iteration 1: 0.03121171146631241
loss in epoch 395 iteration 2: 0.02313894033432007
loss in epoch 395 iteration 3: 0.01976761780679226
loss in epoch 395 iteration 4: 0.024608876556158066
loss in epoch 395 iteration 5: 0.02015732415020466
loss in epoch 395 iteration 6: 0.024715643376111984
loss in epoch 396 iteration 0: 0.02756674215197563
loss in epoch 396 iteration 1: 0.017610369250178337
loss in epoch 396 iteration 2: 0.015690986067056656
loss in epoch 396 iteration 3: 0.022806569933891296
loss in epoch 396 iteration 4: 0.02139848843216896
loss in epoch 396 iteration 5: 0.02394697070121765
loss in epoch 396 iteration 6: 0.0198659747838974
loss in epoch 397 iteration 0: 0.016135720536112785
loss in epoch 397 iteration 1: 0.012820960953831673
loss in epoch 397 iteration 2: 0.03218743950128555
loss in epoch 397 iteration 3: 0.017999283969402313
loss in epoch 397 iteration 4: 0.021994490176439285
loss in epoch 397 iteration 5: 0.02423488162457943
loss in epoch 397 iteration 6: 0.014034131541848183
loss in epoch 398 iteration 0: 0.033485811203718185
loss in epoch 398 iteration 1: 0.010319998487830162
loss in epoch 398 iteration 2: 0.0164488572627306
loss in epoch 398 iteration 3: 0.017065389081835747
loss in epoch 398 iteration 4: 0.02121565118432045
loss in epoch 398 iteration 5: 0.017880583181977272
loss in epoch 398 iteration 6: 0.02416261099278927
loss in epoch 399 iteration 0: 0.017560962587594986
loss in epoch 399 iteration 1: 0.018450189381837845
loss in epoch 399 iteration 2: 0.018279537558555603
loss in epoch 399 iteration 3: 0.019894367083907127
loss in epoch 399 iteration 4: 0.021422775462269783
loss in epoch 399 iteration 5: 0.022615673020482063
loss in epoch 399 iteration 6: 0.015183386392891407
loss in epoch 400 iteration 0: 0.01921771839261055
loss in epoch 400 iteration 1: 0.026215139776468277
loss in epoch 400 iteration 2: 0.01782321184873581
loss in epoch 400 iteration 3: 0.029981421306729317
loss in epoch 400 iteration 4: 0.016884488984942436
loss in epoch 400 iteration 5: 0.015452684834599495
loss in epoch 400 iteration 6: 0.021799392998218536
Evaluating................................
Epoch: 400, Time: 66.60s
Valid: N@5:0.0552 H@5:0.0782 | N@10:0.0676 H@10:0.1179 | N@20:0.0830 H@20:0.1798
Test:  N@5:0.0433 H@5:0.0589 | N@10:0.0513 H@10:0.0836 | N@20:0.0643 H@20:0.1359
loss in epoch 401 iteration 0: 0.013021249324083328
loss in epoch 401 iteration 1: 0.02320878952741623
loss in epoch 401 iteration 2: 0.020139498636126518
loss in epoch 401 iteration 3: 0.012072006240487099
loss in epoch 401 iteration 4: 0.02400428242981434
loss in epoch 401 iteration 5: 0.018902037292718887
loss in epoch 401 iteration 6: 0.017112065106630325
loss in epoch 402 iteration 0: 0.024466674774885178
loss in epoch 402 iteration 1: 0.03110400401055813
loss in epoch 402 iteration 2: 0.012916162610054016
loss in epoch 402 iteration 3: 0.013731492683291435
loss in epoch 402 iteration 4: 0.02405700832605362
loss in epoch 402 iteration 5: 0.018400520086288452
loss in epoch 402 iteration 6: 0.026465144008398056
loss in epoch 403 iteration 0: 0.03038039058446884
loss in epoch 403 iteration 1: 0.024646278470754623
loss in epoch 403 iteration 2: 0.017695873975753784
loss in epoch 403 iteration 3: 0.014562772586941719
loss in epoch 403 iteration 4: 0.0255337655544281
loss in epoch 403 iteration 5: 0.015480410307645798
loss in epoch 403 iteration 6: 0.019573599100112915
loss in epoch 404 iteration 0: 0.01397021859884262
loss in epoch 404 iteration 1: 0.030662477016448975
loss in epoch 404 iteration 2: 0.021629922091960907
loss in epoch 404 iteration 3: 0.010835728608071804
loss in epoch 404 iteration 4: 0.013042865321040154
loss in epoch 404 iteration 5: 0.02254258282482624
loss in epoch 404 iteration 6: 0.012367776595056057
loss in epoch 405 iteration 0: 0.018830556422472
loss in epoch 405 iteration 1: 0.01955416053533554
loss in epoch 405 iteration 2: 0.01719905249774456
loss in epoch 405 iteration 3: 0.02733423374593258
loss in epoch 405 iteration 4: 0.02212664857506752
loss in epoch 405 iteration 5: 0.018583647906780243
loss in epoch 405 iteration 6: 0.020558271557092667
loss in epoch 406 iteration 0: 0.02400192804634571
loss in epoch 406 iteration 1: 0.01984238810837269
loss in epoch 406 iteration 2: 0.017848249524831772
loss in epoch 406 iteration 3: 0.014871875755488873
loss in epoch 406 iteration 4: 0.022319098934531212
loss in epoch 406 iteration 5: 0.014095773920416832
loss in epoch 406 iteration 6: 0.019488126039505005
loss in epoch 407 iteration 0: 0.0251670740544796
loss in epoch 407 iteration 1: 0.015400879085063934
loss in epoch 407 iteration 2: 0.014344350434839725
loss in epoch 407 iteration 3: 0.022894350811839104
loss in epoch 407 iteration 4: 0.022472059354186058
loss in epoch 407 iteration 5: 0.022844679653644562
loss in epoch 407 iteration 6: 0.020439252257347107
loss in epoch 408 iteration 0: 0.020957978442311287
loss in epoch 408 iteration 1: 0.018887784332036972
loss in epoch 408 iteration 2: 0.01497909240424633
loss in epoch 408 iteration 3: 0.013932043686509132
loss in epoch 408 iteration 4: 0.009870818816125393
loss in epoch 408 iteration 5: 0.012132115662097931
loss in epoch 408 iteration 6: 0.0183390025049448
loss in epoch 409 iteration 0: 0.025481514632701874
loss in epoch 409 iteration 1: 0.022933565080165863
loss in epoch 409 iteration 2: 0.021672971546649933
loss in epoch 409 iteration 3: 0.017803188413381577
loss in epoch 409 iteration 4: 0.019091419875621796
loss in epoch 409 iteration 5: 0.029197625815868378
loss in epoch 409 iteration 6: 0.02366708777844906
loss in epoch 410 iteration 0: 0.02053031511604786
loss in epoch 410 iteration 1: 0.02161497063934803
loss in epoch 410 iteration 2: 0.022127771750092506
loss in epoch 410 iteration 3: 0.01943817548453808
loss in epoch 410 iteration 4: 0.02378467470407486
loss in epoch 410 iteration 5: 0.018202178180217743
loss in epoch 410 iteration 6: 0.024232808500528336
loss in epoch 411 iteration 0: 0.0193539559841156
loss in epoch 411 iteration 1: 0.020266389474272728
loss in epoch 411 iteration 2: 0.01950986124575138
loss in epoch 411 iteration 3: 0.01900463178753853
loss in epoch 411 iteration 4: 0.011975137516856194
loss in epoch 411 iteration 5: 0.016305122524499893
loss in epoch 411 iteration 6: 0.025828078389167786
loss in epoch 412 iteration 0: 0.017143450677394867
loss in epoch 412 iteration 1: 0.01724190078675747
loss in epoch 412 iteration 2: 0.01603730209171772
loss in epoch 412 iteration 3: 0.01687253825366497
loss in epoch 412 iteration 4: 0.009845413267612457
loss in epoch 412 iteration 5: 0.02876991033554077
loss in epoch 412 iteration 6: 0.021224725991487503
loss in epoch 413 iteration 0: 0.018204130232334137
loss in epoch 413 iteration 1: 0.04198058322072029
loss in epoch 413 iteration 2: 0.012179406359791756
loss in epoch 413 iteration 3: 0.01161281019449234
loss in epoch 413 iteration 4: 0.02473689243197441
loss in epoch 413 iteration 5: 0.013784404844045639
loss in epoch 413 iteration 6: 0.023663774132728577
loss in epoch 414 iteration 0: 0.02189302258193493
loss in epoch 414 iteration 1: 0.025193028151988983
loss in epoch 414 iteration 2: 0.02679283171892166
loss in epoch 414 iteration 3: 0.020103082060813904
loss in epoch 414 iteration 4: 0.013289333321154118
loss in epoch 414 iteration 5: 0.01623934879899025
loss in epoch 414 iteration 6: 0.02487647905945778
loss in epoch 415 iteration 0: 0.018931150436401367
loss in epoch 415 iteration 1: 0.016971305012702942
loss in epoch 415 iteration 2: 0.014382428489625454
loss in epoch 415 iteration 3: 0.022165078669786453
loss in epoch 415 iteration 4: 0.025943631306290627
loss in epoch 415 iteration 5: 0.01685493253171444
loss in epoch 415 iteration 6: 0.010743672959506512
loss in epoch 416 iteration 0: 0.013734268955886364
loss in epoch 416 iteration 1: 0.01309931743890047
loss in epoch 416 iteration 2: 0.022366654127836227
loss in epoch 416 iteration 3: 0.020939994603395462
loss in epoch 416 iteration 4: 0.0230710469186306
loss in epoch 416 iteration 5: 0.022998519241809845
loss in epoch 416 iteration 6: 0.02114032953977585
loss in epoch 417 iteration 0: 0.020114220678806305
loss in epoch 417 iteration 1: 0.020056430250406265
loss in epoch 417 iteration 2: 0.03448960930109024
loss in epoch 417 iteration 3: 0.018884390592575073
loss in epoch 417 iteration 4: 0.020678438246250153
loss in epoch 417 iteration 5: 0.013617206364870071
loss in epoch 417 iteration 6: 0.022074684500694275
loss in epoch 418 iteration 0: 0.02581539936363697
loss in epoch 418 iteration 1: 0.023384680971503258
loss in epoch 418 iteration 2: 0.021279029548168182
loss in epoch 418 iteration 3: 0.019297020509839058
loss in epoch 418 iteration 4: 0.012729905545711517
loss in epoch 418 iteration 5: 0.021778976544737816
loss in epoch 418 iteration 6: 0.02984495274722576
loss in epoch 419 iteration 0: 0.018953554332256317
loss in epoch 419 iteration 1: 0.020688718184828758
loss in epoch 419 iteration 2: 0.019398972392082214
loss in epoch 419 iteration 3: 0.019719237461686134
loss in epoch 419 iteration 4: 0.02003156580030918
loss in epoch 419 iteration 5: 0.021691299974918365
loss in epoch 419 iteration 6: 0.014682537876069546
loss in epoch 420 iteration 0: 0.023752262815833092
loss in epoch 420 iteration 1: 0.014274169690907001
loss in epoch 420 iteration 2: 0.02053733915090561
loss in epoch 420 iteration 3: 0.012023145332932472
loss in epoch 420 iteration 4: 0.020034953951835632
loss in epoch 420 iteration 5: 0.032180219888687134
loss in epoch 420 iteration 6: 0.021834755316376686
Evaluating................................
Epoch: 420, Time: 70.15s
Valid: N@5:0.0550 H@5:0.0770 | N@10:0.0686 H@10:0.1185 | N@20:0.0829 H@20:0.1756
Test:  N@5:0.0423 H@5:0.0613 | N@10:0.0518 H@10:0.0914 | N@20:0.0630 H@20:0.1359
loss in epoch 421 iteration 0: 0.026820342987775803
loss in epoch 421 iteration 1: 0.025274142622947693
loss in epoch 421 iteration 2: 0.012116363272070885
loss in epoch 421 iteration 3: 0.02063228189945221
loss in epoch 421 iteration 4: 0.01580234244465828
loss in epoch 421 iteration 5: 0.014690203592181206
loss in epoch 421 iteration 6: 0.013015823438763618
loss in epoch 422 iteration 0: 0.016541602090001106
loss in epoch 422 iteration 1: 0.02688968926668167
loss in epoch 422 iteration 2: 0.018212465569376945
loss in epoch 422 iteration 3: 0.017907973378896713
loss in epoch 422 iteration 4: 0.018306482583284378
loss in epoch 422 iteration 5: 0.02697107009589672
loss in epoch 422 iteration 6: 0.014208335429430008
loss in epoch 423 iteration 0: 0.016227371990680695
loss in epoch 423 iteration 1: 0.011322170495986938
loss in epoch 423 iteration 2: 0.016897303983569145
loss in epoch 423 iteration 3: 0.01987496018409729
loss in epoch 423 iteration 4: 0.01856163516640663
loss in epoch 423 iteration 5: 0.01967727765440941
loss in epoch 423 iteration 6: 0.035087279975414276
loss in epoch 424 iteration 0: 0.019596830010414124
loss in epoch 424 iteration 1: 0.02272918075323105
loss in epoch 424 iteration 2: 0.02463938295841217
loss in epoch 424 iteration 3: 0.020590823143720627
loss in epoch 424 iteration 4: 0.0152077442035079
loss in epoch 424 iteration 5: 0.01485526654869318
loss in epoch 424 iteration 6: 0.01575838401913643
loss in epoch 425 iteration 0: 0.019573967903852463
loss in epoch 425 iteration 1: 0.03244157135486603
loss in epoch 425 iteration 2: 0.017958763986825943
loss in epoch 425 iteration 3: 0.01741090975701809
loss in epoch 425 iteration 4: 0.024978123605251312
loss in epoch 425 iteration 5: 0.0163878221064806
loss in epoch 425 iteration 6: 0.02297056093811989
loss in epoch 426 iteration 0: 0.014821553602814674
loss in epoch 426 iteration 1: 0.020415568724274635
loss in epoch 426 iteration 2: 0.01818411983549595
loss in epoch 426 iteration 3: 0.020981289446353912
loss in epoch 426 iteration 4: 0.027208475396037102
loss in epoch 426 iteration 5: 0.019698984920978546
loss in epoch 426 iteration 6: 0.01919366978108883
loss in epoch 427 iteration 0: 0.02019323594868183
loss in epoch 427 iteration 1: 0.011309845373034477
loss in epoch 427 iteration 2: 0.025757674127817154
loss in epoch 427 iteration 3: 0.020488545298576355
loss in epoch 427 iteration 4: 0.030764993280172348
loss in epoch 427 iteration 5: 0.0208478644490242
loss in epoch 427 iteration 6: 0.020659536123275757
loss in epoch 428 iteration 0: 0.017703356221318245
loss in epoch 428 iteration 1: 0.015519849956035614
loss in epoch 428 iteration 2: 0.016349995508790016
loss in epoch 428 iteration 3: 0.018473897129297256
loss in epoch 428 iteration 4: 0.01594802923500538
loss in epoch 428 iteration 5: 0.014283892698585987
loss in epoch 428 iteration 6: 0.029423503205180168
loss in epoch 429 iteration 0: 0.020700572058558464
loss in epoch 429 iteration 1: 0.0189704317599535
loss in epoch 429 iteration 2: 0.02792283520102501
loss in epoch 429 iteration 3: 0.02903558686375618
loss in epoch 429 iteration 4: 0.024701740592718124
loss in epoch 429 iteration 5: 0.03738855570554733
loss in epoch 429 iteration 6: 0.023451246321201324
loss in epoch 430 iteration 0: 0.011365121230483055
loss in epoch 430 iteration 1: 0.02274186909198761
loss in epoch 430 iteration 2: 0.020257413387298584
loss in epoch 430 iteration 3: 0.01123831607401371
loss in epoch 430 iteration 4: 0.016032299026846886
loss in epoch 430 iteration 5: 0.020685097202658653
loss in epoch 430 iteration 6: 0.01094239391386509
loss in epoch 431 iteration 0: 0.01675952598452568
loss in epoch 431 iteration 1: 0.014948748052120209
loss in epoch 431 iteration 2: 0.01654065027832985
loss in epoch 431 iteration 3: 0.01254834234714508
loss in epoch 431 iteration 4: 0.022634357213974
loss in epoch 431 iteration 5: 0.02284957468509674
loss in epoch 431 iteration 6: 0.01708119362592697
loss in epoch 432 iteration 0: 0.02865460142493248
loss in epoch 432 iteration 1: 0.017925992608070374
loss in epoch 432 iteration 2: 0.0169895701110363
loss in epoch 432 iteration 3: 0.01940084621310234
loss in epoch 432 iteration 4: 0.01063594501465559
loss in epoch 432 iteration 5: 0.02959030494093895
loss in epoch 432 iteration 6: 0.021169152110815048
loss in epoch 433 iteration 0: 0.03309746831655502
loss in epoch 433 iteration 1: 0.0165274478495121
loss in epoch 433 iteration 2: 0.014993617311120033
loss in epoch 433 iteration 3: 0.011053263209760189
loss in epoch 433 iteration 4: 0.022034715861082077
loss in epoch 433 iteration 5: 0.020889513194561005
loss in epoch 433 iteration 6: 0.016485366970300674
loss in epoch 434 iteration 0: 0.018664132803678513
loss in epoch 434 iteration 1: 0.03386688232421875
loss in epoch 434 iteration 2: 0.022264599800109863
loss in epoch 434 iteration 3: 0.02704152837395668
loss in epoch 434 iteration 4: 0.019323429092764854
loss in epoch 434 iteration 5: 0.026329824700951576
loss in epoch 434 iteration 6: 0.02275470830500126
loss in epoch 435 iteration 0: 0.012735997326672077
loss in epoch 435 iteration 1: 0.025499016046524048
loss in epoch 435 iteration 2: 0.019238388165831566
loss in epoch 435 iteration 3: 0.01116226427257061
loss in epoch 435 iteration 4: 0.02150796167552471
loss in epoch 435 iteration 5: 0.013790849596261978
loss in epoch 435 iteration 6: 0.014662038534879684
loss in epoch 436 iteration 0: 0.025002295151352882
loss in epoch 436 iteration 1: 0.016177505254745483
loss in epoch 436 iteration 2: 0.01867794245481491
loss in epoch 436 iteration 3: 0.011972271837294102
loss in epoch 436 iteration 4: 0.01692480780184269
loss in epoch 436 iteration 5: 0.014343097805976868
loss in epoch 436 iteration 6: 0.017944278195500374
loss in epoch 437 iteration 0: 0.016727466136217117
loss in epoch 437 iteration 1: 0.017118407413363457
loss in epoch 437 iteration 2: 0.020052891224622726
loss in epoch 437 iteration 3: 0.017927832901477814
loss in epoch 437 iteration 4: 0.01631074585020542
loss in epoch 437 iteration 5: 0.027119653299450874
loss in epoch 437 iteration 6: 0.026516221463680267
loss in epoch 438 iteration 0: 0.022017691284418106
loss in epoch 438 iteration 1: 0.016317781060934067
loss in epoch 438 iteration 2: 0.023541446775197983
loss in epoch 438 iteration 3: 0.02140175551176071
loss in epoch 438 iteration 4: 0.018748387694358826
loss in epoch 438 iteration 5: 0.029309365898370743
loss in epoch 438 iteration 6: 0.023771651089191437
loss in epoch 439 iteration 0: 0.03561079502105713
loss in epoch 439 iteration 1: 0.018690388649702072
loss in epoch 439 iteration 2: 0.023242373019456863
loss in epoch 439 iteration 3: 0.029064025729894638
loss in epoch 439 iteration 4: 0.01898316852748394
loss in epoch 439 iteration 5: 0.013980131596326828
loss in epoch 439 iteration 6: 0.016827967017889023
loss in epoch 440 iteration 0: 0.0134518351405859
loss in epoch 440 iteration 1: 0.018577050417661667
loss in epoch 440 iteration 2: 0.01872369833290577
loss in epoch 440 iteration 3: 0.016219154000282288
loss in epoch 440 iteration 4: 0.01491543184965849
loss in epoch 440 iteration 5: 0.02476920560002327
loss in epoch 440 iteration 6: 0.031684406101703644
Evaluating................................
Epoch: 440, Time: 73.37s
Valid: N@5:0.0527 H@5:0.0746 | N@10:0.0662 H@10:0.1167 | N@20:0.0784 H@20:0.1654
Test:  N@5:0.0421 H@5:0.0637 | N@10:0.0516 H@10:0.0938 | N@20:0.0620 H@20:0.1347
loss in epoch 441 iteration 0: 0.016645602881908417
loss in epoch 441 iteration 1: 0.023285213857889175
loss in epoch 441 iteration 2: 0.01074252650141716
loss in epoch 441 iteration 3: 0.022314995527267456
loss in epoch 441 iteration 4: 0.030255552381277084
loss in epoch 441 iteration 5: 0.017099397256970406
loss in epoch 441 iteration 6: 0.018266301602125168
loss in epoch 442 iteration 0: 0.01779598370194435
loss in epoch 442 iteration 1: 0.014692781493067741
loss in epoch 442 iteration 2: 0.010108286514878273
loss in epoch 442 iteration 3: 0.011170856654644012
loss in epoch 442 iteration 4: 0.027269724756479263
loss in epoch 442 iteration 5: 0.018641071394085884
loss in epoch 442 iteration 6: 0.023104872554540634
loss in epoch 443 iteration 0: 0.02086176909506321
loss in epoch 443 iteration 1: 0.011582141742110252
loss in epoch 443 iteration 2: 0.015753254294395447
loss in epoch 443 iteration 3: 0.011128864251077175
loss in epoch 443 iteration 4: 0.015474999323487282
loss in epoch 443 iteration 5: 0.01452728919684887
loss in epoch 443 iteration 6: 0.030707262456417084
loss in epoch 444 iteration 0: 0.016513925045728683
loss in epoch 444 iteration 1: 0.016881730407476425
loss in epoch 444 iteration 2: 0.017881061881780624
loss in epoch 444 iteration 3: 0.014868002384901047
loss in epoch 444 iteration 4: 0.019863415509462357
loss in epoch 444 iteration 5: 0.02401692233979702
loss in epoch 444 iteration 6: 0.019799070432782173
loss in epoch 445 iteration 0: 0.024600496515631676
loss in epoch 445 iteration 1: 0.02219812013208866
loss in epoch 445 iteration 2: 0.018785126507282257
loss in epoch 445 iteration 3: 0.018266811966896057
loss in epoch 445 iteration 4: 0.02075195126235485
loss in epoch 445 iteration 5: 0.018405891954898834
loss in epoch 445 iteration 6: 0.023200294002890587
loss in epoch 446 iteration 0: 0.020379621535539627
loss in epoch 446 iteration 1: 0.029609262943267822
loss in epoch 446 iteration 2: 0.018691495060920715
loss in epoch 446 iteration 3: 0.012537740170955658
loss in epoch 446 iteration 4: 0.022632669657468796
loss in epoch 446 iteration 5: 0.02314837835729122
loss in epoch 446 iteration 6: 0.02107861265540123
loss in epoch 447 iteration 0: 0.011814162135124207
loss in epoch 447 iteration 1: 0.025594301521778107
loss in epoch 447 iteration 2: 0.013641655445098877
loss in epoch 447 iteration 3: 0.027994142845273018
loss in epoch 447 iteration 4: 0.024440035223960876
loss in epoch 447 iteration 5: 0.014681312255561352
loss in epoch 447 iteration 6: 0.016159681603312492
loss in epoch 448 iteration 0: 0.0235393475741148
loss in epoch 448 iteration 1: 0.027475416660308838
loss in epoch 448 iteration 2: 0.01641198620200157
loss in epoch 448 iteration 3: 0.0251647736877203
loss in epoch 448 iteration 4: 0.01638581044971943
loss in epoch 448 iteration 5: 0.025646578520536423
loss in epoch 448 iteration 6: 0.018174640834331512
loss in epoch 449 iteration 0: 0.014818189665675163
loss in epoch 449 iteration 1: 0.015210854820907116
loss in epoch 449 iteration 2: 0.02529977262020111
loss in epoch 449 iteration 3: 0.010720204561948776
loss in epoch 449 iteration 4: 0.020467862486839294
loss in epoch 449 iteration 5: 0.018031440675258636
loss in epoch 449 iteration 6: 0.02375674434006214
loss in epoch 450 iteration 0: 0.020432570949196815
loss in epoch 450 iteration 1: 0.01834290288388729
loss in epoch 450 iteration 2: 0.022830236703157425
loss in epoch 450 iteration 3: 0.03142944350838661
loss in epoch 450 iteration 4: 0.021842464804649353
loss in epoch 450 iteration 5: 0.020831771194934845
loss in epoch 450 iteration 6: 0.017337478697299957
loss in epoch 451 iteration 0: 0.023656707257032394
loss in epoch 451 iteration 1: 0.022695492953062057
loss in epoch 451 iteration 2: 0.009422387927770615
loss in epoch 451 iteration 3: 0.018081117421388626
loss in epoch 451 iteration 4: 0.021978165954351425
loss in epoch 451 iteration 5: 0.018954772502183914
loss in epoch 451 iteration 6: 0.02752762660384178
loss in epoch 452 iteration 0: 0.012721063569188118
loss in epoch 452 iteration 1: 0.01806759275496006
loss in epoch 452 iteration 2: 0.025673195719718933
loss in epoch 452 iteration 3: 0.022265195846557617
loss in epoch 452 iteration 4: 0.008248214609920979
loss in epoch 452 iteration 5: 0.01464155875146389
loss in epoch 452 iteration 6: 0.018547769635915756
loss in epoch 453 iteration 0: 0.017048638314008713
loss in epoch 453 iteration 1: 0.0190875381231308
loss in epoch 453 iteration 2: 0.027454107999801636
loss in epoch 453 iteration 3: 0.020979613065719604
loss in epoch 453 iteration 4: 0.021903907880187035
loss in epoch 453 iteration 5: 0.013850304298102856
loss in epoch 453 iteration 6: 0.01568874716758728
loss in epoch 454 iteration 0: 0.023241963237524033
loss in epoch 454 iteration 1: 0.018561093136668205
loss in epoch 454 iteration 2: 0.012270131148397923
loss in epoch 454 iteration 3: 0.024042775854468346
loss in epoch 454 iteration 4: 0.021192315965890884
loss in epoch 454 iteration 5: 0.021573688834905624
loss in epoch 454 iteration 6: 0.017207641154527664
loss in epoch 455 iteration 0: 0.0277548860758543
loss in epoch 455 iteration 1: 0.016018085181713104
loss in epoch 455 iteration 2: 0.018566951155662537
loss in epoch 455 iteration 3: 0.019713768735527992
loss in epoch 455 iteration 4: 0.0183254387229681
loss in epoch 455 iteration 5: 0.032570209354162216
loss in epoch 455 iteration 6: 0.018132641911506653
loss in epoch 456 iteration 0: 0.02074388787150383
loss in epoch 456 iteration 1: 0.02291376143693924
loss in epoch 456 iteration 2: 0.011712825857102871
loss in epoch 456 iteration 3: 0.018985340371727943
loss in epoch 456 iteration 4: 0.013860429637134075
loss in epoch 456 iteration 5: 0.02443268708884716
loss in epoch 456 iteration 6: 0.01908073015511036
loss in epoch 457 iteration 0: 0.017497623339295387
loss in epoch 457 iteration 1: 0.015481676906347275
loss in epoch 457 iteration 2: 0.018885016441345215
loss in epoch 457 iteration 3: 0.023167835548520088
loss in epoch 457 iteration 4: 0.010278958827257156
loss in epoch 457 iteration 5: 0.019633714109659195
loss in epoch 457 iteration 6: 0.02590728923678398
loss in epoch 458 iteration 0: 0.0207647867500782
loss in epoch 458 iteration 1: 0.015028588473796844
loss in epoch 458 iteration 2: 0.02040213532745838
loss in epoch 458 iteration 3: 0.016221441328525543
loss in epoch 458 iteration 4: 0.018991483375430107
loss in epoch 458 iteration 5: 0.020297382026910782
loss in epoch 458 iteration 6: 0.0179472453892231
loss in epoch 459 iteration 0: 0.016483530402183533
loss in epoch 459 iteration 1: 0.029988396912813187
loss in epoch 459 iteration 2: 0.021573327481746674
loss in epoch 459 iteration 3: 0.010614721104502678
loss in epoch 459 iteration 4: 0.022640300914645195
loss in epoch 459 iteration 5: 0.03498363867402077
loss in epoch 459 iteration 6: 0.016979403793811798
loss in epoch 460 iteration 0: 0.02032354474067688
loss in epoch 460 iteration 1: 0.0114423967897892
loss in epoch 460 iteration 2: 0.026896687224507332
loss in epoch 460 iteration 3: 0.02564159780740738
loss in epoch 460 iteration 4: 0.01735185645520687
loss in epoch 460 iteration 5: 0.020211881026625633
loss in epoch 460 iteration 6: 0.014897290617227554
Evaluating................................
Epoch: 460, Time: 77.15s
Valid: N@5:0.0555 H@5:0.0764 | N@10:0.0677 H@10:0.1149 | N@20:0.0815 H@20:0.1702
Test:  N@5:0.0393 H@5:0.0583 | N@10:0.0494 H@10:0.0896 | N@20:0.0596 H@20:0.1299
loss in epoch 461 iteration 0: 0.022732866927981377
loss in epoch 461 iteration 1: 0.021927285939455032
loss in epoch 461 iteration 2: 0.018066035583615303
loss in epoch 461 iteration 3: 0.01581648737192154
loss in epoch 461 iteration 4: 0.015170701779425144
loss in epoch 461 iteration 5: 0.033790234476327896
loss in epoch 461 iteration 6: 0.009719284251332283
loss in epoch 462 iteration 0: 0.014943480491638184
loss in epoch 462 iteration 1: 0.019349129870533943
loss in epoch 462 iteration 2: 0.016174297779798508
loss in epoch 462 iteration 3: 0.01730571687221527
loss in epoch 462 iteration 4: 0.0112021304666996
loss in epoch 462 iteration 5: 0.029136046767234802
loss in epoch 462 iteration 6: 0.026952454820275307
loss in epoch 463 iteration 0: 0.025360681116580963
loss in epoch 463 iteration 1: 0.018216419965028763
loss in epoch 463 iteration 2: 0.018650570884346962
loss in epoch 463 iteration 3: 0.016231024637818336
loss in epoch 463 iteration 4: 0.015338979661464691
loss in epoch 463 iteration 5: 0.024831360206007957
loss in epoch 463 iteration 6: 0.010491518303751945
loss in epoch 464 iteration 0: 0.019807081669569016
loss in epoch 464 iteration 1: 0.035523734986782074
loss in epoch 464 iteration 2: 0.029253115877509117
loss in epoch 464 iteration 3: 0.024217957630753517
loss in epoch 464 iteration 4: 0.022424913942813873
loss in epoch 464 iteration 5: 0.022129537537693977
loss in epoch 464 iteration 6: 0.02398613467812538
loss in epoch 465 iteration 0: 0.02597592957317829
loss in epoch 465 iteration 1: 0.014258505776524544
loss in epoch 465 iteration 2: 0.011966410093009472
loss in epoch 465 iteration 3: 0.021516598761081696
loss in epoch 465 iteration 4: 0.01307663694024086
loss in epoch 465 iteration 5: 0.023179251700639725
loss in epoch 465 iteration 6: 0.014071664772927761
loss in epoch 466 iteration 0: 0.018362758681178093
loss in epoch 466 iteration 1: 0.018840983510017395
loss in epoch 466 iteration 2: 0.02810966968536377
loss in epoch 466 iteration 3: 0.011887116357684135
loss in epoch 466 iteration 4: 0.01636391505599022
loss in epoch 466 iteration 5: 0.018130041658878326
loss in epoch 466 iteration 6: 0.027651937678456306
loss in epoch 467 iteration 0: 0.02741064317524433
loss in epoch 467 iteration 1: 0.011632343754172325
loss in epoch 467 iteration 2: 0.012748688459396362
loss in epoch 467 iteration 3: 0.007552888710051775
loss in epoch 467 iteration 4: 0.02356552518904209
loss in epoch 467 iteration 5: 0.018201008439064026
loss in epoch 467 iteration 6: 0.010573827661573887
loss in epoch 468 iteration 0: 0.026286805048584938
loss in epoch 468 iteration 1: 0.020077861845493317
loss in epoch 468 iteration 2: 0.015663839876651764
loss in epoch 468 iteration 3: 0.016641253605484962
loss in epoch 468 iteration 4: 0.019197402521967888
loss in epoch 468 iteration 5: 0.020636964589357376
loss in epoch 468 iteration 6: 0.013639756478369236
loss in epoch 469 iteration 0: 0.009833207353949547
loss in epoch 469 iteration 1: 0.01456008292734623
loss in epoch 469 iteration 2: 0.011544721201062202
loss in epoch 469 iteration 3: 0.023428134620189667
loss in epoch 469 iteration 4: 0.01574745774269104
loss in epoch 469 iteration 5: 0.013933631591498852
loss in epoch 469 iteration 6: 0.0166125800460577
loss in epoch 470 iteration 0: 0.018662620335817337
loss in epoch 470 iteration 1: 0.020735105499625206
loss in epoch 470 iteration 2: 0.017268523573875427
loss in epoch 470 iteration 3: 0.020151766017079353
loss in epoch 470 iteration 4: 0.03346659615635872
loss in epoch 470 iteration 5: 0.01503997016698122
loss in epoch 470 iteration 6: 0.017531774938106537
loss in epoch 471 iteration 0: 0.020965224131941795
loss in epoch 471 iteration 1: 0.01328853890299797
loss in epoch 471 iteration 2: 0.02395741268992424
loss in epoch 471 iteration 3: 0.02243003621697426
loss in epoch 471 iteration 4: 0.012567533180117607
loss in epoch 471 iteration 5: 0.01844564639031887
loss in epoch 471 iteration 6: 0.012467913329601288
loss in epoch 472 iteration 0: 0.010937327519059181
loss in epoch 472 iteration 1: 0.021298754960298538
loss in epoch 472 iteration 2: 0.027130087837576866
loss in epoch 472 iteration 3: 0.034547533839941025
loss in epoch 472 iteration 4: 0.02837260439991951
loss in epoch 472 iteration 5: 0.013618795201182365
loss in epoch 472 iteration 6: 0.011431612074375153
loss in epoch 473 iteration 0: 0.031260088086128235
loss in epoch 473 iteration 1: 0.01630125381052494
loss in epoch 473 iteration 2: 0.015713883563876152
loss in epoch 473 iteration 3: 0.02107752300798893
loss in epoch 473 iteration 4: 0.021863877773284912
loss in epoch 473 iteration 5: 0.02255645953118801
loss in epoch 473 iteration 6: 0.023188581690192223
loss in epoch 474 iteration 0: 0.017858777195215225
loss in epoch 474 iteration 1: 0.017254918813705444
loss in epoch 474 iteration 2: 0.015861868858337402
loss in epoch 474 iteration 3: 0.028061265125870705
loss in epoch 474 iteration 4: 0.01539118867367506
loss in epoch 474 iteration 5: 0.01589544117450714
loss in epoch 474 iteration 6: 0.022036638110876083
loss in epoch 475 iteration 0: 0.018358390778303146
loss in epoch 475 iteration 1: 0.024235248565673828
loss in epoch 475 iteration 2: 0.01879895105957985
loss in epoch 475 iteration 3: 0.014920146204531193
loss in epoch 475 iteration 4: 0.014348427765071392
loss in epoch 475 iteration 5: 0.016287503764033318
loss in epoch 475 iteration 6: 0.017941392958164215
loss in epoch 476 iteration 0: 0.014920732006430626
loss in epoch 476 iteration 1: 0.0349191389977932
loss in epoch 476 iteration 2: 0.01785316877067089
loss in epoch 476 iteration 3: 0.013017434626817703
loss in epoch 476 iteration 4: 0.020277114585042
loss in epoch 476 iteration 5: 0.025093749165534973
loss in epoch 476 iteration 6: 0.01640276238322258
loss in epoch 477 iteration 0: 0.013327395543456078
loss in epoch 477 iteration 1: 0.027176633477211
loss in epoch 477 iteration 2: 0.02062983810901642
loss in epoch 477 iteration 3: 0.014406261034309864
loss in epoch 477 iteration 4: 0.0106107909232378
loss in epoch 477 iteration 5: 0.02163899503648281
loss in epoch 477 iteration 6: 0.02099514752626419
loss in epoch 478 iteration 0: 0.021814681589603424
loss in epoch 478 iteration 1: 0.020864037796854973
loss in epoch 478 iteration 2: 0.024806026369333267
loss in epoch 478 iteration 3: 0.00929892435669899
loss in epoch 478 iteration 4: 0.034425798803567886
loss in epoch 478 iteration 5: 0.01898176223039627
loss in epoch 478 iteration 6: 0.022259727120399475
loss in epoch 479 iteration 0: 0.009617835283279419
loss in epoch 479 iteration 1: 0.026946967467665672
loss in epoch 479 iteration 2: 0.0189250186085701
loss in epoch 479 iteration 3: 0.01750832237303257
loss in epoch 479 iteration 4: 0.02815670147538185
loss in epoch 479 iteration 5: 0.019147396087646484
loss in epoch 479 iteration 6: 0.03487693518400192
loss in epoch 480 iteration 0: 0.022943954914808273
loss in epoch 480 iteration 1: 0.014507036656141281
loss in epoch 480 iteration 2: 0.015081449411809444
loss in epoch 480 iteration 3: 0.02047467604279518
loss in epoch 480 iteration 4: 0.017590411007404327
loss in epoch 480 iteration 5: 0.018217504024505615
loss in epoch 480 iteration 6: 0.017318682745099068
Evaluating................................
Epoch: 480, Time: 80.67s
Valid: N@5:0.0541 H@5:0.0782 | N@10:0.0676 H@10:0.1197 | N@20:0.0812 H@20:0.1738
Test:  N@5:0.0398 H@5:0.0571 | N@10:0.0488 H@10:0.0848 | N@20:0.0608 H@20:0.1329
loss in epoch 481 iteration 0: 0.009924912825226784
loss in epoch 481 iteration 1: 0.013878057710826397
loss in epoch 481 iteration 2: 0.01601334661245346
loss in epoch 481 iteration 3: 0.014951440505683422
loss in epoch 481 iteration 4: 0.015329631045460701
loss in epoch 481 iteration 5: 0.01123793050646782
loss in epoch 481 iteration 6: 0.02674795314669609
loss in epoch 482 iteration 0: 0.016203954815864563
loss in epoch 482 iteration 1: 0.022099308669567108
loss in epoch 482 iteration 2: 0.01559245865792036
loss in epoch 482 iteration 3: 0.020629115402698517
loss in epoch 482 iteration 4: 0.013156924396753311
loss in epoch 482 iteration 5: 0.02786949649453163
loss in epoch 482 iteration 6: 0.014682507142424583
loss in epoch 483 iteration 0: 0.019872181117534637
loss in epoch 483 iteration 1: 0.01549755409359932
loss in epoch 483 iteration 2: 0.015335038304328918
loss in epoch 483 iteration 3: 0.019254636019468307
loss in epoch 483 iteration 4: 0.01208681333810091
loss in epoch 483 iteration 5: 0.013093465939164162
loss in epoch 483 iteration 6: 0.008771901950240135
loss in epoch 484 iteration 0: 0.019049594178795815
loss in epoch 484 iteration 1: 0.01907273754477501
loss in epoch 484 iteration 2: 0.021588362753391266
loss in epoch 484 iteration 3: 0.011195672675967216
loss in epoch 484 iteration 4: 0.02116144821047783
loss in epoch 484 iteration 5: 0.01767183654010296
loss in epoch 484 iteration 6: 0.016587616875767708
loss in epoch 485 iteration 0: 0.017141325399279594
loss in epoch 485 iteration 1: 0.014152849093079567
loss in epoch 485 iteration 2: 0.018295861780643463
loss in epoch 485 iteration 3: 0.02183397300541401
loss in epoch 485 iteration 4: 0.02107922174036503
loss in epoch 485 iteration 5: 0.030599480494856834
loss in epoch 485 iteration 6: 0.025542782619595528
loss in epoch 486 iteration 0: 0.024757985025644302
loss in epoch 486 iteration 1: 0.01718028634786606
loss in epoch 486 iteration 2: 0.02745446190237999
loss in epoch 486 iteration 3: 0.020721163600683212
loss in epoch 486 iteration 4: 0.016221024096012115
loss in epoch 486 iteration 5: 0.023242095485329628
loss in epoch 486 iteration 6: 0.018793851137161255
loss in epoch 487 iteration 0: 0.01750335469841957
loss in epoch 487 iteration 1: 0.02195342630147934
loss in epoch 487 iteration 2: 0.01927604153752327
loss in epoch 487 iteration 3: 0.020292019471526146
loss in epoch 487 iteration 4: 0.011782923713326454
loss in epoch 487 iteration 5: 0.01586725190281868
loss in epoch 487 iteration 6: 0.01109097246080637
loss in epoch 488 iteration 0: 0.015787595883011818
loss in epoch 488 iteration 1: 0.019402671605348587
loss in epoch 488 iteration 2: 0.018050162121653557
loss in epoch 488 iteration 3: 0.015093283727765083
loss in epoch 488 iteration 4: 0.01239941455423832
loss in epoch 488 iteration 5: 0.02307208627462387
loss in epoch 488 iteration 6: 0.014184595085680485
loss in epoch 489 iteration 0: 0.019704826176166534
loss in epoch 489 iteration 1: 0.01358671486377716
loss in epoch 489 iteration 2: 0.01890559121966362
loss in epoch 489 iteration 3: 0.018654916435480118
loss in epoch 489 iteration 4: 0.009857458993792534
loss in epoch 489 iteration 5: 0.013615171425044537
loss in epoch 489 iteration 6: 0.020410772413015366
loss in epoch 490 iteration 0: 0.0197572223842144
loss in epoch 490 iteration 1: 0.01466350071132183
loss in epoch 490 iteration 2: 0.016916461288928986
loss in epoch 490 iteration 3: 0.02231416665017605
loss in epoch 490 iteration 4: 0.0120627973228693
loss in epoch 490 iteration 5: 0.02227521874010563
loss in epoch 490 iteration 6: 0.025439180433750153
loss in epoch 491 iteration 0: 0.022092679515480995
loss in epoch 491 iteration 1: 0.013781171292066574
loss in epoch 491 iteration 2: 0.01866171695291996
loss in epoch 491 iteration 3: 0.011403588578104973
loss in epoch 491 iteration 4: 0.01971583627164364
loss in epoch 491 iteration 5: 0.017077306285500526
loss in epoch 491 iteration 6: 0.014028610661625862
loss in epoch 492 iteration 0: 0.015978099778294563
loss in epoch 492 iteration 1: 0.017020056024193764
loss in epoch 492 iteration 2: 0.029867667704820633
loss in epoch 492 iteration 3: 0.007635778281837702
loss in epoch 492 iteration 4: 0.029453083872795105
loss in epoch 492 iteration 5: 0.010151714086532593
loss in epoch 492 iteration 6: 0.019783683121204376
loss in epoch 493 iteration 0: 0.013949429616332054
loss in epoch 493 iteration 1: 0.016548458486795425
loss in epoch 493 iteration 2: 0.031316179782152176
loss in epoch 493 iteration 3: 0.011892975308001041
loss in epoch 493 iteration 4: 0.027069944888353348
loss in epoch 493 iteration 5: 0.013924788683652878
loss in epoch 493 iteration 6: 0.03553973138332367
loss in epoch 494 iteration 0: 0.014361472800374031
loss in epoch 494 iteration 1: 0.014809912070631981
loss in epoch 494 iteration 2: 0.014619514346122742
loss in epoch 494 iteration 3: 0.010705474764108658
loss in epoch 494 iteration 4: 0.021712062880396843
loss in epoch 494 iteration 5: 0.015220392495393753
loss in epoch 494 iteration 6: 0.01554812304675579
loss in epoch 495 iteration 0: 0.023148328065872192
loss in epoch 495 iteration 1: 0.01299392431974411
loss in epoch 495 iteration 2: 0.014996821992099285
loss in epoch 495 iteration 3: 0.010356729850172997
loss in epoch 495 iteration 4: 0.026455208659172058
loss in epoch 495 iteration 5: 0.025223616510629654
loss in epoch 495 iteration 6: 0.03395521640777588
loss in epoch 496 iteration 0: 0.01573924906551838
loss in epoch 496 iteration 1: 0.014647211879491806
loss in epoch 496 iteration 2: 0.01886136643588543
loss in epoch 496 iteration 3: 0.01488395594060421
loss in epoch 496 iteration 4: 0.014514181762933731
loss in epoch 496 iteration 5: 0.024269646033644676
loss in epoch 496 iteration 6: 0.015676891431212425
loss in epoch 497 iteration 0: 0.01573983021080494
loss in epoch 497 iteration 1: 0.016941171139478683
loss in epoch 497 iteration 2: 0.009171541780233383
loss in epoch 497 iteration 3: 0.019385412335395813
loss in epoch 497 iteration 4: 0.013038845732808113
loss in epoch 497 iteration 5: 0.022162998095154762
loss in epoch 497 iteration 6: 0.020445149391889572
loss in epoch 498 iteration 0: 0.013613980263471603
loss in epoch 498 iteration 1: 0.01334034651517868
loss in epoch 498 iteration 2: 0.01786845736205578
loss in epoch 498 iteration 3: 0.0073979077860713005
loss in epoch 498 iteration 4: 0.015222642570734024
loss in epoch 498 iteration 5: 0.019301123917102814
loss in epoch 498 iteration 6: 0.018518000841140747
loss in epoch 499 iteration 0: 0.012525953352451324
loss in epoch 499 iteration 1: 0.012098829261958599
loss in epoch 499 iteration 2: 0.019478924572467804
loss in epoch 499 iteration 3: 0.018071547150611877
loss in epoch 499 iteration 4: 0.027983367443084717
loss in epoch 499 iteration 5: 0.018525242805480957
loss in epoch 499 iteration 6: 0.02349962294101715
loss in epoch 500 iteration 0: 0.015951426699757576
loss in epoch 500 iteration 1: 0.03236039727926254
loss in epoch 500 iteration 2: 0.006423646118491888
loss in epoch 500 iteration 3: 0.03148938715457916
loss in epoch 500 iteration 4: 0.01974257081747055
loss in epoch 500 iteration 5: 0.01869494840502739
loss in epoch 500 iteration 6: 0.010045171715319157
Evaluating................................
Epoch: 500, Time: 84.42s
Valid: N@5:0.0548 H@5:0.0794 | N@10:0.0687 H@10:0.1227 | N@20:0.0823 H@20:0.1756
Test:  N@5:0.0450 H@5:0.0643 | N@10:0.0536 H@10:0.0914 | N@20:0.0655 H@20:0.1377
loss in epoch 501 iteration 0: 0.017412086948752403
loss in epoch 501 iteration 1: 0.01508904155343771
loss in epoch 501 iteration 2: 0.01947830803692341
loss in epoch 501 iteration 3: 0.008918060921132565
loss in epoch 501 iteration 4: 0.013350754976272583
loss in epoch 501 iteration 5: 0.011888278648257256
loss in epoch 501 iteration 6: 0.0184513870626688
loss in epoch 502 iteration 0: 0.01376035064458847
loss in epoch 502 iteration 1: 0.01833968423306942
loss in epoch 502 iteration 2: 0.02611895278096199
loss in epoch 502 iteration 3: 0.020114533603191376
loss in epoch 502 iteration 4: 0.024700049310922623
loss in epoch 502 iteration 5: 0.012971139512956142
loss in epoch 502 iteration 6: 0.022230368107557297
loss in epoch 503 iteration 0: 0.015944957733154297
loss in epoch 503 iteration 1: 0.016817282885313034
loss in epoch 503 iteration 2: 0.01959814690053463
loss in epoch 503 iteration 3: 0.023759184405207634
loss in epoch 503 iteration 4: 0.02397480607032776
loss in epoch 503 iteration 5: 0.01623314619064331
loss in epoch 503 iteration 6: 0.02271677926182747
loss in epoch 504 iteration 0: 0.014150841161608696
loss in epoch 504 iteration 1: 0.012022205628454685
loss in epoch 504 iteration 2: 0.02173955738544464
loss in epoch 504 iteration 3: 0.021469850093126297
loss in epoch 504 iteration 4: 0.011539711616933346
loss in epoch 504 iteration 5: 0.017030034214258194
loss in epoch 504 iteration 6: 0.024791128933429718
loss in epoch 505 iteration 0: 0.02863450162112713
loss in epoch 505 iteration 1: 0.011514637619256973
loss in epoch 505 iteration 2: 0.01414979062974453
loss in epoch 505 iteration 3: 0.023715758696198463
loss in epoch 505 iteration 4: 0.021597806364297867
loss in epoch 505 iteration 5: 0.019585881382226944
loss in epoch 505 iteration 6: 0.021726585924625397
loss in epoch 506 iteration 0: 0.02337028831243515
loss in epoch 506 iteration 1: 0.009139586240053177
loss in epoch 506 iteration 2: 0.017311707139015198
loss in epoch 506 iteration 3: 0.024143336340785027
loss in epoch 506 iteration 4: 0.01417541690170765
loss in epoch 506 iteration 5: 0.01353493332862854
loss in epoch 506 iteration 6: 0.01716741919517517
loss in epoch 507 iteration 0: 0.015183677896857262
loss in epoch 507 iteration 1: 0.023664802312850952
loss in epoch 507 iteration 2: 0.014898670837283134
loss in epoch 507 iteration 3: 0.010791164822876453
loss in epoch 507 iteration 4: 0.011484719812870026
loss in epoch 507 iteration 5: 0.021254105493426323
loss in epoch 507 iteration 6: 0.030098415911197662
loss in epoch 508 iteration 0: 0.021904924884438515
loss in epoch 508 iteration 1: 0.014352148398756981
loss in epoch 508 iteration 2: 0.031037993729114532
loss in epoch 508 iteration 3: 0.01936039887368679
loss in epoch 508 iteration 4: 0.020220596343278885
loss in epoch 508 iteration 5: 0.01896115019917488
loss in epoch 508 iteration 6: 0.015915166586637497
loss in epoch 509 iteration 0: 0.018285216763615608
loss in epoch 509 iteration 1: 0.01924639381468296
loss in epoch 509 iteration 2: 0.01664237678050995
loss in epoch 509 iteration 3: 0.01897086575627327
loss in epoch 509 iteration 4: 0.02258363738656044
loss in epoch 509 iteration 5: 0.024878837168216705
loss in epoch 509 iteration 6: 0.01330738514661789
loss in epoch 510 iteration 0: 0.012747712433338165
loss in epoch 510 iteration 1: 0.015473224222660065
loss in epoch 510 iteration 2: 0.0266371238976717
loss in epoch 510 iteration 3: 0.012399675324559212
loss in epoch 510 iteration 4: 0.01167851872742176
loss in epoch 510 iteration 5: 0.01595584861934185
loss in epoch 510 iteration 6: 0.008351794444024563
loss in epoch 511 iteration 0: 0.0072248224169015884
loss in epoch 511 iteration 1: 0.016252819448709488
loss in epoch 511 iteration 2: 0.01825016364455223
loss in epoch 511 iteration 3: 0.016423463821411133
loss in epoch 511 iteration 4: 0.01160217821598053
loss in epoch 511 iteration 5: 0.01146651804447174
loss in epoch 511 iteration 6: 0.01691724732518196
loss in epoch 512 iteration 0: 0.02324071153998375
loss in epoch 512 iteration 1: 0.01106719858944416
loss in epoch 512 iteration 2: 0.01708131469786167
loss in epoch 512 iteration 3: 0.01138540543615818
loss in epoch 512 iteration 4: 0.00979115255177021
loss in epoch 512 iteration 5: 0.014339568093419075
loss in epoch 512 iteration 6: 0.015387682244181633
loss in epoch 513 iteration 0: 0.01843169331550598
loss in epoch 513 iteration 1: 0.01315930113196373
loss in epoch 513 iteration 2: 0.02170448563992977
loss in epoch 513 iteration 3: 0.03646242246031761
loss in epoch 513 iteration 4: 0.016687337309122086
loss in epoch 513 iteration 5: 0.013029040768742561
loss in epoch 513 iteration 6: 0.018359990790486336
loss in epoch 514 iteration 0: 0.027330677956342697
loss in epoch 514 iteration 1: 0.02136863023042679
loss in epoch 514 iteration 2: 0.017661752179265022
loss in epoch 514 iteration 3: 0.019063331186771393
loss in epoch 514 iteration 4: 0.018946398049592972
loss in epoch 514 iteration 5: 0.029157457873225212
loss in epoch 514 iteration 6: 0.013805268332362175
loss in epoch 515 iteration 0: 0.027330538257956505
loss in epoch 515 iteration 1: 0.0196430291980505
loss in epoch 515 iteration 2: 0.014206012710928917
loss in epoch 515 iteration 3: 0.015520291402935982
loss in epoch 515 iteration 4: 0.020575597882270813
loss in epoch 515 iteration 5: 0.013433384709060192
loss in epoch 515 iteration 6: 0.01366911455988884
loss in epoch 516 iteration 0: 0.018829068168997765
loss in epoch 516 iteration 1: 0.016753382980823517
loss in epoch 516 iteration 2: 0.01941332221031189
loss in epoch 516 iteration 3: 0.014198042452335358
loss in epoch 516 iteration 4: 0.023212479427456856
loss in epoch 516 iteration 5: 0.019657021388411522
loss in epoch 516 iteration 6: 0.021565105766057968
loss in epoch 517 iteration 0: 0.03198961168527603
loss in epoch 517 iteration 1: 0.020777449011802673
loss in epoch 517 iteration 2: 0.013853677548468113
loss in epoch 517 iteration 3: 0.01820290833711624
loss in epoch 517 iteration 4: 0.019613191485404968
loss in epoch 517 iteration 5: 0.018969926983118057
loss in epoch 517 iteration 6: 0.02764231339097023
loss in epoch 518 iteration 0: 0.03230668976902962
loss in epoch 518 iteration 1: 0.018421649932861328
loss in epoch 518 iteration 2: 0.022772464901208878
loss in epoch 518 iteration 3: 0.018887890502810478
loss in epoch 518 iteration 4: 0.01634339615702629
loss in epoch 518 iteration 5: 0.014737947843968868
loss in epoch 518 iteration 6: 0.013205261901021004
loss in epoch 519 iteration 0: 0.027357717975974083
loss in epoch 519 iteration 1: 0.019874026998877525
loss in epoch 519 iteration 2: 0.022876955568790436
loss in epoch 519 iteration 3: 0.009574675932526588
loss in epoch 519 iteration 4: 0.018870335072278976
loss in epoch 519 iteration 5: 0.02132105454802513
loss in epoch 519 iteration 6: 0.01264838594943285
loss in epoch 520 iteration 0: 0.01716526597738266
loss in epoch 520 iteration 1: 0.018615948036313057
loss in epoch 520 iteration 2: 0.026031317189335823
loss in epoch 520 iteration 3: 0.012323166243731976
loss in epoch 520 iteration 4: 0.02494947984814644
loss in epoch 520 iteration 5: 0.017734698951244354
loss in epoch 520 iteration 6: 0.027283526957035065
Evaluating................................
Epoch: 520, Time: 87.60s
Valid: N@5:0.0549 H@5:0.0782 | N@10:0.0672 H@10:0.1167 | N@20:0.0806 H@20:0.1696
Test:  N@5:0.0426 H@5:0.0625 | N@10:0.0510 H@10:0.0890 | N@20:0.0623 H@20:0.1335
loss in epoch 521 iteration 0: 0.012689950875937939
loss in epoch 521 iteration 1: 0.02372731827199459
loss in epoch 521 iteration 2: 0.025511959567666054
loss in epoch 521 iteration 3: 0.013496484607458115
loss in epoch 521 iteration 4: 0.027262436226010323
loss in epoch 521 iteration 5: 0.02005903422832489
loss in epoch 521 iteration 6: 0.013659070245921612
loss in epoch 522 iteration 0: 0.012207438237965107
loss in epoch 522 iteration 1: 0.01765807718038559
loss in epoch 522 iteration 2: 0.013066591694951057
loss in epoch 522 iteration 3: 0.02081368863582611
loss in epoch 522 iteration 4: 0.016895301640033722
loss in epoch 522 iteration 5: 0.031214335933327675
loss in epoch 522 iteration 6: 0.026195164769887924
loss in epoch 523 iteration 0: 0.01835087686777115
loss in epoch 523 iteration 1: 0.013419153168797493
loss in epoch 523 iteration 2: 0.013406692072749138
loss in epoch 523 iteration 3: 0.020631669089198112
loss in epoch 523 iteration 4: 0.02411935292184353
loss in epoch 523 iteration 5: 0.015244053676724434
loss in epoch 523 iteration 6: 0.009439293295145035
loss in epoch 524 iteration 0: 0.019025128334760666
loss in epoch 524 iteration 1: 0.013477426022291183
loss in epoch 524 iteration 2: 0.021555403247475624
loss in epoch 524 iteration 3: 0.02424824982881546
loss in epoch 524 iteration 4: 0.013410907238721848
loss in epoch 524 iteration 5: 0.016629714518785477
loss in epoch 524 iteration 6: 0.024076426401734352
loss in epoch 525 iteration 0: 0.021119313314557076
loss in epoch 525 iteration 1: 0.03142664581537247
loss in epoch 525 iteration 2: 0.011273428797721863
loss in epoch 525 iteration 3: 0.021357906982302666
loss in epoch 525 iteration 4: 0.015702538192272186
loss in epoch 525 iteration 5: 0.009550824761390686
loss in epoch 525 iteration 6: 0.021384909749031067
loss in epoch 526 iteration 0: 0.033833764493465424
loss in epoch 526 iteration 1: 0.03188746050000191
loss in epoch 526 iteration 2: 0.01791432686150074
loss in epoch 526 iteration 3: 0.009734898805618286
loss in epoch 526 iteration 4: 0.027239084243774414
loss in epoch 526 iteration 5: 0.010231521911919117
loss in epoch 526 iteration 6: 0.015429625287652016
loss in epoch 527 iteration 0: 0.018803559243679047
loss in epoch 527 iteration 1: 0.017646390944719315
loss in epoch 527 iteration 2: 0.012090880423784256
loss in epoch 527 iteration 3: 0.02351611666381359
loss in epoch 527 iteration 4: 0.023903414607048035
loss in epoch 527 iteration 5: 0.02141350880265236
loss in epoch 527 iteration 6: 0.016574975103139877
loss in epoch 528 iteration 0: 0.021352780982851982
loss in epoch 528 iteration 1: 0.018346339464187622
loss in epoch 528 iteration 2: 0.02186349406838417
loss in epoch 528 iteration 3: 0.01065000519156456
loss in epoch 528 iteration 4: 0.029118608683347702
loss in epoch 528 iteration 5: 0.02804489992558956
loss in epoch 528 iteration 6: 0.015871064737439156
loss in epoch 529 iteration 0: 0.016438540071249008
loss in epoch 529 iteration 1: 0.025837702676653862
loss in epoch 529 iteration 2: 0.023683100938796997
loss in epoch 529 iteration 3: 0.014575758948922157
loss in epoch 529 iteration 4: 0.015408381819725037
loss in epoch 529 iteration 5: 0.011553958989679813
loss in epoch 529 iteration 6: 0.02053007297217846
loss in epoch 530 iteration 0: 0.010593404993414879
loss in epoch 530 iteration 1: 0.017295395955443382
loss in epoch 530 iteration 2: 0.018277741968631744
loss in epoch 530 iteration 3: 0.020165782421827316
loss in epoch 530 iteration 4: 0.02071109227836132
loss in epoch 530 iteration 5: 0.01900206133723259
loss in epoch 530 iteration 6: 0.0237783994525671
loss in epoch 531 iteration 0: 0.032338157296180725
loss in epoch 531 iteration 1: 0.016405871137976646
loss in epoch 531 iteration 2: 0.015255390666425228
loss in epoch 531 iteration 3: 0.014607654884457588
loss in epoch 531 iteration 4: 0.02070501260459423
loss in epoch 531 iteration 5: 0.015195855870842934
loss in epoch 531 iteration 6: 0.023832052946090698
loss in epoch 532 iteration 0: 0.013366821222007275
loss in epoch 532 iteration 1: 0.014268092811107635
loss in epoch 532 iteration 2: 0.01811366155743599
loss in epoch 532 iteration 3: 0.02291356772184372
loss in epoch 532 iteration 4: 0.015136894769966602
loss in epoch 532 iteration 5: 0.014490248635411263
loss in epoch 532 iteration 6: 0.018418772146105766
loss in epoch 533 iteration 0: 0.02697937935590744
loss in epoch 533 iteration 1: 0.01684875786304474
loss in epoch 533 iteration 2: 0.009547525085508823
loss in epoch 533 iteration 3: 0.021451301872730255
loss in epoch 533 iteration 4: 0.030197812244296074
loss in epoch 533 iteration 5: 0.009923666715621948
loss in epoch 533 iteration 6: 0.01009882241487503
loss in epoch 534 iteration 0: 0.01425984688103199
loss in epoch 534 iteration 1: 0.018797554075717926
loss in epoch 534 iteration 2: 0.02011774852871895
loss in epoch 534 iteration 3: 0.0229174941778183
loss in epoch 534 iteration 4: 0.01938742585480213
loss in epoch 534 iteration 5: 0.017084330320358276
loss in epoch 534 iteration 6: 0.014974895864725113
loss in epoch 535 iteration 0: 0.017172422260046005
loss in epoch 535 iteration 1: 0.0122927725315094
loss in epoch 535 iteration 2: 0.018141739070415497
loss in epoch 535 iteration 3: 0.011801513843238354
loss in epoch 535 iteration 4: 0.014490539208054543
loss in epoch 535 iteration 5: 0.024642081931233406
loss in epoch 535 iteration 6: 0.01362477708607912
loss in epoch 536 iteration 0: 0.017679493874311447
loss in epoch 536 iteration 1: 0.020321469753980637
loss in epoch 536 iteration 2: 0.0136013925075531
loss in epoch 536 iteration 3: 0.020427502691745758
loss in epoch 536 iteration 4: 0.022963615134358406
loss in epoch 536 iteration 5: 0.041768211871385574
loss in epoch 536 iteration 6: 0.018651721999049187
loss in epoch 537 iteration 0: 0.019058434292674065
loss in epoch 537 iteration 1: 0.013591593131422997
loss in epoch 537 iteration 2: 0.015741540119051933
loss in epoch 537 iteration 3: 0.021295854821801186
loss in epoch 537 iteration 4: 0.02056499943137169
loss in epoch 537 iteration 5: 0.008692445233464241
loss in epoch 537 iteration 6: 0.010836517438292503
loss in epoch 538 iteration 0: 0.008982541039586067
loss in epoch 538 iteration 1: 0.011984365992248058
loss in epoch 538 iteration 2: 0.02727029286324978
loss in epoch 538 iteration 3: 0.020970091223716736
loss in epoch 538 iteration 4: 0.024207118898630142
loss in epoch 538 iteration 5: 0.01923503167927265
loss in epoch 538 iteration 6: 0.01174866408109665
loss in epoch 539 iteration 0: 0.024396169930696487
loss in epoch 539 iteration 1: 0.031183283776044846
loss in epoch 539 iteration 2: 0.02582360990345478
loss in epoch 539 iteration 3: 0.020427757874131203
loss in epoch 539 iteration 4: 0.028514621779322624
loss in epoch 539 iteration 5: 0.018213417381048203
loss in epoch 539 iteration 6: 0.01193222776055336
loss in epoch 540 iteration 0: 0.020596038550138474
loss in epoch 540 iteration 1: 0.018121054396033287
loss in epoch 540 iteration 2: 0.016679901629686356
loss in epoch 540 iteration 3: 0.008420605212450027
loss in epoch 540 iteration 4: 0.013791603967547417
loss in epoch 540 iteration 5: 0.020772747695446014
loss in epoch 540 iteration 6: 0.010456041432917118
Evaluating................................
Epoch: 540, Time: 91.04s
Valid: N@5:0.0523 H@5:0.0728 | N@10:0.0646 H@10:0.1118 | N@20:0.0796 H@20:0.1708
Test:  N@5:0.0407 H@5:0.0583 | N@10:0.0482 H@10:0.0818 | N@20:0.0594 H@20:0.1257
loss in epoch 541 iteration 0: 0.013320568017661572
loss in epoch 541 iteration 1: 0.023853635415434837
loss in epoch 541 iteration 2: 0.01217694766819477
loss in epoch 541 iteration 3: 0.022029493004083633
loss in epoch 541 iteration 4: 0.016111671924591064
loss in epoch 541 iteration 5: 0.02043960615992546
loss in epoch 541 iteration 6: 0.013190864585340023
loss in epoch 542 iteration 0: 0.020051266998052597
loss in epoch 542 iteration 1: 0.015272079035639763
loss in epoch 542 iteration 2: 0.010969026014208794
loss in epoch 542 iteration 3: 0.022356120869517326
loss in epoch 542 iteration 4: 0.016637811437249184
loss in epoch 542 iteration 5: 0.00864042341709137
loss in epoch 542 iteration 6: 0.01798328012228012
loss in epoch 543 iteration 0: 0.02061387710273266
loss in epoch 543 iteration 1: 0.03487450256943703
loss in epoch 543 iteration 2: 0.021201418712735176
loss in epoch 543 iteration 3: 0.02622886188328266
loss in epoch 543 iteration 4: 0.02819829434156418
loss in epoch 543 iteration 5: 0.012809153646230698
loss in epoch 543 iteration 6: 0.00985733326524496
loss in epoch 544 iteration 0: 0.017428718507289886
loss in epoch 544 iteration 1: 0.01197050604969263
loss in epoch 544 iteration 2: 0.014489708468317986
loss in epoch 544 iteration 3: 0.017084188759326935
loss in epoch 544 iteration 4: 0.015802467241883278
loss in epoch 544 iteration 5: 0.01942712999880314
loss in epoch 544 iteration 6: 0.016441799700260162
loss in epoch 545 iteration 0: 0.019534152001142502
loss in epoch 545 iteration 1: 0.016705846413969994
loss in epoch 545 iteration 2: 0.014855160377919674
loss in epoch 545 iteration 3: 0.019038444384932518
loss in epoch 545 iteration 4: 0.02011902630329132
loss in epoch 545 iteration 5: 0.013933366164565086
loss in epoch 545 iteration 6: 0.01802644692361355
loss in epoch 546 iteration 0: 0.027363309636712074
loss in epoch 546 iteration 1: 0.021261073648929596
loss in epoch 546 iteration 2: 0.014136530458927155
loss in epoch 546 iteration 3: 0.011264434084296227
loss in epoch 546 iteration 4: 0.016588322818279266
loss in epoch 546 iteration 5: 0.01632530800998211
loss in epoch 546 iteration 6: 0.01676853746175766
loss in epoch 547 iteration 0: 0.026385391131043434
loss in epoch 547 iteration 1: 0.02167150005698204
loss in epoch 547 iteration 2: 0.009071619249880314
loss in epoch 547 iteration 3: 0.027730658650398254
loss in epoch 547 iteration 4: 0.014388593845069408
loss in epoch 547 iteration 5: 0.02051622048020363
loss in epoch 547 iteration 6: 0.010672025382518768
loss in epoch 548 iteration 0: 0.019285310059785843
loss in epoch 548 iteration 1: 0.013028545305132866
loss in epoch 548 iteration 2: 0.013962440192699432
loss in epoch 548 iteration 3: 0.015114497393369675
loss in epoch 548 iteration 4: 0.01634054444730282
loss in epoch 548 iteration 5: 0.016811471432447433
loss in epoch 548 iteration 6: 0.013900522142648697
loss in epoch 549 iteration 0: 0.012497899122536182
loss in epoch 549 iteration 1: 0.02185690775513649
loss in epoch 549 iteration 2: 0.018118662759661674
loss in epoch 549 iteration 3: 0.01410097535699606
loss in epoch 549 iteration 4: 0.016479434445500374
loss in epoch 549 iteration 5: 0.020668871700763702
loss in epoch 549 iteration 6: 0.023966887965798378
loss in epoch 550 iteration 0: 0.021033909171819687
loss in epoch 550 iteration 1: 0.011839925311505795
loss in epoch 550 iteration 2: 0.014371494762599468
loss in epoch 550 iteration 3: 0.03088391199707985
loss in epoch 550 iteration 4: 0.023694461211562157
loss in epoch 550 iteration 5: 0.017443940043449402
loss in epoch 550 iteration 6: 0.014435434713959694
loss in epoch 551 iteration 0: 0.011226469650864601
loss in epoch 551 iteration 1: 0.02510971948504448
loss in epoch 551 iteration 2: 0.016329625621438026
loss in epoch 551 iteration 3: 0.01771818846464157
loss in epoch 551 iteration 4: 0.0124049736186862
loss in epoch 551 iteration 5: 0.023780548945069313
loss in epoch 551 iteration 6: 0.025763917714357376
loss in epoch 552 iteration 0: 0.014946956187486649
loss in epoch 552 iteration 1: 0.01828436367213726
loss in epoch 552 iteration 2: 0.02118871733546257
loss in epoch 552 iteration 3: 0.025656023994088173
loss in epoch 552 iteration 4: 0.019173871725797653
loss in epoch 552 iteration 5: 0.009955850429832935
loss in epoch 552 iteration 6: 0.02359333448112011
loss in epoch 553 iteration 0: 0.027064897119998932
loss in epoch 553 iteration 1: 0.009267671965062618
loss in epoch 553 iteration 2: 0.0093831866979599
loss in epoch 553 iteration 3: 0.016923142597079277
loss in epoch 553 iteration 4: 0.017058655619621277
loss in epoch 553 iteration 5: 0.016389459371566772
loss in epoch 553 iteration 6: 0.013362940400838852
loss in epoch 554 iteration 0: 0.029941948130726814
loss in epoch 554 iteration 1: 0.010329833254218102
loss in epoch 554 iteration 2: 0.02488074079155922
loss in epoch 554 iteration 3: 0.030367957428097725
loss in epoch 554 iteration 4: 0.013055572286248207
loss in epoch 554 iteration 5: 0.013466883450746536
loss in epoch 554 iteration 6: 0.014250735752284527
loss in epoch 555 iteration 0: 0.013351675122976303
loss in epoch 555 iteration 1: 0.0114862360060215
loss in epoch 555 iteration 2: 0.02283940650522709
loss in epoch 555 iteration 3: 0.014843828976154327
loss in epoch 555 iteration 4: 0.01638459973037243
loss in epoch 555 iteration 5: 0.022429483011364937
loss in epoch 555 iteration 6: 0.01689886301755905
loss in epoch 556 iteration 0: 0.027448158711194992
loss in epoch 556 iteration 1: 0.02103995718061924
loss in epoch 556 iteration 2: 0.017879584804177284
loss in epoch 556 iteration 3: 0.016249416396021843
loss in epoch 556 iteration 4: 0.00866732094436884
loss in epoch 556 iteration 5: 0.022624783217906952
loss in epoch 556 iteration 6: 0.025929968804121017
loss in epoch 557 iteration 0: 0.017962243407964706
loss in epoch 557 iteration 1: 0.017319289967417717
loss in epoch 557 iteration 2: 0.023072989657521248
loss in epoch 557 iteration 3: 0.018235066905617714
loss in epoch 557 iteration 4: 0.022575967013835907
loss in epoch 557 iteration 5: 0.0212477445602417
loss in epoch 557 iteration 6: 0.020085522904992104
loss in epoch 558 iteration 0: 0.009089082479476929
loss in epoch 558 iteration 1: 0.01587686687707901
loss in epoch 558 iteration 2: 0.010295280255377293
loss in epoch 558 iteration 3: 0.023212067782878876
loss in epoch 558 iteration 4: 0.02041463740170002
loss in epoch 558 iteration 5: 0.011771360412240028
loss in epoch 558 iteration 6: 0.01940387487411499
loss in epoch 559 iteration 0: 0.009867953136563301
loss in epoch 559 iteration 1: 0.023283766582608223
loss in epoch 559 iteration 2: 0.020638249814510345
loss in epoch 559 iteration 3: 0.011099018156528473
loss in epoch 559 iteration 4: 0.018659021705389023
loss in epoch 559 iteration 5: 0.020520560443401337
loss in epoch 559 iteration 6: 0.01494918204843998
loss in epoch 560 iteration 0: 0.017214873805642128
loss in epoch 560 iteration 1: 0.01766757294535637
loss in epoch 560 iteration 2: 0.010142250917851925
loss in epoch 560 iteration 3: 0.0165102481842041
loss in epoch 560 iteration 4: 0.0235762782394886
loss in epoch 560 iteration 5: 0.015603558160364628
loss in epoch 560 iteration 6: 0.019202280789613724
Evaluating................................
Epoch: 560, Time: 94.27s
Valid: N@5:0.0530 H@5:0.0740 | N@10:0.0640 H@10:0.1076 | N@20:0.0809 H@20:0.1750
Test:  N@5:0.0391 H@5:0.0559 | N@10:0.0474 H@10:0.0824 | N@20:0.0589 H@20:0.1281
loss in epoch 561 iteration 0: 0.022340215742588043
loss in epoch 561 iteration 1: 0.01759752258658409
loss in epoch 561 iteration 2: 0.02239270694553852
loss in epoch 561 iteration 3: 0.012642399407923222
loss in epoch 561 iteration 4: 0.032391346991062164
loss in epoch 561 iteration 5: 0.022058306261897087
loss in epoch 561 iteration 6: 0.028183989226818085
loss in epoch 562 iteration 0: 0.012826478108763695
loss in epoch 562 iteration 1: 0.016028881072998047
loss in epoch 562 iteration 2: 0.017774203792214394
loss in epoch 562 iteration 3: 0.013303659856319427
loss in epoch 562 iteration 4: 0.018395962193608284
loss in epoch 562 iteration 5: 0.015792138874530792
loss in epoch 562 iteration 6: 0.015157264657318592
loss in epoch 563 iteration 0: 0.010591684840619564
loss in epoch 563 iteration 1: 0.012395656667649746
loss in epoch 563 iteration 2: 0.016849828884005547
loss in epoch 563 iteration 3: 0.03701823204755783
loss in epoch 563 iteration 4: 0.015659093856811523
loss in epoch 563 iteration 5: 0.01120864786207676
loss in epoch 563 iteration 6: 0.014660272747278214
loss in epoch 564 iteration 0: 0.013988861814141273
loss in epoch 564 iteration 1: 0.01702292636036873
loss in epoch 564 iteration 2: 0.011236017569899559
loss in epoch 564 iteration 3: 0.025060955435037613
loss in epoch 564 iteration 4: 0.013667380437254906
loss in epoch 564 iteration 5: 0.021653641015291214
loss in epoch 564 iteration 6: 0.017438676208257675
loss in epoch 565 iteration 0: 0.019888807088136673
loss in epoch 565 iteration 1: 0.02875203639268875
loss in epoch 565 iteration 2: 0.015958741307258606
loss in epoch 565 iteration 3: 0.019403569400310516
loss in epoch 565 iteration 4: 0.01931140571832657
loss in epoch 565 iteration 5: 0.009919114410877228
loss in epoch 565 iteration 6: 0.009787851013243198
loss in epoch 566 iteration 0: 0.01632058061659336
loss in epoch 566 iteration 1: 0.017503192648291588
loss in epoch 566 iteration 2: 0.028002871200442314
loss in epoch 566 iteration 3: 0.013394374400377274
loss in epoch 566 iteration 4: 0.0186765156686306
loss in epoch 566 iteration 5: 0.023439697921276093
loss in epoch 566 iteration 6: 0.010680822655558586
loss in epoch 567 iteration 0: 0.017217759042978287
loss in epoch 567 iteration 1: 0.019317626953125
loss in epoch 567 iteration 2: 0.01510886661708355
loss in epoch 567 iteration 3: 0.02078631892800331
loss in epoch 567 iteration 4: 0.028999147936701775
loss in epoch 567 iteration 5: 0.025394748896360397
loss in epoch 567 iteration 6: 0.017494549974799156
loss in epoch 568 iteration 0: 0.015205048955976963
loss in epoch 568 iteration 1: 0.020652703940868378
loss in epoch 568 iteration 2: 0.011275248602032661
loss in epoch 568 iteration 3: 0.03356150910258293
loss in epoch 568 iteration 4: 0.02139662206172943
loss in epoch 568 iteration 5: 0.02794046700000763
loss in epoch 568 iteration 6: 0.017676347866654396
loss in epoch 569 iteration 0: 0.023703157901763916
loss in epoch 569 iteration 1: 0.015557952225208282
loss in epoch 569 iteration 2: 0.02642056904733181
loss in epoch 569 iteration 3: 0.01982506550848484
loss in epoch 569 iteration 4: 0.017537809908390045
loss in epoch 569 iteration 5: 0.016483068466186523
loss in epoch 569 iteration 6: 0.021877631545066833
loss in epoch 570 iteration 0: 0.01870163343846798
loss in epoch 570 iteration 1: 0.00939982756972313
loss in epoch 570 iteration 2: 0.012279940769076347
loss in epoch 570 iteration 3: 0.03025570511817932
loss in epoch 570 iteration 4: 0.011051170527935028
loss in epoch 570 iteration 5: 0.02255146950483322
loss in epoch 570 iteration 6: 0.02683372236788273
loss in epoch 571 iteration 0: 0.008016026578843594
loss in epoch 571 iteration 1: 0.018678121268749237
loss in epoch 571 iteration 2: 0.018581876531243324
loss in epoch 571 iteration 3: 0.01184422429651022
loss in epoch 571 iteration 4: 0.020698588341474533
loss in epoch 571 iteration 5: 0.016524825245141983
loss in epoch 571 iteration 6: 0.01789514534175396
loss in epoch 572 iteration 0: 0.019818836823105812
loss in epoch 572 iteration 1: 0.016099143773317337
loss in epoch 572 iteration 2: 0.012288371101021767
loss in epoch 572 iteration 3: 0.013509509153664112
loss in epoch 572 iteration 4: 0.018760915845632553
loss in epoch 572 iteration 5: 0.020763104781508446
loss in epoch 572 iteration 6: 0.01115015521645546
loss in epoch 573 iteration 0: 0.01448090374469757
loss in epoch 573 iteration 1: 0.014642834663391113
loss in epoch 573 iteration 2: 0.017219239845871925
loss in epoch 573 iteration 3: 0.03199503943324089
loss in epoch 573 iteration 4: 0.03364871069788933
loss in epoch 573 iteration 5: 0.029724089428782463
loss in epoch 573 iteration 6: 0.020186781883239746
loss in epoch 574 iteration 0: 0.017417917028069496
loss in epoch 574 iteration 1: 0.013841422274708748
loss in epoch 574 iteration 2: 0.02047363854944706
loss in epoch 574 iteration 3: 0.014080407097935677
loss in epoch 574 iteration 4: 0.017345719039440155
loss in epoch 574 iteration 5: 0.025231419131159782
loss in epoch 574 iteration 6: 0.019768647849559784
loss in epoch 575 iteration 0: 0.019376618787646294
loss in epoch 575 iteration 1: 0.013186957687139511
loss in epoch 575 iteration 2: 0.01479027047753334
loss in epoch 575 iteration 3: 0.013591693714261055
loss in epoch 575 iteration 4: 0.010640067048370838
loss in epoch 575 iteration 5: 0.03134288638830185
loss in epoch 575 iteration 6: 0.01877344213426113
loss in epoch 576 iteration 0: 0.015419342555105686
loss in epoch 576 iteration 1: 0.016796763986349106
loss in epoch 576 iteration 2: 0.011695725843310356
loss in epoch 576 iteration 3: 0.012763498350977898
loss in epoch 576 iteration 4: 0.02128322795033455
loss in epoch 576 iteration 5: 0.026319922879338264
loss in epoch 576 iteration 6: 0.010236665606498718
loss in epoch 577 iteration 0: 0.0221567302942276
loss in epoch 577 iteration 1: 0.015896691009402275
loss in epoch 577 iteration 2: 0.019726186990737915
loss in epoch 577 iteration 3: 0.022902611643075943
loss in epoch 577 iteration 4: 0.017794180661439896
loss in epoch 577 iteration 5: 0.02920318767428398
loss in epoch 577 iteration 6: 0.019475681707262993
loss in epoch 578 iteration 0: 0.014987446367740631
loss in epoch 578 iteration 1: 0.016114002093672752
loss in epoch 578 iteration 2: 0.017396576702594757
loss in epoch 578 iteration 3: 0.015052137896418571
loss in epoch 578 iteration 4: 0.011256871744990349
loss in epoch 578 iteration 5: 0.014082185924053192
loss in epoch 578 iteration 6: 0.01687130145728588
loss in epoch 579 iteration 0: 0.018225502222776413
loss in epoch 579 iteration 1: 0.02680133283138275
loss in epoch 579 iteration 2: 0.024284707382321358
loss in epoch 579 iteration 3: 0.031522635370492935
loss in epoch 579 iteration 4: 0.014701642096042633
loss in epoch 579 iteration 5: 0.017990538850426674
loss in epoch 579 iteration 6: 0.01388753205537796
loss in epoch 580 iteration 0: 0.020990809425711632
loss in epoch 580 iteration 1: 0.023426521569490433
loss in epoch 580 iteration 2: 0.010596809908747673
loss in epoch 580 iteration 3: 0.008968392387032509
loss in epoch 580 iteration 4: 0.01865311712026596
loss in epoch 580 iteration 5: 0.0287378691136837
loss in epoch 580 iteration 6: 0.0130638238042593
Evaluating................................
Epoch: 580, Time: 97.47s
Valid: N@5:0.0507 H@5:0.0722 | N@10:0.0623 H@10:0.1076 | N@20:0.0790 H@20:0.1744
Test:  N@5:0.0390 H@5:0.0589 | N@10:0.0463 H@10:0.0818 | N@20:0.0576 H@20:0.1257
loss in epoch 581 iteration 0: 0.013582833111286163
loss in epoch 581 iteration 1: 0.015100248157978058
loss in epoch 581 iteration 2: 0.025398215278983116
loss in epoch 581 iteration 3: 0.028531834483146667
loss in epoch 581 iteration 4: 0.019068725407123566
loss in epoch 581 iteration 5: 0.014882639050483704
loss in epoch 581 iteration 6: 0.01948031783103943
loss in epoch 582 iteration 0: 0.0215174350887537
loss in epoch 582 iteration 1: 0.017246216535568237
loss in epoch 582 iteration 2: 0.013856885954737663
loss in epoch 582 iteration 3: 0.0219641774892807
loss in epoch 582 iteration 4: 0.01615745574235916
loss in epoch 582 iteration 5: 0.010216988623142242
loss in epoch 582 iteration 6: 0.016079967841506004
loss in epoch 583 iteration 0: 0.020036758854985237
loss in epoch 583 iteration 1: 0.013802936300635338
loss in epoch 583 iteration 2: 0.014844827353954315
loss in epoch 583 iteration 3: 0.02195226214826107
loss in epoch 583 iteration 4: 0.030365101993083954
loss in epoch 583 iteration 5: 0.014272082597017288
loss in epoch 583 iteration 6: 0.01306932419538498
loss in epoch 584 iteration 0: 0.01541493833065033
loss in epoch 584 iteration 1: 0.0192780289798975
loss in epoch 584 iteration 2: 0.01392887718975544
loss in epoch 584 iteration 3: 0.013985635712742805
loss in epoch 584 iteration 4: 0.014599684625864029
loss in epoch 584 iteration 5: 0.015435615554451942
loss in epoch 584 iteration 6: 0.024093974381685257
loss in epoch 585 iteration 0: 0.021275263279676437
loss in epoch 585 iteration 1: 0.01733841374516487
loss in epoch 585 iteration 2: 0.015308678150177002
loss in epoch 585 iteration 3: 0.029155978932976723
loss in epoch 585 iteration 4: 0.008794151246547699
loss in epoch 585 iteration 5: 0.032817427068948746
loss in epoch 585 iteration 6: 0.01214616373181343
loss in epoch 586 iteration 0: 0.027613667771220207
loss in epoch 586 iteration 1: 0.01701575331389904
loss in epoch 586 iteration 2: 0.02237311378121376
loss in epoch 586 iteration 3: 0.019410904496908188
loss in epoch 586 iteration 4: 0.008496030233800411
loss in epoch 586 iteration 5: 0.019712569192051888
loss in epoch 586 iteration 6: 0.020730972290039062
loss in epoch 587 iteration 0: 0.023175377398729324
loss in epoch 587 iteration 1: 0.020594002678990364
loss in epoch 587 iteration 2: 0.01763281412422657
loss in epoch 587 iteration 3: 0.02335512638092041
loss in epoch 587 iteration 4: 0.013501077890396118
loss in epoch 587 iteration 5: 0.014720214530825615
loss in epoch 587 iteration 6: 0.022456256672739983
loss in epoch 588 iteration 0: 0.008606215938925743
loss in epoch 588 iteration 1: 0.02236369252204895
loss in epoch 588 iteration 2: 0.019698025658726692
loss in epoch 588 iteration 3: 0.01344665139913559
loss in epoch 588 iteration 4: 0.015151863917708397
loss in epoch 588 iteration 5: 0.02318156138062477
loss in epoch 588 iteration 6: 0.020775554701685905
loss in epoch 589 iteration 0: 0.016685500741004944
loss in epoch 589 iteration 1: 0.013538424856960773
loss in epoch 589 iteration 2: 0.010782767087221146
loss in epoch 589 iteration 3: 0.015666797757148743
loss in epoch 589 iteration 4: 0.012275585904717445
loss in epoch 589 iteration 5: 0.012439345009624958
loss in epoch 589 iteration 6: 0.018564892932772636
loss in epoch 590 iteration 0: 0.01550726592540741
loss in epoch 590 iteration 1: 0.011530628427863121
loss in epoch 590 iteration 2: 0.015717478469014168
loss in epoch 590 iteration 3: 0.013547739014029503
loss in epoch 590 iteration 4: 0.02894531562924385
loss in epoch 590 iteration 5: 0.010820254683494568
loss in epoch 590 iteration 6: 0.014269012026488781
loss in epoch 591 iteration 0: 0.018670793622732162
loss in epoch 591 iteration 1: 0.009283198975026608
loss in epoch 591 iteration 2: 0.006878986954689026
loss in epoch 591 iteration 3: 0.01967168226838112
loss in epoch 591 iteration 4: 0.024192068725824356
loss in epoch 591 iteration 5: 0.013704318553209305
loss in epoch 591 iteration 6: 0.013336235657334328
loss in epoch 592 iteration 0: 0.019856944680213928
loss in epoch 592 iteration 1: 0.009815076366066933
loss in epoch 592 iteration 2: 0.02378941886126995
loss in epoch 592 iteration 3: 0.017579659819602966
loss in epoch 592 iteration 4: 0.015223139896988869
loss in epoch 592 iteration 5: 0.01348835788667202
loss in epoch 592 iteration 6: 0.007233515381813049
loss in epoch 593 iteration 0: 0.018097423017024994
loss in epoch 593 iteration 1: 0.009998224675655365
loss in epoch 593 iteration 2: 0.019299030303955078
loss in epoch 593 iteration 3: 0.018276747316122055
loss in epoch 593 iteration 4: 0.019908424466848373
loss in epoch 593 iteration 5: 0.01689462549984455
loss in epoch 593 iteration 6: 0.020892364904284477
loss in epoch 594 iteration 0: 0.019348133355379105
loss in epoch 594 iteration 1: 0.01742917113006115
loss in epoch 594 iteration 2: 0.01764708198606968
loss in epoch 594 iteration 3: 0.01727258786559105
loss in epoch 594 iteration 4: 0.02266390435397625
loss in epoch 594 iteration 5: 0.014117391780018806
loss in epoch 594 iteration 6: 0.02408645488321781
loss in epoch 595 iteration 0: 0.0180828757584095
loss in epoch 595 iteration 1: 0.016324482858181
loss in epoch 595 iteration 2: 0.012769477441906929
loss in epoch 595 iteration 3: 0.009705210104584694
loss in epoch 595 iteration 4: 0.01651998609304428
loss in epoch 595 iteration 5: 0.02186151221394539
loss in epoch 595 iteration 6: 0.023940669372677803
loss in epoch 596 iteration 0: 0.023904094472527504
loss in epoch 596 iteration 1: 0.013334162533283234
loss in epoch 596 iteration 2: 0.01598622091114521
loss in epoch 596 iteration 3: 0.019346287474036217
loss in epoch 596 iteration 4: 0.011501296423375607
loss in epoch 596 iteration 5: 0.02148902602493763
loss in epoch 596 iteration 6: 0.008611905388534069
loss in epoch 597 iteration 0: 0.01826738938689232
loss in epoch 597 iteration 1: 0.02142206020653248
loss in epoch 597 iteration 2: 0.020773977041244507
loss in epoch 597 iteration 3: 0.008568349294364452
loss in epoch 597 iteration 4: 0.011827243492007256
loss in epoch 597 iteration 5: 0.026765914633870125
loss in epoch 597 iteration 6: 0.015618335455656052
loss in epoch 598 iteration 0: 0.01685309410095215
loss in epoch 598 iteration 1: 0.019772017374634743
loss in epoch 598 iteration 2: 0.016437022015452385
loss in epoch 598 iteration 3: 0.016768064349889755
loss in epoch 598 iteration 4: 0.039971932768821716
loss in epoch 598 iteration 5: 0.014663955196738243
loss in epoch 598 iteration 6: 0.0163296926766634
loss in epoch 599 iteration 0: 0.026437249034643173
loss in epoch 599 iteration 1: 0.015251293778419495
loss in epoch 599 iteration 2: 0.01970796287059784
loss in epoch 599 iteration 3: 0.010207349434494972
loss in epoch 599 iteration 4: 0.02319464460015297
loss in epoch 599 iteration 5: 0.009493007324635983
loss in epoch 599 iteration 6: 0.014040002599358559
loss in epoch 600 iteration 0: 0.00795725267380476
loss in epoch 600 iteration 1: 0.0076334187760949135
loss in epoch 600 iteration 2: 0.009608549997210503
loss in epoch 600 iteration 3: 0.01066470704972744
loss in epoch 600 iteration 4: 0.011029860004782677
loss in epoch 600 iteration 5: 0.008358868770301342
loss in epoch 600 iteration 6: 0.018221136182546616
Evaluating................................
Epoch: 600, Time: 100.70s
Valid: N@5:0.0497 H@5:0.0728 | N@10:0.0627 H@10:0.1130 | N@20:0.0780 H@20:0.1744
Test:  N@5:0.0414 H@5:0.0601 | N@10:0.0482 H@10:0.0812 | N@20:0.0597 H@20:0.1275
loss in epoch 601 iteration 0: 0.014071531593799591
loss in epoch 601 iteration 1: 0.011155670508742332
loss in epoch 601 iteration 2: 0.015940841287374496
loss in epoch 601 iteration 3: 0.01108380127698183
loss in epoch 601 iteration 4: 0.02477595955133438
loss in epoch 601 iteration 5: 0.014460142701864243
loss in epoch 601 iteration 6: 0.011100673116743565
loss in epoch 602 iteration 0: 0.017967890948057175
loss in epoch 602 iteration 1: 0.012632438912987709
loss in epoch 602 iteration 2: 0.020780250430107117
loss in epoch 602 iteration 3: 0.014077875763177872
loss in epoch 602 iteration 4: 0.013865891844034195
loss in epoch 602 iteration 5: 0.02321908250451088
loss in epoch 602 iteration 6: 0.00989950355142355
loss in epoch 603 iteration 0: 0.017363227903842926
loss in epoch 603 iteration 1: 0.017498323693871498
loss in epoch 603 iteration 2: 0.014971280470490456
loss in epoch 603 iteration 3: 0.018249470740556717
loss in epoch 603 iteration 4: 0.021867971867322922
loss in epoch 603 iteration 5: 0.017361093312501907
loss in epoch 603 iteration 6: 0.028710972517728806
loss in epoch 604 iteration 0: 0.021247411146759987
loss in epoch 604 iteration 1: 0.015298417769372463
loss in epoch 604 iteration 2: 0.010610291734337807
loss in epoch 604 iteration 3: 0.022980453446507454
loss in epoch 604 iteration 4: 0.016614729538559914
loss in epoch 604 iteration 5: 0.011896687559783459
loss in epoch 604 iteration 6: 0.010082301683723927
loss in epoch 605 iteration 0: 0.01383577287197113
loss in epoch 605 iteration 1: 0.0068818554282188416
loss in epoch 605 iteration 2: 0.020329393446445465
loss in epoch 605 iteration 3: 0.011169016361236572
loss in epoch 605 iteration 4: 0.016240522265434265
loss in epoch 605 iteration 5: 0.013781992718577385
loss in epoch 605 iteration 6: 0.014686984941363335
loss in epoch 606 iteration 0: 0.01180308312177658
loss in epoch 606 iteration 1: 0.013648005202412605
loss in epoch 606 iteration 2: 0.02108214609324932
loss in epoch 606 iteration 3: 0.013782655820250511
loss in epoch 606 iteration 4: 0.011015655472874641
loss in epoch 606 iteration 5: 0.00736177247017622
loss in epoch 606 iteration 6: 0.015714138746261597
loss in epoch 607 iteration 0: 0.01458759605884552
loss in epoch 607 iteration 1: 0.012239161878824234
loss in epoch 607 iteration 2: 0.010517701506614685
loss in epoch 607 iteration 3: 0.015031593851745129
loss in epoch 607 iteration 4: 0.019073087722063065
loss in epoch 607 iteration 5: 0.016641978174448013
loss in epoch 607 iteration 6: 0.01043696515262127
loss in epoch 608 iteration 0: 0.017139509320259094
loss in epoch 608 iteration 1: 0.008024638518691063
loss in epoch 608 iteration 2: 0.014490353874862194
loss in epoch 608 iteration 3: 0.007439865730702877
loss in epoch 608 iteration 4: 0.02875961735844612
loss in epoch 608 iteration 5: 0.014200380071997643
loss in epoch 608 iteration 6: 0.015208104625344276
loss in epoch 609 iteration 0: 0.016877368092536926
loss in epoch 609 iteration 1: 0.013189135119318962
loss in epoch 609 iteration 2: 0.018251728266477585
loss in epoch 609 iteration 3: 0.024843238294124603
loss in epoch 609 iteration 4: 0.0171574167907238
loss in epoch 609 iteration 5: 0.014832607470452785
loss in epoch 609 iteration 6: 0.009407720528542995
loss in epoch 610 iteration 0: 0.02323228120803833
loss in epoch 610 iteration 1: 0.01026744581758976
loss in epoch 610 iteration 2: 0.014906218275427818
loss in epoch 610 iteration 3: 0.010976463556289673
loss in epoch 610 iteration 4: 0.028824998065829277
loss in epoch 610 iteration 5: 0.011982107535004616
loss in epoch 610 iteration 6: 0.009089645929634571
loss in epoch 611 iteration 0: 0.020222077146172523
loss in epoch 611 iteration 1: 0.014358913525938988
loss in epoch 611 iteration 2: 0.020886458456516266
loss in epoch 611 iteration 3: 0.020158693194389343
loss in epoch 611 iteration 4: 0.009515058249235153
loss in epoch 611 iteration 5: 0.029493482783436775
loss in epoch 611 iteration 6: 0.010038362815976143
loss in epoch 612 iteration 0: 0.015676748007535934
loss in epoch 612 iteration 1: 0.024687424302101135
loss in epoch 612 iteration 2: 0.013850394636392593
loss in epoch 612 iteration 3: 0.016505176201462746
loss in epoch 612 iteration 4: 0.014215072616934776
loss in epoch 612 iteration 5: 0.025156881660223007
loss in epoch 612 iteration 6: 0.01628420315682888
loss in epoch 613 iteration 0: 0.01940813660621643
loss in epoch 613 iteration 1: 0.015781713649630547
loss in epoch 613 iteration 2: 0.009252643212676048
loss in epoch 613 iteration 3: 0.013064883649349213
loss in epoch 613 iteration 4: 0.012612780556082726
loss in epoch 613 iteration 5: 0.012061080895364285
loss in epoch 613 iteration 6: 0.01249795313924551
loss in epoch 614 iteration 0: 0.01783386990427971
loss in epoch 614 iteration 1: 0.026177585124969482
loss in epoch 614 iteration 2: 0.01767338439822197
loss in epoch 614 iteration 3: 0.022451069205999374
loss in epoch 614 iteration 4: 0.01702156662940979
loss in epoch 614 iteration 5: 0.015720747411251068
loss in epoch 614 iteration 6: 0.020715750753879547
loss in epoch 615 iteration 0: 0.0264802947640419
loss in epoch 615 iteration 1: 0.019025636836886406
loss in epoch 615 iteration 2: 0.01660521700978279
loss in epoch 615 iteration 3: 0.014480175450444221
loss in epoch 615 iteration 4: 0.01695861481130123
loss in epoch 615 iteration 5: 0.010418974794447422
loss in epoch 615 iteration 6: 0.01583026349544525
loss in epoch 616 iteration 0: 0.022565700113773346
loss in epoch 616 iteration 1: 0.018575388938188553
loss in epoch 616 iteration 2: 0.012882275506854057
loss in epoch 616 iteration 3: 0.02421272173523903
loss in epoch 616 iteration 4: 0.014672783203423023
loss in epoch 616 iteration 5: 0.041970983147621155
loss in epoch 616 iteration 6: 0.013694483786821365
loss in epoch 617 iteration 0: 0.0153201874345541
loss in epoch 617 iteration 1: 0.023260142654180527
loss in epoch 617 iteration 2: 0.01324043795466423
loss in epoch 617 iteration 3: 0.024840520694851875
loss in epoch 617 iteration 4: 0.012676853686571121
loss in epoch 617 iteration 5: 0.01937725767493248
loss in epoch 617 iteration 6: 0.02638179063796997
loss in epoch 618 iteration 0: 0.037861168384552
loss in epoch 618 iteration 1: 0.019161518663167953
loss in epoch 618 iteration 2: 0.019365688785910606
loss in epoch 618 iteration 3: 0.013168098405003548
loss in epoch 618 iteration 4: 0.01596013829112053
loss in epoch 618 iteration 5: 0.009452314116060734
loss in epoch 618 iteration 6: 0.019642146304249763
loss in epoch 619 iteration 0: 0.00848073698580265
loss in epoch 619 iteration 1: 0.013173960149288177
loss in epoch 619 iteration 2: 0.02458166889846325
loss in epoch 619 iteration 3: 0.009520256891846657
loss in epoch 619 iteration 4: 0.02018251270055771
loss in epoch 619 iteration 5: 0.014407671988010406
loss in epoch 619 iteration 6: 0.026000723242759705
loss in epoch 620 iteration 0: 0.007346923463046551
loss in epoch 620 iteration 1: 0.02448277734220028
loss in epoch 620 iteration 2: 0.012125419452786446
loss in epoch 620 iteration 3: 0.01300766970962286
loss in epoch 620 iteration 4: 0.010661359876394272
loss in epoch 620 iteration 5: 0.01529589481651783
loss in epoch 620 iteration 6: 0.01307709701359272
Evaluating................................
Epoch: 620, Time: 103.94s
Valid: N@5:0.0521 H@5:0.0734 | N@10:0.0632 H@10:0.1076 | N@20:0.0780 H@20:0.1672
Test:  N@5:0.0382 H@5:0.0553 | N@10:0.0488 H@10:0.0884 | N@20:0.0574 H@20:0.1227
loss in epoch 621 iteration 0: 0.008828755468130112
loss in epoch 621 iteration 1: 0.013167223893105984
loss in epoch 621 iteration 2: 0.008211971260607243
loss in epoch 621 iteration 3: 0.012940309941768646
loss in epoch 621 iteration 4: 0.022894833236932755
loss in epoch 621 iteration 5: 0.020059989765286446
loss in epoch 621 iteration 6: 0.01697327010333538
loss in epoch 622 iteration 0: 0.01420610211789608
loss in epoch 622 iteration 1: 0.015654869377613068
loss in epoch 622 iteration 2: 0.01675173081457615
loss in epoch 622 iteration 3: 0.019608017057180405
loss in epoch 622 iteration 4: 0.01570664905011654
loss in epoch 622 iteration 5: 0.01702696457505226
loss in epoch 622 iteration 6: 0.023488054051995277
loss in epoch 623 iteration 0: 0.01384645700454712
loss in epoch 623 iteration 1: 0.020428311079740524
loss in epoch 623 iteration 2: 0.013567693531513214
loss in epoch 623 iteration 3: 0.022718649357557297
loss in epoch 623 iteration 4: 0.016355814412236214
loss in epoch 623 iteration 5: 0.017926160246133804
loss in epoch 623 iteration 6: 0.01409213151782751
loss in epoch 624 iteration 0: 0.012281320989131927
loss in epoch 624 iteration 1: 0.01045164279639721
loss in epoch 624 iteration 2: 0.027819868177175522
loss in epoch 624 iteration 3: 0.012943580746650696
loss in epoch 624 iteration 4: 0.019314933568239212
loss in epoch 624 iteration 5: 0.015283526852726936
loss in epoch 624 iteration 6: 0.027931012213230133
loss in epoch 625 iteration 0: 0.028225569054484367
loss in epoch 625 iteration 1: 0.021021097898483276
loss in epoch 625 iteration 2: 0.024102330207824707
loss in epoch 625 iteration 3: 0.012133347801864147
loss in epoch 625 iteration 4: 0.015592848882079124
loss in epoch 625 iteration 5: 0.012116148136556149
loss in epoch 625 iteration 6: 0.018106622621417046
loss in epoch 626 iteration 0: 0.013452166691422462
loss in epoch 626 iteration 1: 0.02297915890812874
loss in epoch 626 iteration 2: 0.017787931486964226
loss in epoch 626 iteration 3: 0.02008240669965744
loss in epoch 626 iteration 4: 0.011447157710790634
loss in epoch 626 iteration 5: 0.01672910712659359
loss in epoch 626 iteration 6: 0.024575870484113693
loss in epoch 627 iteration 0: 0.014819031581282616
loss in epoch 627 iteration 1: 0.032125040888786316
loss in epoch 627 iteration 2: 0.012617029249668121
loss in epoch 627 iteration 3: 0.014903614297509193
loss in epoch 627 iteration 4: 0.01577741652727127
loss in epoch 627 iteration 5: 0.02622845023870468
loss in epoch 627 iteration 6: 0.00905381515622139
loss in epoch 628 iteration 0: 0.02146979421377182
loss in epoch 628 iteration 1: 0.016794918105006218
loss in epoch 628 iteration 2: 0.029718203470110893
loss in epoch 628 iteration 3: 0.016825217753648758
loss in epoch 628 iteration 4: 0.008294918574392796
loss in epoch 628 iteration 5: 0.020665643736720085
loss in epoch 628 iteration 6: 0.011487580835819244
loss in epoch 629 iteration 0: 0.01884508691728115
loss in epoch 629 iteration 1: 0.023655015975236893
loss in epoch 629 iteration 2: 0.01978609897196293
loss in epoch 629 iteration 3: 0.010218106210231781
loss in epoch 629 iteration 4: 0.01402851939201355
loss in epoch 629 iteration 5: 0.010911654680967331
loss in epoch 629 iteration 6: 0.013023373670876026
loss in epoch 630 iteration 0: 0.02259244956076145
loss in epoch 630 iteration 1: 0.024754853919148445
loss in epoch 630 iteration 2: 0.01573701947927475
loss in epoch 630 iteration 3: 0.015396573580801487
loss in epoch 630 iteration 4: 0.02860379032790661
loss in epoch 630 iteration 5: 0.01137955579906702
loss in epoch 630 iteration 6: 0.022774048149585724
loss in epoch 631 iteration 0: 0.020028140395879745
loss in epoch 631 iteration 1: 0.011000750586390495
loss in epoch 631 iteration 2: 0.008747685700654984
loss in epoch 631 iteration 3: 0.02120145410299301
loss in epoch 631 iteration 4: 0.010534347966313362
loss in epoch 631 iteration 5: 0.02352748066186905
loss in epoch 631 iteration 6: 0.022174766287207603
loss in epoch 632 iteration 0: 0.009207472205162048
loss in epoch 632 iteration 1: 0.013358650729060173
loss in epoch 632 iteration 2: 0.014104196801781654
loss in epoch 632 iteration 3: 0.022003239020705223
loss in epoch 632 iteration 4: 0.010174795985221863
loss in epoch 632 iteration 5: 0.018413331359624863
loss in epoch 632 iteration 6: 0.010538768023252487
loss in epoch 633 iteration 0: 0.032523177564144135
loss in epoch 633 iteration 1: 0.011171765625476837
loss in epoch 633 iteration 2: 0.019543536007404327
loss in epoch 633 iteration 3: 0.016305124387145042
loss in epoch 633 iteration 4: 0.010550213977694511
loss in epoch 633 iteration 5: 0.010234455578029156
loss in epoch 633 iteration 6: 0.018681321293115616
loss in epoch 634 iteration 0: 0.010187290608882904
loss in epoch 634 iteration 1: 0.013873313553631306
loss in epoch 634 iteration 2: 0.012532766908407211
loss in epoch 634 iteration 3: 0.010491663590073586
loss in epoch 634 iteration 4: 0.013057549484074116
loss in epoch 634 iteration 5: 0.020439472049474716
loss in epoch 634 iteration 6: 0.010279561392962933
loss in epoch 635 iteration 0: 0.010072211734950542
loss in epoch 635 iteration 1: 0.01224417146295309
loss in epoch 635 iteration 2: 0.015998173505067825
loss in epoch 635 iteration 3: 0.010268913581967354
loss in epoch 635 iteration 4: 0.02056768536567688
loss in epoch 635 iteration 5: 0.027253977954387665
loss in epoch 635 iteration 6: 0.02504444681107998
loss in epoch 636 iteration 0: 0.025644248351454735
loss in epoch 636 iteration 1: 0.025211172178387642
loss in epoch 636 iteration 2: 0.019129952415823936
loss in epoch 636 iteration 3: 0.0072387028485536575
loss in epoch 636 iteration 4: 0.008791930042207241
loss in epoch 636 iteration 5: 0.028276611119508743
loss in epoch 636 iteration 6: 0.014421054162085056
loss in epoch 637 iteration 0: 0.02350647747516632
loss in epoch 637 iteration 1: 0.03340223431587219
loss in epoch 637 iteration 2: 0.01829197071492672
loss in epoch 637 iteration 3: 0.013284804299473763
loss in epoch 637 iteration 4: 0.012717470526695251
loss in epoch 637 iteration 5: 0.013651273213326931
loss in epoch 637 iteration 6: 0.014852559193968773
loss in epoch 638 iteration 0: 0.008915719576179981
loss in epoch 638 iteration 1: 0.015439337119460106
loss in epoch 638 iteration 2: 0.017985237762331963
loss in epoch 638 iteration 3: 0.013009974732995033
loss in epoch 638 iteration 4: 0.011171513237059116
loss in epoch 638 iteration 5: 0.019258538261055946
loss in epoch 638 iteration 6: 0.014175507239997387
loss in epoch 639 iteration 0: 0.014086686074733734
loss in epoch 639 iteration 1: 0.0153273344039917
loss in epoch 639 iteration 2: 0.007576003670692444
loss in epoch 639 iteration 3: 0.015223793685436249
loss in epoch 639 iteration 4: 0.013667741790413857
loss in epoch 639 iteration 5: 0.01665564626455307
loss in epoch 639 iteration 6: 0.018037907779216766
loss in epoch 640 iteration 0: 0.008886304683983326
loss in epoch 640 iteration 1: 0.0063068559393286705
loss in epoch 640 iteration 2: 0.023845061659812927
loss in epoch 640 iteration 3: 0.015857234597206116
loss in epoch 640 iteration 4: 0.0218132883310318
loss in epoch 640 iteration 5: 0.013050751760601997
loss in epoch 640 iteration 6: 0.01656932197511196
Evaluating................................
Epoch: 640, Time: 107.20s
Valid: N@5:0.0537 H@5:0.0794 | N@10:0.0659 H@10:0.1179 | N@20:0.0795 H@20:0.1720
Test:  N@5:0.0380 H@5:0.0529 | N@10:0.0479 H@10:0.0842 | N@20:0.0586 H@20:0.1269
loss in epoch 641 iteration 0: 0.023549525067210197
loss in epoch 641 iteration 1: 0.015651432797312737
loss in epoch 641 iteration 2: 0.020481029525399208
loss in epoch 641 iteration 3: 0.021963315084576607
loss in epoch 641 iteration 4: 0.012500328943133354
loss in epoch 641 iteration 5: 0.017444847151637077
loss in epoch 641 iteration 6: 0.011694171465933323
loss in epoch 642 iteration 0: 0.02301107719540596
loss in epoch 642 iteration 1: 0.014864573255181313
loss in epoch 642 iteration 2: 0.021846886724233627
loss in epoch 642 iteration 3: 0.015001063235104084
loss in epoch 642 iteration 4: 0.022748542949557304
loss in epoch 642 iteration 5: 0.010365482419729233
loss in epoch 642 iteration 6: 0.021203767508268356
loss in epoch 643 iteration 0: 0.025444287806749344
loss in epoch 643 iteration 1: 0.01025420892983675
loss in epoch 643 iteration 2: 0.014184050261974335
loss in epoch 643 iteration 3: 0.00740414671599865
loss in epoch 643 iteration 4: 0.016869964078068733
loss in epoch 643 iteration 5: 0.017379581928253174
loss in epoch 643 iteration 6: 0.016250483691692352
loss in epoch 644 iteration 0: 0.017086155712604523
loss in epoch 644 iteration 1: 0.014158423990011215
loss in epoch 644 iteration 2: 0.016188226640224457
loss in epoch 644 iteration 3: 0.03495470806956291
loss in epoch 644 iteration 4: 0.018571609631180763
loss in epoch 644 iteration 5: 0.015418263152241707
loss in epoch 644 iteration 6: 0.01621212251484394
loss in epoch 645 iteration 0: 0.012371908873319626
loss in epoch 645 iteration 1: 0.02723504975438118
loss in epoch 645 iteration 2: 0.020477421581745148
loss in epoch 645 iteration 3: 0.011574860662221909
loss in epoch 645 iteration 4: 0.015308251604437828
loss in epoch 645 iteration 5: 0.011225316673517227
loss in epoch 645 iteration 6: 0.016361379995942116
loss in epoch 646 iteration 0: 0.00546113308519125
loss in epoch 646 iteration 1: 0.019491691142320633
loss in epoch 646 iteration 2: 0.019319042563438416
loss in epoch 646 iteration 3: 0.012866090051829815
loss in epoch 646 iteration 4: 0.010843687690794468
loss in epoch 646 iteration 5: 0.018115054816007614
loss in epoch 646 iteration 6: 0.015830116346478462
loss in epoch 647 iteration 0: 0.008367440663278103
loss in epoch 647 iteration 1: 0.01664907857775688
loss in epoch 647 iteration 2: 0.008350254036486149
loss in epoch 647 iteration 3: 0.012896809726953506
loss in epoch 647 iteration 4: 0.01318337395787239
loss in epoch 647 iteration 5: 0.010990197770297527
loss in epoch 647 iteration 6: 0.016209525987505913
loss in epoch 648 iteration 0: 0.014175726100802422
loss in epoch 648 iteration 1: 0.00805384386330843
loss in epoch 648 iteration 2: 0.012506632134318352
loss in epoch 648 iteration 3: 0.012416010722517967
loss in epoch 648 iteration 4: 0.012217872776091099
loss in epoch 648 iteration 5: 0.013596422038972378
loss in epoch 648 iteration 6: 0.01414470374584198
loss in epoch 649 iteration 0: 0.01558341458439827
loss in epoch 649 iteration 1: 0.019116513431072235
loss in epoch 649 iteration 2: 0.012235019356012344
loss in epoch 649 iteration 3: 0.007829657755792141
loss in epoch 649 iteration 4: 0.025031492114067078
loss in epoch 649 iteration 5: 0.021149469539523125
loss in epoch 649 iteration 6: 0.018244769424200058
loss in epoch 650 iteration 0: 0.017661912366747856
loss in epoch 650 iteration 1: 0.030067389830946922
loss in epoch 650 iteration 2: 0.018436100333929062
loss in epoch 650 iteration 3: 0.015754828229546547
loss in epoch 650 iteration 4: 0.014647001400589943
loss in epoch 650 iteration 5: 0.018069464713335037
loss in epoch 650 iteration 6: 0.027259694412350655
loss in epoch 651 iteration 0: 0.011623096652328968
loss in epoch 651 iteration 1: 0.02702386863529682
loss in epoch 651 iteration 2: 0.009780248627066612
loss in epoch 651 iteration 3: 0.014657441526651382
loss in epoch 651 iteration 4: 0.022398969158530235
loss in epoch 651 iteration 5: 0.018483951687812805
loss in epoch 651 iteration 6: 0.02704412117600441
loss in epoch 652 iteration 0: 0.007716432213783264
loss in epoch 652 iteration 1: 0.011511346325278282
loss in epoch 652 iteration 2: 0.02253907173871994
loss in epoch 652 iteration 3: 0.01970013976097107
loss in epoch 652 iteration 4: 0.01267562061548233
loss in epoch 652 iteration 5: 0.015891334041953087
loss in epoch 652 iteration 6: 0.013978073373436928
loss in epoch 653 iteration 0: 0.02801581844687462
loss in epoch 653 iteration 1: 0.016272995620965958
loss in epoch 653 iteration 2: 0.0150228813290596
loss in epoch 653 iteration 3: 0.018268227577209473
loss in epoch 653 iteration 4: 0.013202454894781113
loss in epoch 653 iteration 5: 0.01929190754890442
loss in epoch 653 iteration 6: 0.027661819010972977
loss in epoch 654 iteration 0: 0.018628381192684174
loss in epoch 654 iteration 1: 0.017122630029916763
loss in epoch 654 iteration 2: 0.01834169402718544
loss in epoch 654 iteration 3: 0.01818707585334778
loss in epoch 654 iteration 4: 0.01677674986422062
loss in epoch 654 iteration 5: 0.013537190854549408
loss in epoch 654 iteration 6: 0.015577703714370728
loss in epoch 655 iteration 0: 0.018147414550185204
loss in epoch 655 iteration 1: 0.013412383385002613
loss in epoch 655 iteration 2: 0.010839907452464104
loss in epoch 655 iteration 3: 0.018359925597906113
loss in epoch 655 iteration 4: 0.016143737360835075
loss in epoch 655 iteration 5: 0.010136333294212818
loss in epoch 655 iteration 6: 0.01807713694870472
loss in epoch 656 iteration 0: 0.027856627479195595
loss in epoch 656 iteration 1: 0.026934845373034477
loss in epoch 656 iteration 2: 0.012208472937345505
loss in epoch 656 iteration 3: 0.015855278819799423
loss in epoch 656 iteration 4: 0.02488727681338787
loss in epoch 656 iteration 5: 0.014913763850927353
loss in epoch 656 iteration 6: 0.013160968199372292
loss in epoch 657 iteration 0: 0.03653741627931595
loss in epoch 657 iteration 1: 0.006180147174745798
loss in epoch 657 iteration 2: 0.014438186772167683
loss in epoch 657 iteration 3: 0.016383346170186996
loss in epoch 657 iteration 4: 0.01719598099589348
loss in epoch 657 iteration 5: 0.0241459421813488
loss in epoch 657 iteration 6: 0.019901856780052185
loss in epoch 658 iteration 0: 0.02215183898806572
loss in epoch 658 iteration 1: 0.012628918513655663
loss in epoch 658 iteration 2: 0.013239121064543724
loss in epoch 658 iteration 3: 0.020765194669365883
loss in epoch 658 iteration 4: 0.03146815672516823
loss in epoch 658 iteration 5: 0.012187989428639412
loss in epoch 658 iteration 6: 0.01981528103351593
loss in epoch 659 iteration 0: 0.018227849155664444
loss in epoch 659 iteration 1: 0.01572076790034771
loss in epoch 659 iteration 2: 0.01563457027077675
loss in epoch 659 iteration 3: 0.01716756448149681
loss in epoch 659 iteration 4: 0.007946239784359932
loss in epoch 659 iteration 5: 0.007277938537299633
loss in epoch 659 iteration 6: 0.02614341489970684
loss in epoch 660 iteration 0: 0.01582924835383892
loss in epoch 660 iteration 1: 0.020685331895947456
loss in epoch 660 iteration 2: 0.011977468617260456
loss in epoch 660 iteration 3: 0.009697078727185726
loss in epoch 660 iteration 4: 0.02231522463262081
loss in epoch 660 iteration 5: 0.017765041440725327
loss in epoch 660 iteration 6: 0.0240255668759346
Evaluating................................
Epoch: 660, Time: 110.38s
Valid: N@5:0.0492 H@5:0.0764 | N@10:0.0616 H@10:0.1149 | N@20:0.0761 H@20:0.1732
Test:  N@5:0.0394 H@5:0.0559 | N@10:0.0474 H@10:0.0806 | N@20:0.0573 H@20:0.1203
loss in epoch 661 iteration 0: 0.009812235832214355
loss in epoch 661 iteration 1: 0.008732635527849197
loss in epoch 661 iteration 2: 0.014146526344120502
loss in epoch 661 iteration 3: 0.012952509336173534
loss in epoch 661 iteration 4: 0.00886255782097578
loss in epoch 661 iteration 5: 0.01096803043037653
loss in epoch 661 iteration 6: 0.022322162985801697
loss in epoch 662 iteration 0: 0.009361792355775833
loss in epoch 662 iteration 1: 0.006293447222560644
loss in epoch 662 iteration 2: 0.01702025905251503
loss in epoch 662 iteration 3: 0.010556000284850597
loss in epoch 662 iteration 4: 0.02955879457294941
loss in epoch 662 iteration 5: 0.01758919283747673
loss in epoch 662 iteration 6: 0.014487800188362598
loss in epoch 663 iteration 0: 0.01213965192437172
loss in epoch 663 iteration 1: 0.011641861870884895
loss in epoch 663 iteration 2: 0.01786554418504238
loss in epoch 663 iteration 3: 0.015804404392838478
loss in epoch 663 iteration 4: 0.013591403141617775
loss in epoch 663 iteration 5: 0.030637085437774658
loss in epoch 663 iteration 6: 0.022531958296895027
loss in epoch 664 iteration 0: 0.008032504469156265
loss in epoch 664 iteration 1: 0.03220609575510025
loss in epoch 664 iteration 2: 0.013128161430358887
loss in epoch 664 iteration 3: 0.025908932089805603
loss in epoch 664 iteration 4: 0.015763338655233383
loss in epoch 664 iteration 5: 0.027666794136166573
loss in epoch 664 iteration 6: 0.012866642326116562
loss in epoch 665 iteration 0: 0.01045280136168003
loss in epoch 665 iteration 1: 0.022551603615283966
loss in epoch 665 iteration 2: 0.01676499843597412
loss in epoch 665 iteration 3: 0.017891015857458115
loss in epoch 665 iteration 4: 0.02154405228793621
loss in epoch 665 iteration 5: 0.008779603987932205
loss in epoch 665 iteration 6: 0.02145075984299183
loss in epoch 666 iteration 0: 0.013060960918664932
loss in epoch 666 iteration 1: 0.02673017606139183
loss in epoch 666 iteration 2: 0.008830519393086433
loss in epoch 666 iteration 3: 0.01983255334198475
loss in epoch 666 iteration 4: 0.01785244420170784
loss in epoch 666 iteration 5: 0.012911747209727764
loss in epoch 666 iteration 6: 0.008213602937757969
loss in epoch 667 iteration 0: 0.013235023245215416
loss in epoch 667 iteration 1: 0.014546120539307594
loss in epoch 667 iteration 2: 0.020403385162353516
loss in epoch 667 iteration 3: 0.013367993757128716
loss in epoch 667 iteration 4: 0.021226022392511368
loss in epoch 667 iteration 5: 0.027838025242090225
loss in epoch 667 iteration 6: 0.009437596425414085
loss in epoch 668 iteration 0: 0.015221290290355682
loss in epoch 668 iteration 1: 0.0206492580473423
loss in epoch 668 iteration 2: 0.018593499436974525
loss in epoch 668 iteration 3: 0.015151865780353546
loss in epoch 668 iteration 4: 0.009468009695410728
loss in epoch 668 iteration 5: 0.015365390107035637
loss in epoch 668 iteration 6: 0.024882515892386436
loss in epoch 669 iteration 0: 0.007727910298854113
loss in epoch 669 iteration 1: 0.016244161874055862
loss in epoch 669 iteration 2: 0.01622752659022808
loss in epoch 669 iteration 3: 0.009440799243748188
loss in epoch 669 iteration 4: 0.013193042017519474
loss in epoch 669 iteration 5: 0.010971248149871826
loss in epoch 669 iteration 6: 0.01738659478724003
loss in epoch 670 iteration 0: 0.021282322704792023
loss in epoch 670 iteration 1: 0.016924908384680748
loss in epoch 670 iteration 2: 0.015221234411001205
loss in epoch 670 iteration 3: 0.008572130464017391
loss in epoch 670 iteration 4: 0.0161463413387537
loss in epoch 670 iteration 5: 0.012920651584863663
loss in epoch 670 iteration 6: 0.019160933792591095
loss in epoch 671 iteration 0: 0.01788567192852497
loss in epoch 671 iteration 1: 0.007643294520676136
loss in epoch 671 iteration 2: 0.024661069735884666
loss in epoch 671 iteration 3: 0.011497287079691887
loss in epoch 671 iteration 4: 0.02849441207945347
loss in epoch 671 iteration 5: 0.018028048798441887
loss in epoch 671 iteration 6: 0.02301594242453575
loss in epoch 672 iteration 0: 0.008723711594939232
loss in epoch 672 iteration 1: 0.026711953803896904
loss in epoch 672 iteration 2: 0.021779892966151237
loss in epoch 672 iteration 3: 0.021878626197576523
loss in epoch 672 iteration 4: 0.013264060951769352
loss in epoch 672 iteration 5: 0.02088150754570961
loss in epoch 672 iteration 6: 0.015136392787098885
loss in epoch 673 iteration 0: 0.014790454879403114
loss in epoch 673 iteration 1: 0.028252264484763145
loss in epoch 673 iteration 2: 0.010230137035250664
loss in epoch 673 iteration 3: 0.016773974522948265
loss in epoch 673 iteration 4: 0.015138313174247742
loss in epoch 673 iteration 5: 0.013885877095162868
loss in epoch 673 iteration 6: 0.022288363426923752
loss in epoch 674 iteration 0: 0.012472372502088547
loss in epoch 674 iteration 1: 0.030417166650295258
loss in epoch 674 iteration 2: 0.013264374807476997
loss in epoch 674 iteration 3: 0.01784273236989975
loss in epoch 674 iteration 4: 0.00779114942997694
loss in epoch 674 iteration 5: 0.018294300884008408
loss in epoch 674 iteration 6: 0.020584331825375557
loss in epoch 675 iteration 0: 0.006251838058233261
loss in epoch 675 iteration 1: 0.016127578914165497
loss in epoch 675 iteration 2: 0.012670904397964478
loss in epoch 675 iteration 3: 0.012144161388278008
loss in epoch 675 iteration 4: 0.029659513384103775
loss in epoch 675 iteration 5: 0.014873266220092773
loss in epoch 675 iteration 6: 0.008793058805167675
loss in epoch 676 iteration 0: 0.020014679059386253
loss in epoch 676 iteration 1: 0.013272272422909737
loss in epoch 676 iteration 2: 0.03657050430774689
loss in epoch 676 iteration 3: 0.020215103402733803
loss in epoch 676 iteration 4: 0.011245056055486202
loss in epoch 676 iteration 5: 0.009140560403466225
loss in epoch 676 iteration 6: 0.014848319813609123
loss in epoch 677 iteration 0: 0.010432916693389416
loss in epoch 677 iteration 1: 0.010206902399659157
loss in epoch 677 iteration 2: 0.014680610969662666
loss in epoch 677 iteration 3: 0.014197947457432747
loss in epoch 677 iteration 4: 0.013439053669571877
loss in epoch 677 iteration 5: 0.015213103033602238
loss in epoch 677 iteration 6: 0.016592852771282196
loss in epoch 678 iteration 0: 0.013977140188217163
loss in epoch 678 iteration 1: 0.014955207705497742
loss in epoch 678 iteration 2: 0.009165769442915916
loss in epoch 678 iteration 3: 0.021187273785471916
loss in epoch 678 iteration 4: 0.015804236754775047
loss in epoch 678 iteration 5: 0.01675458624958992
loss in epoch 678 iteration 6: 0.0194046963006258
loss in epoch 679 iteration 0: 0.010911359451711178
loss in epoch 679 iteration 1: 0.018194260075688362
loss in epoch 679 iteration 2: 0.018235037103295326
loss in epoch 679 iteration 3: 0.012008942663669586
loss in epoch 679 iteration 4: 0.022977393120527267
loss in epoch 679 iteration 5: 0.012629617005586624
loss in epoch 679 iteration 6: 0.015896297991275787
loss in epoch 680 iteration 0: 0.01458301767706871
loss in epoch 680 iteration 1: 0.018072914332151413
loss in epoch 680 iteration 2: 0.01775238662958145
loss in epoch 680 iteration 3: 0.019759705290198326
loss in epoch 680 iteration 4: 0.01590796187520027
loss in epoch 680 iteration 5: 0.009298746474087238
loss in epoch 680 iteration 6: 0.01883629336953163
Evaluating................................
Epoch: 680, Time: 113.57s
Valid: N@5:0.0538 H@5:0.0794 | N@10:0.0627 H@10:0.1070 | N@20:0.0775 H@20:0.1654
Test:  N@5:0.0400 H@5:0.0607 | N@10:0.0484 H@10:0.0866 | N@20:0.0575 H@20:0.1233
loss in epoch 681 iteration 0: 0.009010536596179008
loss in epoch 681 iteration 1: 0.016140328720211983
loss in epoch 681 iteration 2: 0.016294341534376144
loss in epoch 681 iteration 3: 0.025895005092024803
loss in epoch 681 iteration 4: 0.015827728435397148
loss in epoch 681 iteration 5: 0.03274298086762428
loss in epoch 681 iteration 6: 0.012174934148788452
loss in epoch 682 iteration 0: 0.03138662129640579
loss in epoch 682 iteration 1: 0.013623912818729877
loss in epoch 682 iteration 2: 0.025973517447710037
loss in epoch 682 iteration 3: 0.013953672721982002
loss in epoch 682 iteration 4: 0.014238813892006874
loss in epoch 682 iteration 5: 0.02064238116145134
loss in epoch 682 iteration 6: 0.010679379105567932
loss in epoch 683 iteration 0: 0.009868869557976723
loss in epoch 683 iteration 1: 0.02061447873711586
loss in epoch 683 iteration 2: 0.015476815402507782
loss in epoch 683 iteration 3: 0.01347892452031374
loss in epoch 683 iteration 4: 0.022457318380475044
loss in epoch 683 iteration 5: 0.02130124159157276
loss in epoch 683 iteration 6: 0.013915530405938625
loss in epoch 684 iteration 0: 0.012549671344459057
loss in epoch 684 iteration 1: 0.03192149102687836
loss in epoch 684 iteration 2: 0.02174278162419796
loss in epoch 684 iteration 3: 0.010215206071734428
loss in epoch 684 iteration 4: 0.024342160671949387
loss in epoch 684 iteration 5: 0.01454988680779934
loss in epoch 684 iteration 6: 0.019013267010450363
loss in epoch 685 iteration 0: 0.01248355582356453
loss in epoch 685 iteration 1: 0.024972043931484222
loss in epoch 685 iteration 2: 0.010544942691922188
loss in epoch 685 iteration 3: 0.012515736743807793
loss in epoch 685 iteration 4: 0.02615007944405079
loss in epoch 685 iteration 5: 0.017287027090787888
loss in epoch 685 iteration 6: 0.023072531446814537
loss in epoch 686 iteration 0: 0.019501283764839172
loss in epoch 686 iteration 1: 0.016923746094107628
loss in epoch 686 iteration 2: 0.010767717845737934
loss in epoch 686 iteration 3: 0.014862870797514915
loss in epoch 686 iteration 4: 0.010886963456869125
loss in epoch 686 iteration 5: 0.025219855830073357
loss in epoch 686 iteration 6: 0.009099116548895836
loss in epoch 687 iteration 0: 0.011285798624157906
loss in epoch 687 iteration 1: 0.015235083177685738
loss in epoch 687 iteration 2: 0.009003529325127602
loss in epoch 687 iteration 3: 0.011447734199464321
loss in epoch 687 iteration 4: 0.01445759553462267
loss in epoch 687 iteration 5: 0.00944454874843359
loss in epoch 687 iteration 6: 0.023838704451918602
loss in epoch 688 iteration 0: 0.022769097238779068
loss in epoch 688 iteration 1: 0.01684899441897869
loss in epoch 688 iteration 2: 0.007776634767651558
loss in epoch 688 iteration 3: 0.013595998287200928
loss in epoch 688 iteration 4: 0.014601269736886024
loss in epoch 688 iteration 5: 0.009329304099082947
loss in epoch 688 iteration 6: 0.010457556694746017
loss in epoch 689 iteration 0: 0.018976867198944092
loss in epoch 689 iteration 1: 0.021695755422115326
loss in epoch 689 iteration 2: 0.022355517372488976
loss in epoch 689 iteration 3: 0.01892174780368805
loss in epoch 689 iteration 4: 0.010896085761487484
loss in epoch 689 iteration 5: 0.019810397177934647
loss in epoch 689 iteration 6: 0.017093518748879433
loss in epoch 690 iteration 0: 0.01800846867263317
loss in epoch 690 iteration 1: 0.011727147735655308
loss in epoch 690 iteration 2: 0.01144481636583805
loss in epoch 690 iteration 3: 0.011387324891984463
loss in epoch 690 iteration 4: 0.030708162114024162
loss in epoch 690 iteration 5: 0.023750366643071175
loss in epoch 690 iteration 6: 0.010725002735853195
loss in epoch 691 iteration 0: 0.016805442050099373
loss in epoch 691 iteration 1: 0.022936951369047165
loss in epoch 691 iteration 2: 0.014117835089564323
loss in epoch 691 iteration 3: 0.018029991537332535
loss in epoch 691 iteration 4: 0.024149999022483826
loss in epoch 691 iteration 5: 0.007458108477294445
loss in epoch 691 iteration 6: 0.01263396441936493
loss in epoch 692 iteration 0: 0.01566658541560173
loss in epoch 692 iteration 1: 0.015552638098597527
loss in epoch 692 iteration 2: 0.02079037018120289
loss in epoch 692 iteration 3: 0.02132481336593628
loss in epoch 692 iteration 4: 0.01491386815905571
loss in epoch 692 iteration 5: 0.018252452835440636
loss in epoch 692 iteration 6: 0.012341666035354137
loss in epoch 693 iteration 0: 0.02083195373415947
loss in epoch 693 iteration 1: 0.0216322410851717
loss in epoch 693 iteration 2: 0.012827415019273758
loss in epoch 693 iteration 3: 0.019348451867699623
loss in epoch 693 iteration 4: 0.019925562664866447
loss in epoch 693 iteration 5: 0.011497464030981064
loss in epoch 693 iteration 6: 0.017307274043560028
loss in epoch 694 iteration 0: 0.01698022149503231
loss in epoch 694 iteration 1: 0.02050335705280304
loss in epoch 694 iteration 2: 0.015150172635912895
loss in epoch 694 iteration 3: 0.013698283582925797
loss in epoch 694 iteration 4: 0.025904862210154533
loss in epoch 694 iteration 5: 0.012297006323933601
loss in epoch 694 iteration 6: 0.009201090782880783
loss in epoch 695 iteration 0: 0.012803258374333382
loss in epoch 695 iteration 1: 0.0085392314940691
loss in epoch 695 iteration 2: 0.02057293802499771
loss in epoch 695 iteration 3: 0.013669624924659729
loss in epoch 695 iteration 4: 0.01766248047351837
loss in epoch 695 iteration 5: 0.011931264773011208
loss in epoch 695 iteration 6: 0.012819510884582996
loss in epoch 696 iteration 0: 0.022093573585152626
loss in epoch 696 iteration 1: 0.02177325263619423
loss in epoch 696 iteration 2: 0.015970196574926376
loss in epoch 696 iteration 3: 0.009199035353958607
loss in epoch 696 iteration 4: 0.011345362290740013
loss in epoch 696 iteration 5: 0.016828441992402077
loss in epoch 696 iteration 6: 0.016754280775785446
loss in epoch 697 iteration 0: 0.011205224320292473
loss in epoch 697 iteration 1: 0.006524642929434776
loss in epoch 697 iteration 2: 0.01933710277080536
loss in epoch 697 iteration 3: 0.010276824235916138
loss in epoch 697 iteration 4: 0.023741070181131363
loss in epoch 697 iteration 5: 0.015942731872200966
loss in epoch 697 iteration 6: 0.0072364225052297115
loss in epoch 698 iteration 0: 0.014915471896529198
loss in epoch 698 iteration 1: 0.014413214288651943
loss in epoch 698 iteration 2: 0.01150607131421566
loss in epoch 698 iteration 3: 0.017809951677918434
loss in epoch 698 iteration 4: 0.013635126873850822
loss in epoch 698 iteration 5: 0.014852323569357395
loss in epoch 698 iteration 6: 0.017596719786524773
loss in epoch 699 iteration 0: 0.020493220537900925
loss in epoch 699 iteration 1: 0.014931716024875641
loss in epoch 699 iteration 2: 0.012015098705887794
loss in epoch 699 iteration 3: 0.0163714662194252
loss in epoch 699 iteration 4: 0.023972932249307632
loss in epoch 699 iteration 5: 0.019954068586230278
loss in epoch 699 iteration 6: 0.02093679830431938
loss in epoch 700 iteration 0: 0.015047301538288593
loss in epoch 700 iteration 1: 0.018864190205931664
loss in epoch 700 iteration 2: 0.005939288064837456
loss in epoch 700 iteration 3: 0.010823085904121399
loss in epoch 700 iteration 4: 0.02396378666162491
loss in epoch 700 iteration 5: 0.017513100057840347
loss in epoch 700 iteration 6: 0.017820455133914948
Evaluating................................
Epoch: 700, Time: 116.77s
Valid: N@5:0.0535 H@5:0.0770 | N@10:0.0670 H@10:0.1191 | N@20:0.0806 H@20:0.1732
Test:  N@5:0.0399 H@5:0.0571 | N@10:0.0484 H@10:0.0836 | N@20:0.0581 H@20:0.1221
loss in epoch 701 iteration 0: 0.014302557334303856
loss in epoch 701 iteration 1: 0.02065095864236355
loss in epoch 701 iteration 2: 0.014002272859215736
loss in epoch 701 iteration 3: 0.02901112288236618
loss in epoch 701 iteration 4: 0.02400789223611355
loss in epoch 701 iteration 5: 0.024787532165646553
loss in epoch 701 iteration 6: 0.017404042184352875
loss in epoch 702 iteration 0: 0.0099880900233984
loss in epoch 702 iteration 1: 0.013492358848452568
loss in epoch 702 iteration 2: 0.014616874977946281
loss in epoch 702 iteration 3: 0.014416057616472244
loss in epoch 702 iteration 4: 0.012044349685311317
loss in epoch 702 iteration 5: 0.013844534754753113
loss in epoch 702 iteration 6: 0.015004012733697891
loss in epoch 703 iteration 0: 0.013763437047600746
loss in epoch 703 iteration 1: 0.017114968970417976
loss in epoch 703 iteration 2: 0.015430638566613197
loss in epoch 703 iteration 3: 0.017244499176740646
loss in epoch 703 iteration 4: 0.020159462466835976
loss in epoch 703 iteration 5: 0.012535379268229008
loss in epoch 703 iteration 6: 0.015724405646324158
loss in epoch 704 iteration 0: 0.01583174616098404
loss in epoch 704 iteration 1: 0.017932076007127762
loss in epoch 704 iteration 2: 0.017380697652697563
loss in epoch 704 iteration 3: 0.02525501884520054
loss in epoch 704 iteration 4: 0.011649899184703827
loss in epoch 704 iteration 5: 0.019514059647917747
loss in epoch 704 iteration 6: 0.014192024245858192
loss in epoch 705 iteration 0: 0.021937042474746704
loss in epoch 705 iteration 1: 0.03363155201077461
loss in epoch 705 iteration 2: 0.014639124274253845
loss in epoch 705 iteration 3: 0.016748184338212013
loss in epoch 705 iteration 4: 0.02363797090947628
loss in epoch 705 iteration 5: 0.026122761890292168
loss in epoch 705 iteration 6: 0.016532840207219124
loss in epoch 706 iteration 0: 0.013276387006044388
loss in epoch 706 iteration 1: 0.02366160973906517
loss in epoch 706 iteration 2: 0.0245975274592638
loss in epoch 706 iteration 3: 0.01251824852079153
loss in epoch 706 iteration 4: 0.01838412694633007
loss in epoch 706 iteration 5: 0.01926208660006523
loss in epoch 706 iteration 6: 0.01932728849351406
loss in epoch 707 iteration 0: 0.020662017166614532
loss in epoch 707 iteration 1: 0.019748806953430176
loss in epoch 707 iteration 2: 0.02739654667675495
loss in epoch 707 iteration 3: 0.016024302691221237
loss in epoch 707 iteration 4: 0.010292538441717625
loss in epoch 707 iteration 5: 0.017897220328450203
loss in epoch 707 iteration 6: 0.01460663229227066
loss in epoch 708 iteration 0: 0.008207792416214943
loss in epoch 708 iteration 1: 0.01273077167570591
loss in epoch 708 iteration 2: 0.014271657913923264
loss in epoch 708 iteration 3: 0.011910204775631428
loss in epoch 708 iteration 4: 0.024586271494627
loss in epoch 708 iteration 5: 0.01135591883212328
loss in epoch 708 iteration 6: 0.011615080758929253
loss in epoch 709 iteration 0: 0.009985338896512985
loss in epoch 709 iteration 1: 0.012155133299529552
loss in epoch 709 iteration 2: 0.024196067824959755
loss in epoch 709 iteration 3: 0.015098038129508495
loss in epoch 709 iteration 4: 0.02746395207941532
loss in epoch 709 iteration 5: 0.012946043163537979
loss in epoch 709 iteration 6: 0.02160755544900894
loss in epoch 710 iteration 0: 0.01553756557404995
loss in epoch 710 iteration 1: 0.01094285398721695
loss in epoch 710 iteration 2: 0.011344436556100845
loss in epoch 710 iteration 3: 0.011853684671223164
loss in epoch 710 iteration 4: 0.010507863014936447
loss in epoch 710 iteration 5: 0.009783703833818436
loss in epoch 710 iteration 6: 0.01997270993888378
loss in epoch 711 iteration 0: 0.01992538757622242
loss in epoch 711 iteration 1: 0.0071220239624381065
loss in epoch 711 iteration 2: 0.015353607013821602
loss in epoch 711 iteration 3: 0.016139371320605278
loss in epoch 711 iteration 4: 0.021670108661055565
loss in epoch 711 iteration 5: 0.016521276906132698
loss in epoch 711 iteration 6: 0.01581021025776863
loss in epoch 712 iteration 0: 0.020603522658348083
loss in epoch 712 iteration 1: 0.014875625260174274
loss in epoch 712 iteration 2: 0.010091014206409454
loss in epoch 712 iteration 3: 0.03225994110107422
loss in epoch 712 iteration 4: 0.02397255226969719
loss in epoch 712 iteration 5: 0.01145651750266552
loss in epoch 712 iteration 6: 0.0114890830591321
loss in epoch 713 iteration 0: 0.01244206354022026
loss in epoch 713 iteration 1: 0.009057429619133472
loss in epoch 713 iteration 2: 0.0301985926926136
loss in epoch 713 iteration 3: 0.016029443591833115
loss in epoch 713 iteration 4: 0.0163797028362751
loss in epoch 713 iteration 5: 0.012680916115641594
loss in epoch 713 iteration 6: 0.011527972295880318
loss in epoch 714 iteration 0: 0.009790616109967232
loss in epoch 714 iteration 1: 0.006867824587970972
loss in epoch 714 iteration 2: 0.020445283502340317
loss in epoch 714 iteration 3: 0.02869848906993866
loss in epoch 714 iteration 4: 0.018587471917271614
loss in epoch 714 iteration 5: 0.02978607453405857
loss in epoch 714 iteration 6: 0.016742227599024773
loss in epoch 715 iteration 0: 0.010513382963836193
loss in epoch 715 iteration 1: 0.015753455460071564
loss in epoch 715 iteration 2: 0.02134285494685173
loss in epoch 715 iteration 3: 0.011909274384379387
loss in epoch 715 iteration 4: 0.015315698459744453
loss in epoch 715 iteration 5: 0.015917163342237473
loss in epoch 715 iteration 6: 0.017542826011776924
loss in epoch 716 iteration 0: 0.014225749298930168
loss in epoch 716 iteration 1: 0.01940569467842579
loss in epoch 716 iteration 2: 0.007931586354970932
loss in epoch 716 iteration 3: 0.020409589633345604
loss in epoch 716 iteration 4: 0.011034943163394928
loss in epoch 716 iteration 5: 0.017358651384711266
loss in epoch 716 iteration 6: 0.007163016591221094
loss in epoch 717 iteration 0: 0.012966571375727654
loss in epoch 717 iteration 1: 0.011825120076537132
loss in epoch 717 iteration 2: 0.013893026858568192
loss in epoch 717 iteration 3: 0.010279111564159393
loss in epoch 717 iteration 4: 0.01415605191141367
loss in epoch 717 iteration 5: 0.013507988303899765
loss in epoch 717 iteration 6: 0.018475808203220367
loss in epoch 718 iteration 0: 0.012703768908977509
loss in epoch 718 iteration 1: 0.023942619562149048
loss in epoch 718 iteration 2: 0.015681810677051544
loss in epoch 718 iteration 3: 0.018713833764195442
loss in epoch 718 iteration 4: 0.011628813110291958
loss in epoch 718 iteration 5: 0.014257579110562801
loss in epoch 718 iteration 6: 0.013279061764478683
loss in epoch 719 iteration 0: 0.0205532293766737
loss in epoch 719 iteration 1: 0.029737092554569244
loss in epoch 719 iteration 2: 0.0196099691092968
loss in epoch 719 iteration 3: 0.016975078731775284
loss in epoch 719 iteration 4: 0.017505846917629242
loss in epoch 719 iteration 5: 0.024021465331315994
loss in epoch 719 iteration 6: 0.012099482119083405
loss in epoch 720 iteration 0: 0.0166868194937706
loss in epoch 720 iteration 1: 0.014342104084789753
loss in epoch 720 iteration 2: 0.009476796723902225
loss in epoch 720 iteration 3: 0.0113285593688488
loss in epoch 720 iteration 4: 0.016722317785024643
loss in epoch 720 iteration 5: 0.015947485342621803
loss in epoch 720 iteration 6: 0.011512773111462593
Evaluating................................
Epoch: 720, Time: 120.01s
Valid: N@5:0.0500 H@5:0.0740 | N@10:0.0622 H@10:0.1118 | N@20:0.0759 H@20:0.1660
Test:  N@5:0.0383 H@5:0.0541 | N@10:0.0457 H@10:0.0776 | N@20:0.0558 H@20:0.1173
loss in epoch 721 iteration 0: 0.013280302286148071
loss in epoch 721 iteration 1: 0.013320558704435825
loss in epoch 721 iteration 2: 0.00889098085463047
loss in epoch 721 iteration 3: 0.016813021153211594
loss in epoch 721 iteration 4: 0.0102775190025568
loss in epoch 721 iteration 5: 0.019975123926997185
loss in epoch 721 iteration 6: 0.012513766065239906
loss in epoch 722 iteration 0: 0.01691659539937973
loss in epoch 722 iteration 1: 0.01779584400355816
loss in epoch 722 iteration 2: 0.0274551659822464
loss in epoch 722 iteration 3: 0.03705356642603874
loss in epoch 722 iteration 4: 0.006677811965346336
loss in epoch 722 iteration 5: 0.01568187028169632
loss in epoch 722 iteration 6: 0.009195022284984589
loss in epoch 723 iteration 0: 0.024681150913238525
loss in epoch 723 iteration 1: 0.01848289556801319
loss in epoch 723 iteration 2: 0.02614152990281582
loss in epoch 723 iteration 3: 0.022556178271770477
loss in epoch 723 iteration 4: 0.008125144988298416
loss in epoch 723 iteration 5: 0.025103308260440826
loss in epoch 723 iteration 6: 0.007807549089193344
loss in epoch 724 iteration 0: 0.013698607683181763
loss in epoch 724 iteration 1: 0.011737380176782608
loss in epoch 724 iteration 2: 0.016462722793221474
loss in epoch 724 iteration 3: 0.007814429700374603
loss in epoch 724 iteration 4: 0.015310424380004406
loss in epoch 724 iteration 5: 0.019926410168409348
loss in epoch 724 iteration 6: 0.020328518003225327
loss in epoch 725 iteration 0: 0.01603369042277336
loss in epoch 725 iteration 1: 0.011496875435113907
loss in epoch 725 iteration 2: 0.014725469052791595
loss in epoch 725 iteration 3: 0.018334807828068733
loss in epoch 725 iteration 4: 0.00902374368160963
loss in epoch 725 iteration 5: 0.014262530952692032
loss in epoch 725 iteration 6: 0.009524008259177208
loss in epoch 726 iteration 0: 0.019786259159445763
loss in epoch 726 iteration 1: 0.018863404169678688
loss in epoch 726 iteration 2: 0.0146935461089015
loss in epoch 726 iteration 3: 0.014983235858380795
loss in epoch 726 iteration 4: 0.012847157195210457
loss in epoch 726 iteration 5: 0.013071078807115555
loss in epoch 726 iteration 6: 0.01451845746487379
loss in epoch 727 iteration 0: 0.01241946779191494
loss in epoch 727 iteration 1: 0.02155202068388462
loss in epoch 727 iteration 2: 0.00783566664904356
loss in epoch 727 iteration 3: 0.012454632669687271
loss in epoch 727 iteration 4: 0.00805317610502243
loss in epoch 727 iteration 5: 0.008833753876388073
loss in epoch 727 iteration 6: 0.017996281385421753
loss in epoch 728 iteration 0: 0.02129896730184555
loss in epoch 728 iteration 1: 0.019159303978085518
loss in epoch 728 iteration 2: 0.01320941373705864
loss in epoch 728 iteration 3: 0.024343594908714294
loss in epoch 728 iteration 4: 0.006994149181991816
loss in epoch 728 iteration 5: 0.01639036275446415
loss in epoch 728 iteration 6: 0.01591288298368454
loss in epoch 729 iteration 0: 0.009968368336558342
loss in epoch 729 iteration 1: 0.020838381722569466
loss in epoch 729 iteration 2: 0.017501629889011383
loss in epoch 729 iteration 3: 0.019280077889561653
loss in epoch 729 iteration 4: 0.024839064106345177
loss in epoch 729 iteration 5: 0.034035127609968185
loss in epoch 729 iteration 6: 0.009223912842571735
loss in epoch 730 iteration 0: 0.029510701075196266
loss in epoch 730 iteration 1: 0.012128249742090702
loss in epoch 730 iteration 2: 0.014774792827665806
loss in epoch 730 iteration 3: 0.011088489554822445
loss in epoch 730 iteration 4: 0.014980440959334373
loss in epoch 730 iteration 5: 0.01698671095073223
loss in epoch 730 iteration 6: 0.018068868666887283
loss in epoch 731 iteration 0: 0.01302408054471016
loss in epoch 731 iteration 1: 0.022356823086738586
loss in epoch 731 iteration 2: 0.02337300218641758
loss in epoch 731 iteration 3: 0.012932904995977879
loss in epoch 731 iteration 4: 0.010075430385768414
loss in epoch 731 iteration 5: 0.011080781929194927
loss in epoch 731 iteration 6: 0.016367420554161072
loss in epoch 732 iteration 0: 0.010323356837034225
loss in epoch 732 iteration 1: 0.01675061695277691
loss in epoch 732 iteration 2: 0.01427777111530304
loss in epoch 732 iteration 3: 0.015076292678713799
loss in epoch 732 iteration 4: 0.017736326903104782
loss in epoch 732 iteration 5: 0.019099412485957146
loss in epoch 732 iteration 6: 0.02297237515449524
loss in epoch 733 iteration 0: 0.018893957138061523
loss in epoch 733 iteration 1: 0.006063041277229786
loss in epoch 733 iteration 2: 0.01171787641942501
loss in epoch 733 iteration 3: 0.011337959207594395
loss in epoch 733 iteration 4: 0.020500171929597855
loss in epoch 733 iteration 5: 0.021635230630636215
loss in epoch 733 iteration 6: 0.010365987196564674
loss in epoch 734 iteration 0: 0.01799646206200123
loss in epoch 734 iteration 1: 0.02380095049738884
loss in epoch 734 iteration 2: 0.007601736579090357
loss in epoch 734 iteration 3: 0.023977965116500854
loss in epoch 734 iteration 4: 0.012773082591593266
loss in epoch 734 iteration 5: 0.018587814643979073
loss in epoch 734 iteration 6: 0.01389759499579668
loss in epoch 735 iteration 0: 0.015457366593182087
loss in epoch 735 iteration 1: 0.012721216306090355
loss in epoch 735 iteration 2: 0.01345904916524887
loss in epoch 735 iteration 3: 0.012685488909482956
loss in epoch 735 iteration 4: 0.006609030999243259
loss in epoch 735 iteration 5: 0.018290894106030464
loss in epoch 735 iteration 6: 0.01791464537382126
loss in epoch 736 iteration 0: 0.015329167246818542
loss in epoch 736 iteration 1: 0.01155796181410551
loss in epoch 736 iteration 2: 0.015276927500963211
loss in epoch 736 iteration 3: 0.0156652070581913
loss in epoch 736 iteration 4: 0.027821067720651627
loss in epoch 736 iteration 5: 0.01096090953797102
loss in epoch 736 iteration 6: 0.009741499088704586
loss in epoch 737 iteration 0: 0.016969023272395134
loss in epoch 737 iteration 1: 0.012621903792023659
loss in epoch 737 iteration 2: 0.012439455837011337
loss in epoch 737 iteration 3: 0.02835213579237461
loss in epoch 737 iteration 4: 0.009734810329973698
loss in epoch 737 iteration 5: 0.02678016759455204
loss in epoch 737 iteration 6: 0.01895468309521675
loss in epoch 738 iteration 0: 0.00915609858930111
loss in epoch 738 iteration 1: 0.013153926469385624
loss in epoch 738 iteration 2: 0.01162600889801979
loss in epoch 738 iteration 3: 0.017282754182815552
loss in epoch 738 iteration 4: 0.020946333184838295
loss in epoch 738 iteration 5: 0.0098591148853302
loss in epoch 738 iteration 6: 0.01910177245736122
loss in epoch 739 iteration 0: 0.00794126931577921
loss in epoch 739 iteration 1: 0.01657392829656601
loss in epoch 739 iteration 2: 0.013076188042759895
loss in epoch 739 iteration 3: 0.014210304245352745
loss in epoch 739 iteration 4: 0.006003076676279306
loss in epoch 739 iteration 5: 0.007756958715617657
loss in epoch 739 iteration 6: 0.02380428835749626
loss in epoch 740 iteration 0: 0.009485788643360138
loss in epoch 740 iteration 1: 0.005484566558152437
loss in epoch 740 iteration 2: 0.013605950400233269
loss in epoch 740 iteration 3: 0.012156669050455093
loss in epoch 740 iteration 4: 0.011281455866992474
loss in epoch 740 iteration 5: 0.013996297493577003
loss in epoch 740 iteration 6: 0.02476467564702034
Evaluating................................
Epoch: 740, Time: 123.17s
Valid: N@5:0.0473 H@5:0.0710 | N@10:0.0593 H@10:0.1088 | N@20:0.0748 H@20:0.1696
Test:  N@5:0.0380 H@5:0.0577 | N@10:0.0454 H@10:0.0812 | N@20:0.0542 H@20:0.1167
loss in epoch 741 iteration 0: 0.014903530478477478
loss in epoch 741 iteration 1: 0.013441432267427444
loss in epoch 741 iteration 2: 0.009986375458538532
loss in epoch 741 iteration 3: 0.0062354933470487595
loss in epoch 741 iteration 4: 0.01306889671832323
loss in epoch 741 iteration 5: 0.029293181374669075
loss in epoch 741 iteration 6: 0.016164103522896767
loss in epoch 742 iteration 0: 0.01378025021404028
loss in epoch 742 iteration 1: 0.01531065534800291
loss in epoch 742 iteration 2: 0.011549826711416245
loss in epoch 742 iteration 3: 0.01981874369084835
loss in epoch 742 iteration 4: 0.009522538632154465
loss in epoch 742 iteration 5: 0.02354692481458187
loss in epoch 742 iteration 6: 0.011078336276113987
loss in epoch 743 iteration 0: 0.023348938673734665
loss in epoch 743 iteration 1: 0.012540733441710472
loss in epoch 743 iteration 2: 0.009484091773629189
loss in epoch 743 iteration 3: 0.02950216270983219
loss in epoch 743 iteration 4: 0.023535005748271942
loss in epoch 743 iteration 5: 0.016233457252383232
loss in epoch 743 iteration 6: 0.011278118006885052
loss in epoch 744 iteration 0: 0.015047376975417137
loss in epoch 744 iteration 1: 0.015676001086831093
loss in epoch 744 iteration 2: 0.016789915040135384
loss in epoch 744 iteration 3: 0.00847460888326168
loss in epoch 744 iteration 4: 0.02375413104891777
loss in epoch 744 iteration 5: 0.0212201327085495
loss in epoch 744 iteration 6: 0.0275762677192688
loss in epoch 745 iteration 0: 0.01734769716858864
loss in epoch 745 iteration 1: 0.016314005479216576
loss in epoch 745 iteration 2: 0.021983062848448753
loss in epoch 745 iteration 3: 0.02385503239929676
loss in epoch 745 iteration 4: 0.025477800518274307
loss in epoch 745 iteration 5: 0.029570572078227997
loss in epoch 745 iteration 6: 0.023888038471341133
loss in epoch 746 iteration 0: 0.015645841136574745
loss in epoch 746 iteration 1: 0.016117364168167114
loss in epoch 746 iteration 2: 0.008196336217224598
loss in epoch 746 iteration 3: 0.02013954147696495
loss in epoch 746 iteration 4: 0.026227183640003204
loss in epoch 746 iteration 5: 0.019130922853946686
loss in epoch 746 iteration 6: 0.008073357865214348
loss in epoch 747 iteration 0: 0.02019375190138817
loss in epoch 747 iteration 1: 0.02455386146903038
loss in epoch 747 iteration 2: 0.016637500375509262
loss in epoch 747 iteration 3: 0.017210066318511963
loss in epoch 747 iteration 4: 0.01626558043062687
loss in epoch 747 iteration 5: 0.017489086836576462
loss in epoch 747 iteration 6: 0.013305481523275375
loss in epoch 748 iteration 0: 0.020229505375027657
loss in epoch 748 iteration 1: 0.01878572627902031
loss in epoch 748 iteration 2: 0.0172122810035944
loss in epoch 748 iteration 3: 0.010226181708276272
loss in epoch 748 iteration 4: 0.030980832874774933
loss in epoch 748 iteration 5: 0.019500818103551865
loss in epoch 748 iteration 6: 0.016695454716682434
loss in epoch 749 iteration 0: 0.013540765270590782
loss in epoch 749 iteration 1: 0.01978972926735878
loss in epoch 749 iteration 2: 0.020548680797219276
loss in epoch 749 iteration 3: 0.010775507427752018
loss in epoch 749 iteration 4: 0.009948157705366611
loss in epoch 749 iteration 5: 0.016963977366685867
loss in epoch 749 iteration 6: 0.011102467775344849
loss in epoch 750 iteration 0: 0.0077483742497861385
loss in epoch 750 iteration 1: 0.01791217178106308
loss in epoch 750 iteration 2: 0.013058381155133247
loss in epoch 750 iteration 3: 0.030112314969301224
loss in epoch 750 iteration 4: 0.022250184789299965
loss in epoch 750 iteration 5: 0.029230497777462006
loss in epoch 750 iteration 6: 0.00948994979262352
loss in epoch 751 iteration 0: 0.017558973282575607
loss in epoch 751 iteration 1: 0.008651395328342915
loss in epoch 751 iteration 2: 0.012363804504275322
loss in epoch 751 iteration 3: 0.01700514927506447
loss in epoch 751 iteration 4: 0.019043391570448875
loss in epoch 751 iteration 5: 0.017706071957945824
loss in epoch 751 iteration 6: 0.02185017243027687
loss in epoch 752 iteration 0: 0.015726594254374504
loss in epoch 752 iteration 1: 0.025752319023013115
loss in epoch 752 iteration 2: 0.01359502226114273
loss in epoch 752 iteration 3: 0.013754447922110558
loss in epoch 752 iteration 4: 0.010107548907399178
loss in epoch 752 iteration 5: 0.015271687880158424
loss in epoch 752 iteration 6: 0.011212002485990524
loss in epoch 753 iteration 0: 0.01823156327009201
loss in epoch 753 iteration 1: 0.02728397399187088
loss in epoch 753 iteration 2: 0.0179001335054636
loss in epoch 753 iteration 3: 0.02134592831134796
loss in epoch 753 iteration 4: 0.017031081020832062
loss in epoch 753 iteration 5: 0.010736361145973206
loss in epoch 753 iteration 6: 0.016985774040222168
loss in epoch 754 iteration 0: 0.012357434257864952
loss in epoch 754 iteration 1: 0.01773098297417164
loss in epoch 754 iteration 2: 0.013258353807032108
loss in epoch 754 iteration 3: 0.027783768251538277
loss in epoch 754 iteration 4: 0.012341034598648548
loss in epoch 754 iteration 5: 0.019853360950946808
loss in epoch 754 iteration 6: 0.007936754263937473
loss in epoch 755 iteration 0: 0.013776014558970928
loss in epoch 755 iteration 1: 0.020074931904673576
loss in epoch 755 iteration 2: 0.018030768260359764
loss in epoch 755 iteration 3: 0.01662084273993969
loss in epoch 755 iteration 4: 0.012771369889378548
loss in epoch 755 iteration 5: 0.018595099449157715
loss in epoch 755 iteration 6: 0.022231673821806908
loss in epoch 756 iteration 0: 0.016155395656824112
loss in epoch 756 iteration 1: 0.01275726780295372
loss in epoch 756 iteration 2: 0.01780361868441105
loss in epoch 756 iteration 3: 0.02108907513320446
loss in epoch 756 iteration 4: 0.015429269522428513
loss in epoch 756 iteration 5: 0.013668937608599663
loss in epoch 756 iteration 6: 0.02485845237970352
loss in epoch 757 iteration 0: 0.01935436762869358
loss in epoch 757 iteration 1: 0.009904731996357441
loss in epoch 757 iteration 2: 0.019960617646574974
loss in epoch 757 iteration 3: 0.013248538598418236
loss in epoch 757 iteration 4: 0.01718105748295784
loss in epoch 757 iteration 5: 0.01840820349752903
loss in epoch 757 iteration 6: 0.023111488670110703
loss in epoch 758 iteration 0: 0.013984563760459423
loss in epoch 758 iteration 1: 0.018355408683419228
loss in epoch 758 iteration 2: 0.017445087432861328
loss in epoch 758 iteration 3: 0.013600637204945087
loss in epoch 758 iteration 4: 0.0145442895591259
loss in epoch 758 iteration 5: 0.006180665455758572
loss in epoch 758 iteration 6: 0.014559535309672356
loss in epoch 759 iteration 0: 0.014558212831616402
loss in epoch 759 iteration 1: 0.020872576162219048
loss in epoch 759 iteration 2: 0.00974340084940195
loss in epoch 759 iteration 3: 0.02070602774620056
loss in epoch 759 iteration 4: 0.026674941182136536
loss in epoch 759 iteration 5: 0.0225584227591753
loss in epoch 759 iteration 6: 0.019466161727905273
loss in epoch 760 iteration 0: 0.0154358996078372
loss in epoch 760 iteration 1: 0.023284215480089188
loss in epoch 760 iteration 2: 0.013183698058128357
loss in epoch 760 iteration 3: 0.02023135870695114
loss in epoch 760 iteration 4: 0.012055085971951485
loss in epoch 760 iteration 5: 0.012520639225840569
loss in epoch 760 iteration 6: 0.020062487572431564
Evaluating................................
Epoch: 760, Time: 126.36s
Valid: N@5:0.0505 H@5:0.0758 | N@10:0.0640 H@10:0.1173 | N@20:0.0790 H@20:0.1768
Test:  N@5:0.0355 H@5:0.0541 | N@10:0.0441 H@10:0.0812 | N@20:0.0547 H@20:0.1233
loss in epoch 761 iteration 0: 0.024266371503472328
loss in epoch 761 iteration 1: 0.011682562530040741
loss in epoch 761 iteration 2: 0.011769331991672516
loss in epoch 761 iteration 3: 0.026364706456661224
loss in epoch 761 iteration 4: 0.008268451318144798
loss in epoch 761 iteration 5: 0.013738161884248257
loss in epoch 761 iteration 6: 0.01966797187924385
loss in epoch 762 iteration 0: 0.014092555269598961
loss in epoch 762 iteration 1: 0.01614539697766304
loss in epoch 762 iteration 2: 0.019116174429655075
loss in epoch 762 iteration 3: 0.0187004953622818
loss in epoch 762 iteration 4: 0.020625334233045578
loss in epoch 762 iteration 5: 0.023221183568239212
loss in epoch 762 iteration 6: 0.006288483738899231
loss in epoch 763 iteration 0: 0.019996650516986847
loss in epoch 763 iteration 1: 0.022512581199407578
loss in epoch 763 iteration 2: 0.02009633556008339
loss in epoch 763 iteration 3: 0.01450728252530098
loss in epoch 763 iteration 4: 0.00867004320025444
loss in epoch 763 iteration 5: 0.021407313644886017
loss in epoch 763 iteration 6: 0.01244320161640644
loss in epoch 764 iteration 0: 0.02694505639374256
loss in epoch 764 iteration 1: 0.02403910644352436
loss in epoch 764 iteration 2: 0.02360994555056095
loss in epoch 764 iteration 3: 0.016344856470823288
loss in epoch 764 iteration 4: 0.009008187800645828
loss in epoch 764 iteration 5: 0.014735101722180843
loss in epoch 764 iteration 6: 0.009211687371134758
loss in epoch 765 iteration 0: 0.01600704714655876
loss in epoch 765 iteration 1: 0.024774514138698578
loss in epoch 765 iteration 2: 0.013191791251301765
loss in epoch 765 iteration 3: 0.010477446019649506
loss in epoch 765 iteration 4: 0.013763338327407837
loss in epoch 765 iteration 5: 0.015301380306482315
loss in epoch 765 iteration 6: 0.02286742627620697
loss in epoch 766 iteration 0: 0.013648005202412605
loss in epoch 766 iteration 1: 0.015434090048074722
loss in epoch 766 iteration 2: 0.011091884225606918
loss in epoch 766 iteration 3: 0.015362441539764404
loss in epoch 766 iteration 4: 0.02183084934949875
loss in epoch 766 iteration 5: 0.00711900694295764
loss in epoch 766 iteration 6: 0.01094529777765274
loss in epoch 767 iteration 0: 0.013465839438140392
loss in epoch 767 iteration 1: 0.016232792288064957
loss in epoch 767 iteration 2: 0.014023682102560997
loss in epoch 767 iteration 3: 0.020156575366854668
loss in epoch 767 iteration 4: 0.01793343760073185
loss in epoch 767 iteration 5: 0.01701788417994976
loss in epoch 767 iteration 6: 0.01410185731947422
loss in epoch 768 iteration 0: 0.018065663054585457
loss in epoch 768 iteration 1: 0.018389863893389702
loss in epoch 768 iteration 2: 0.007801796309649944
loss in epoch 768 iteration 3: 0.007929588668048382
loss in epoch 768 iteration 4: 0.012175515294075012
loss in epoch 768 iteration 5: 0.007154001854360104
loss in epoch 768 iteration 6: 0.013291455805301666
loss in epoch 769 iteration 0: 0.013038979843258858
loss in epoch 769 iteration 1: 0.0230717770755291
loss in epoch 769 iteration 2: 0.012856926769018173
loss in epoch 769 iteration 3: 0.021041110157966614
loss in epoch 769 iteration 4: 0.014455944299697876
loss in epoch 769 iteration 5: 0.015689902007579803
loss in epoch 769 iteration 6: 0.013505076058208942
loss in epoch 770 iteration 0: 0.012714652344584465
loss in epoch 770 iteration 1: 0.010248219594359398
loss in epoch 770 iteration 2: 0.018831994384527206
loss in epoch 770 iteration 3: 0.016463693231344223
loss in epoch 770 iteration 4: 0.015600327402353287
loss in epoch 770 iteration 5: 0.014691872522234917
loss in epoch 770 iteration 6: 0.010051321238279343
loss in epoch 771 iteration 0: 0.019432308152318
loss in epoch 771 iteration 1: 0.01378488540649414
loss in epoch 771 iteration 2: 0.011865601874887943
loss in epoch 771 iteration 3: 0.014466341584920883
loss in epoch 771 iteration 4: 0.014260390773415565
loss in epoch 771 iteration 5: 0.011866510845720768
loss in epoch 771 iteration 6: 0.012551502324640751
loss in epoch 772 iteration 0: 0.0158966314047575
loss in epoch 772 iteration 1: 0.011074885725975037
loss in epoch 772 iteration 2: 0.010089058429002762
loss in epoch 772 iteration 3: 0.02215854823589325
loss in epoch 772 iteration 4: 0.023990504443645477
loss in epoch 772 iteration 5: 0.0118105448782444
loss in epoch 772 iteration 6: 0.008412693627178669
loss in epoch 773 iteration 0: 0.011093469336628914
loss in epoch 773 iteration 1: 0.013766327872872353
loss in epoch 773 iteration 2: 0.028694652020931244
loss in epoch 773 iteration 3: 0.00962783396244049
loss in epoch 773 iteration 4: 0.032332878559827805
loss in epoch 773 iteration 5: 0.009998738765716553
loss in epoch 773 iteration 6: 0.009048577398061752
loss in epoch 774 iteration 0: 0.031223110854625702
loss in epoch 774 iteration 1: 0.01190918404608965
loss in epoch 774 iteration 2: 0.011924505233764648
loss in epoch 774 iteration 3: 0.017489328980445862
loss in epoch 774 iteration 4: 0.012546191923320293
loss in epoch 774 iteration 5: 0.01069691777229309
loss in epoch 774 iteration 6: 0.008975842967629433
loss in epoch 775 iteration 0: 0.01878620870411396
loss in epoch 775 iteration 1: 0.015319461934268475
loss in epoch 775 iteration 2: 0.017486322671175003
loss in epoch 775 iteration 3: 0.009368092752993107
loss in epoch 775 iteration 4: 0.011320902965962887
loss in epoch 775 iteration 5: 0.014578163623809814
loss in epoch 775 iteration 6: 0.023895492777228355
loss in epoch 776 iteration 0: 0.014507432468235493
loss in epoch 776 iteration 1: 0.005965282209217548
loss in epoch 776 iteration 2: 0.021852105855941772
loss in epoch 776 iteration 3: 0.02087986469268799
loss in epoch 776 iteration 4: 0.007628792431205511
loss in epoch 776 iteration 5: 0.026100657880306244
loss in epoch 776 iteration 6: 0.007570684887468815
loss in epoch 777 iteration 0: 0.016622360795736313
loss in epoch 777 iteration 1: 0.011375034227967262
loss in epoch 777 iteration 2: 0.018082426860928535
loss in epoch 777 iteration 3: 0.01198934018611908
loss in epoch 777 iteration 4: 0.019208261743187904
loss in epoch 777 iteration 5: 0.024504167959094048
loss in epoch 777 iteration 6: 0.012818437069654465
loss in epoch 778 iteration 0: 0.01425192505121231
loss in epoch 778 iteration 1: 0.014126448892056942
loss in epoch 778 iteration 2: 0.007699702866375446
loss in epoch 778 iteration 3: 0.013550208881497383
loss in epoch 778 iteration 4: 0.017780451104044914
loss in epoch 778 iteration 5: 0.013267642818391323
loss in epoch 778 iteration 6: 0.01823917031288147
loss in epoch 779 iteration 0: 0.013916817493736744
loss in epoch 779 iteration 1: 0.010409671813249588
loss in epoch 779 iteration 2: 0.02854948490858078
loss in epoch 779 iteration 3: 0.012858603149652481
loss in epoch 779 iteration 4: 0.013586396351456642
loss in epoch 779 iteration 5: 0.013104593381285667
loss in epoch 779 iteration 6: 0.01810113713145256
loss in epoch 780 iteration 0: 0.01896047405898571
loss in epoch 780 iteration 1: 0.007943075150251389
loss in epoch 780 iteration 2: 0.018176494166254997
loss in epoch 780 iteration 3: 0.019986050203442574
loss in epoch 780 iteration 4: 0.016242479905486107
loss in epoch 780 iteration 5: 0.012544258497655392
loss in epoch 780 iteration 6: 0.029526526108384132
Evaluating................................
Epoch: 780, Time: 129.60s
Valid: N@5:0.0530 H@5:0.0776 | N@10:0.0655 H@10:0.1161 | N@20:0.0810 H@20:0.1774
Test:  N@5:0.0373 H@5:0.0547 | N@10:0.0459 H@10:0.0818 | N@20:0.0554 H@20:0.1197
loss in epoch 781 iteration 0: 0.02661026455461979
loss in epoch 781 iteration 1: 0.012693991884589195
loss in epoch 781 iteration 2: 0.012811901047825813
loss in epoch 781 iteration 3: 0.017559023573994637
loss in epoch 781 iteration 4: 0.017372682690620422
loss in epoch 781 iteration 5: 0.015702396631240845
loss in epoch 781 iteration 6: 0.017441561445593834
loss in epoch 782 iteration 0: 0.013968151062726974
loss in epoch 782 iteration 1: 0.017134077847003937
loss in epoch 782 iteration 2: 0.02130262926220894
loss in epoch 782 iteration 3: 0.01819610595703125
loss in epoch 782 iteration 4: 0.017988786101341248
loss in epoch 782 iteration 5: 0.02333914302289486
loss in epoch 782 iteration 6: 0.013604164123535156
loss in epoch 783 iteration 0: 0.015119479969143867
loss in epoch 783 iteration 1: 0.015124335885047913
loss in epoch 783 iteration 2: 0.0076606180518865585
loss in epoch 783 iteration 3: 0.00549726840108633
loss in epoch 783 iteration 4: 0.013399790972471237
loss in epoch 783 iteration 5: 0.010842431336641312
loss in epoch 783 iteration 6: 0.011589115485548973
loss in epoch 784 iteration 0: 0.011891446076333523
loss in epoch 784 iteration 1: 0.007301358040422201
loss in epoch 784 iteration 2: 0.024855544790625572
loss in epoch 784 iteration 3: 0.01887378841638565
loss in epoch 784 iteration 4: 0.0194769948720932
loss in epoch 784 iteration 5: 0.023282041773200035
loss in epoch 784 iteration 6: 0.01153505314141512
loss in epoch 785 iteration 0: 0.01622709073126316
loss in epoch 785 iteration 1: 0.012154128402471542
loss in epoch 785 iteration 2: 0.02028018981218338
loss in epoch 785 iteration 3: 0.0283300019800663
loss in epoch 785 iteration 4: 0.01162627711892128
loss in epoch 785 iteration 5: 0.03334599733352661
loss in epoch 785 iteration 6: 0.013588009402155876
loss in epoch 786 iteration 0: 0.014486951753497124
loss in epoch 786 iteration 1: 0.010597648099064827
loss in epoch 786 iteration 2: 0.011695886962115765
loss in epoch 786 iteration 3: 0.013641364872455597
loss in epoch 786 iteration 4: 0.01718207076191902
loss in epoch 786 iteration 5: 0.01233506016433239
loss in epoch 786 iteration 6: 0.017157714813947678
loss in epoch 787 iteration 0: 0.027689220383763313
loss in epoch 787 iteration 1: 0.030367158353328705
loss in epoch 787 iteration 2: 0.01590411365032196
loss in epoch 787 iteration 3: 0.009958669543266296
loss in epoch 787 iteration 4: 0.013464309275150299
loss in epoch 787 iteration 5: 0.0193844735622406
loss in epoch 787 iteration 6: 0.01921636424958706
loss in epoch 788 iteration 0: 0.012951042503118515
loss in epoch 788 iteration 1: 0.016613174229860306
loss in epoch 788 iteration 2: 0.01902008056640625
loss in epoch 788 iteration 3: 0.01636735536158085
loss in epoch 788 iteration 4: 0.025689909234642982
loss in epoch 788 iteration 5: 0.026083940640091896
loss in epoch 788 iteration 6: 0.015977710485458374
loss in epoch 789 iteration 0: 0.016169779002666473
loss in epoch 789 iteration 1: 0.02653353661298752
loss in epoch 789 iteration 2: 0.012968096882104874
loss in epoch 789 iteration 3: 0.015659458935260773
loss in epoch 789 iteration 4: 0.01386070717126131
loss in epoch 789 iteration 5: 0.018019333481788635
loss in epoch 789 iteration 6: 0.012892084196209908
loss in epoch 790 iteration 0: 0.014642900787293911
loss in epoch 790 iteration 1: 0.026552001014351845
loss in epoch 790 iteration 2: 0.01785288006067276
loss in epoch 790 iteration 3: 0.012677039951086044
loss in epoch 790 iteration 4: 0.011553050950169563
loss in epoch 790 iteration 5: 0.009978900663554668
loss in epoch 790 iteration 6: 0.012891056016087532
loss in epoch 791 iteration 0: 0.024591948837041855
loss in epoch 791 iteration 1: 0.020168190822005272
loss in epoch 791 iteration 2: 0.012896472588181496
loss in epoch 791 iteration 3: 0.009525483474135399
loss in epoch 791 iteration 4: 0.02364412322640419
loss in epoch 791 iteration 5: 0.027812132611870766
loss in epoch 791 iteration 6: 0.020999770611524582
loss in epoch 792 iteration 0: 0.01392190158367157
loss in epoch 792 iteration 1: 0.013902033679187298
loss in epoch 792 iteration 2: 0.022354647517204285
loss in epoch 792 iteration 3: 0.007542800158262253
loss in epoch 792 iteration 4: 0.011152710765600204
loss in epoch 792 iteration 5: 0.01129849161952734
loss in epoch 792 iteration 6: 0.017937054857611656
loss in epoch 793 iteration 0: 0.015408624894917011
loss in epoch 793 iteration 1: 0.009394293650984764
loss in epoch 793 iteration 2: 0.01808132603764534
loss in epoch 793 iteration 3: 0.015574648976325989
loss in epoch 793 iteration 4: 0.021052638068795204
loss in epoch 793 iteration 5: 0.01937025412917137
loss in epoch 793 iteration 6: 0.010676843114197254
loss in epoch 794 iteration 0: 0.01759178936481476
loss in epoch 794 iteration 1: 0.00980634056031704
loss in epoch 794 iteration 2: 0.012671193107962608
loss in epoch 794 iteration 3: 0.0204478707164526
loss in epoch 794 iteration 4: 0.011338163167238235
loss in epoch 794 iteration 5: 0.015560079365968704
loss in epoch 794 iteration 6: 0.01737678423523903
loss in epoch 795 iteration 0: 0.01835247315466404
loss in epoch 795 iteration 1: 0.023936117067933083
loss in epoch 795 iteration 2: 0.014634964056313038
loss in epoch 795 iteration 3: 0.025463338941335678
loss in epoch 795 iteration 4: 0.010394670069217682
loss in epoch 795 iteration 5: 0.014374135062098503
loss in epoch 795 iteration 6: 0.02114323154091835
loss in epoch 796 iteration 0: 0.015221002511680126
loss in epoch 796 iteration 1: 0.01556377112865448
loss in epoch 796 iteration 2: 0.01399240829050541
loss in epoch 796 iteration 3: 0.014336480759084225
loss in epoch 796 iteration 4: 0.034702904522418976
loss in epoch 796 iteration 5: 0.022841911762952805
loss in epoch 796 iteration 6: 0.037227582186460495
loss in epoch 797 iteration 0: 0.012847136706113815
loss in epoch 797 iteration 1: 0.016694480553269386
loss in epoch 797 iteration 2: 0.007329801097512245
loss in epoch 797 iteration 3: 0.021017776802182198
loss in epoch 797 iteration 4: 0.01918984390795231
loss in epoch 797 iteration 5: 0.020171845331788063
loss in epoch 797 iteration 6: 0.01817396655678749
loss in epoch 798 iteration 0: 0.010939627885818481
loss in epoch 798 iteration 1: 0.01830410398542881
loss in epoch 798 iteration 2: 0.018760010600090027
loss in epoch 798 iteration 3: 0.014779702760279179
loss in epoch 798 iteration 4: 0.008662505075335503
loss in epoch 798 iteration 5: 0.01763172633945942
loss in epoch 798 iteration 6: 0.02258521132171154
loss in epoch 799 iteration 0: 0.009567159228026867
loss in epoch 799 iteration 1: 0.01794852316379547
loss in epoch 799 iteration 2: 0.01155049353837967
loss in epoch 799 iteration 3: 0.013768630102276802
loss in epoch 799 iteration 4: 0.00942232832312584
loss in epoch 799 iteration 5: 0.014991900883615017
loss in epoch 799 iteration 6: 0.006682175677269697
loss in epoch 800 iteration 0: 0.014756085351109505
loss in epoch 800 iteration 1: 0.018719833344221115
loss in epoch 800 iteration 2: 0.025241509079933167
loss in epoch 800 iteration 3: 0.01796047016978264
loss in epoch 800 iteration 4: 0.023259608075022697
loss in epoch 800 iteration 5: 0.016797631978988647
loss in epoch 800 iteration 6: 0.022858615964651108
Evaluating................................
Epoch: 800, Time: 132.84s
Valid: N@5:0.0533 H@5:0.0806 | N@10:0.0636 H@10:0.1124 | N@20:0.0791 H@20:0.1738
Test:  N@5:0.0351 H@5:0.0535 | N@10:0.0439 H@10:0.0818 | N@20:0.0535 H@20:0.1197
loss in epoch 801 iteration 0: 0.01487535797059536
loss in epoch 801 iteration 1: 0.015803439542651176
loss in epoch 801 iteration 2: 0.014675898477435112
loss in epoch 801 iteration 3: 0.015229955315589905
loss in epoch 801 iteration 4: 0.023683952167630196
loss in epoch 801 iteration 5: 0.011175859719514847
loss in epoch 801 iteration 6: 0.011247100308537483
loss in epoch 802 iteration 0: 0.011248055845499039
loss in epoch 802 iteration 1: 0.01596638187766075
loss in epoch 802 iteration 2: 0.014003557153046131
loss in epoch 802 iteration 3: 0.008238125592470169
loss in epoch 802 iteration 4: 0.015757696703076363
loss in epoch 802 iteration 5: 0.018093528226017952
loss in epoch 802 iteration 6: 0.01406041719019413
loss in epoch 803 iteration 0: 0.008100454695522785
loss in epoch 803 iteration 1: 0.015510376542806625
loss in epoch 803 iteration 2: 0.008361350744962692
loss in epoch 803 iteration 3: 0.006841503083705902
loss in epoch 803 iteration 4: 0.007890610024333
loss in epoch 803 iteration 5: 0.01072770357131958
loss in epoch 803 iteration 6: 0.0061636511236429214
loss in epoch 804 iteration 0: 0.009629719890654087
loss in epoch 804 iteration 1: 0.014131513424217701
loss in epoch 804 iteration 2: 0.007077730260789394
loss in epoch 804 iteration 3: 0.01355717796832323
loss in epoch 804 iteration 4: 0.01893582195043564
loss in epoch 804 iteration 5: 0.017103608697652817
loss in epoch 804 iteration 6: 0.013929933309555054
loss in epoch 805 iteration 0: 0.014663421548902988
loss in epoch 805 iteration 1: 0.014771491289138794
loss in epoch 805 iteration 2: 0.009534204378724098
loss in epoch 805 iteration 3: 0.01292821392416954
loss in epoch 805 iteration 4: 0.01479816809296608
loss in epoch 805 iteration 5: 0.012506339699029922
loss in epoch 805 iteration 6: 0.011584412306547165
loss in epoch 806 iteration 0: 0.017161395400762558
loss in epoch 806 iteration 1: 0.014905356802046299
loss in epoch 806 iteration 2: 0.010582976043224335
loss in epoch 806 iteration 3: 0.014718344435095787
loss in epoch 806 iteration 4: 0.015139786526560783
loss in epoch 806 iteration 5: 0.027102896943688393
loss in epoch 806 iteration 6: 0.008619934320449829
loss in epoch 807 iteration 0: 0.01911267265677452
loss in epoch 807 iteration 1: 0.02640596032142639
loss in epoch 807 iteration 2: 0.02027088962495327
loss in epoch 807 iteration 3: 0.013865914195775986
loss in epoch 807 iteration 4: 0.015623720362782478
loss in epoch 807 iteration 5: 0.02228654734790325
loss in epoch 807 iteration 6: 0.01029251329600811
loss in epoch 808 iteration 0: 0.00650132168084383
loss in epoch 808 iteration 1: 0.00874666590243578
loss in epoch 808 iteration 2: 0.011355658993124962
loss in epoch 808 iteration 3: 0.010260432958602905
loss in epoch 808 iteration 4: 0.016011875122785568
loss in epoch 808 iteration 5: 0.015334573574364185
loss in epoch 808 iteration 6: 0.017291268333792686
loss in epoch 809 iteration 0: 0.013386374339461327
loss in epoch 809 iteration 1: 0.012893468141555786
loss in epoch 809 iteration 2: 0.016264207661151886
loss in epoch 809 iteration 3: 0.012602301314473152
loss in epoch 809 iteration 4: 0.012338297441601753
loss in epoch 809 iteration 5: 0.021077295765280724
loss in epoch 809 iteration 6: 0.011282822117209435
loss in epoch 810 iteration 0: 0.011620434001088142
loss in epoch 810 iteration 1: 0.027551360428333282
loss in epoch 810 iteration 2: 0.015922557562589645
loss in epoch 810 iteration 3: 0.015309395268559456
loss in epoch 810 iteration 4: 0.019825758412480354
loss in epoch 810 iteration 5: 0.010503735393285751
loss in epoch 810 iteration 6: 0.01230517216026783
loss in epoch 811 iteration 0: 0.01336295809596777
loss in epoch 811 iteration 1: 0.010018249973654747
loss in epoch 811 iteration 2: 0.011673936620354652
loss in epoch 811 iteration 3: 0.019595900550484657
loss in epoch 811 iteration 4: 0.009050952270627022
loss in epoch 811 iteration 5: 0.018255846574902534
loss in epoch 811 iteration 6: 0.03071686066687107
loss in epoch 812 iteration 0: 0.020212313160300255
loss in epoch 812 iteration 1: 0.01779872551560402
loss in epoch 812 iteration 2: 0.016712740063667297
loss in epoch 812 iteration 3: 0.011861719191074371
loss in epoch 812 iteration 4: 0.009961457923054695
loss in epoch 812 iteration 5: 0.014466406777501106
loss in epoch 812 iteration 6: 0.017147591337561607
loss in epoch 813 iteration 0: 0.018729571253061295
loss in epoch 813 iteration 1: 0.015327448025345802
loss in epoch 813 iteration 2: 0.013510927557945251
loss in epoch 813 iteration 3: 0.009199660271406174
loss in epoch 813 iteration 4: 0.018104489892721176
loss in epoch 813 iteration 5: 0.0071267662569880486
loss in epoch 813 iteration 6: 0.014666651375591755
loss in epoch 814 iteration 0: 0.009362785145640373
loss in epoch 814 iteration 1: 0.01187044009566307
loss in epoch 814 iteration 2: 0.009778976440429688
loss in epoch 814 iteration 3: 0.01202178280800581
loss in epoch 814 iteration 4: 0.0061816684901714325
loss in epoch 814 iteration 5: 0.009128475561738014
loss in epoch 814 iteration 6: 0.010645996779203415
loss in epoch 815 iteration 0: 0.015500576235353947
loss in epoch 815 iteration 1: 0.01400640606880188
loss in epoch 815 iteration 2: 0.007140648551285267
loss in epoch 815 iteration 3: 0.022748392075300217
loss in epoch 815 iteration 4: 0.01031570602208376
loss in epoch 815 iteration 5: 0.006169413216412067
loss in epoch 815 iteration 6: 0.022501500323414803
loss in epoch 816 iteration 0: 0.009360192343592644
loss in epoch 816 iteration 1: 0.020834580063819885
loss in epoch 816 iteration 2: 0.017517318949103355
loss in epoch 816 iteration 3: 0.009111251682043076
loss in epoch 816 iteration 4: 0.018632663413882256
loss in epoch 816 iteration 5: 0.007872318848967552
loss in epoch 816 iteration 6: 0.020401867106556892
loss in epoch 817 iteration 0: 0.012086317874491215
loss in epoch 817 iteration 1: 0.010797039605677128
loss in epoch 817 iteration 2: 0.01867445558309555
loss in epoch 817 iteration 3: 0.028382882475852966
loss in epoch 817 iteration 4: 0.028021426871418953
loss in epoch 817 iteration 5: 0.02545676752924919
loss in epoch 817 iteration 6: 0.01482146792113781
loss in epoch 818 iteration 0: 0.014783579856157303
loss in epoch 818 iteration 1: 0.014790067449212074
loss in epoch 818 iteration 2: 0.019321946427226067
loss in epoch 818 iteration 3: 0.015483913011848927
loss in epoch 818 iteration 4: 0.025111626833677292
loss in epoch 818 iteration 5: 0.005772551521658897
loss in epoch 818 iteration 6: 0.021444115787744522
loss in epoch 819 iteration 0: 0.01329134963452816
loss in epoch 819 iteration 1: 0.01364350225776434
loss in epoch 819 iteration 2: 0.026669872924685478
loss in epoch 819 iteration 3: 0.029534362256526947
loss in epoch 819 iteration 4: 0.02443581074476242
loss in epoch 819 iteration 5: 0.022283680737018585
loss in epoch 819 iteration 6: 0.023120403289794922
loss in epoch 820 iteration 0: 0.01868365705013275
loss in epoch 820 iteration 1: 0.014723372645676136
loss in epoch 820 iteration 2: 0.011727961711585522
loss in epoch 820 iteration 3: 0.007102977484464645
loss in epoch 820 iteration 4: 0.020299788564443588
loss in epoch 820 iteration 5: 0.025917518883943558
loss in epoch 820 iteration 6: 0.0216982439160347
Evaluating................................
Epoch: 820, Time: 136.06s
Valid: N@5:0.0542 H@5:0.0794 | N@10:0.0667 H@10:0.1185 | N@20:0.0801 H@20:0.1720
Test:  N@5:0.0391 H@5:0.0553 | N@10:0.0461 H@10:0.0764 | N@20:0.0565 H@20:0.1185
loss in epoch 821 iteration 0: 0.028534281998872757
loss in epoch 821 iteration 1: 0.011720649898052216
loss in epoch 821 iteration 2: 0.014487074688076973
loss in epoch 821 iteration 3: 0.014924442395567894
loss in epoch 821 iteration 4: 0.008007683791220188
loss in epoch 821 iteration 5: 0.007694114465266466
loss in epoch 821 iteration 6: 0.008552901446819305
loss in epoch 822 iteration 0: 0.013301638886332512
loss in epoch 822 iteration 1: 0.02049810253083706
loss in epoch 822 iteration 2: 0.013661889359354973
loss in epoch 822 iteration 3: 0.018054435029625893
loss in epoch 822 iteration 4: 0.01699240878224373
loss in epoch 822 iteration 5: 0.01092886459082365
loss in epoch 822 iteration 6: 0.017147840932011604
loss in epoch 823 iteration 0: 0.015710201114416122
loss in epoch 823 iteration 1: 0.00956656038761139
loss in epoch 823 iteration 2: 0.005912967026233673
loss in epoch 823 iteration 3: 0.015255505219101906
loss in epoch 823 iteration 4: 0.021916871890425682
loss in epoch 823 iteration 5: 0.01763126067817211
loss in epoch 823 iteration 6: 0.008065913803875446
loss in epoch 824 iteration 0: 0.009903419762849808
loss in epoch 824 iteration 1: 0.020951904356479645
loss in epoch 824 iteration 2: 0.010131515562534332
loss in epoch 824 iteration 3: 0.0065865060314536095
loss in epoch 824 iteration 4: 0.014451379887759686
loss in epoch 824 iteration 5: 0.021056286990642548
loss in epoch 824 iteration 6: 0.007653990760445595
loss in epoch 825 iteration 0: 0.010087167844176292
loss in epoch 825 iteration 1: 0.015474184416234493
loss in epoch 825 iteration 2: 0.02041272260248661
loss in epoch 825 iteration 3: 0.011054922826588154
loss in epoch 825 iteration 4: 0.02381649799644947
loss in epoch 825 iteration 5: 0.027760978788137436
loss in epoch 825 iteration 6: 0.011263015680015087
loss in epoch 826 iteration 0: 0.015296880155801773
loss in epoch 826 iteration 1: 0.009414306841790676
loss in epoch 826 iteration 2: 0.010138320736587048
loss in epoch 826 iteration 3: 0.010506667196750641
loss in epoch 826 iteration 4: 0.023910703137516975
loss in epoch 826 iteration 5: 0.026850955560803413
loss in epoch 826 iteration 6: 0.00850712601095438
loss in epoch 827 iteration 0: 0.015400398522615433
loss in epoch 827 iteration 1: 0.01742379739880562
loss in epoch 827 iteration 2: 0.014197347685694695
loss in epoch 827 iteration 3: 0.009389247745275497
loss in epoch 827 iteration 4: 0.016953621059656143
loss in epoch 827 iteration 5: 0.026344910264015198
loss in epoch 827 iteration 6: 0.014380281791090965
loss in epoch 828 iteration 0: 0.00888129323720932
loss in epoch 828 iteration 1: 0.012905174866318703
loss in epoch 828 iteration 2: 0.02467852644622326
loss in epoch 828 iteration 3: 0.012904155999422073
loss in epoch 828 iteration 4: 0.0071237459778785706
loss in epoch 828 iteration 5: 0.008233623579144478
loss in epoch 828 iteration 6: 0.008236227557063103
loss in epoch 829 iteration 0: 0.018254026770591736
loss in epoch 829 iteration 1: 0.011722150258719921
loss in epoch 829 iteration 2: 0.018825393170118332
loss in epoch 829 iteration 3: 0.016885992139577866
loss in epoch 829 iteration 4: 0.02233794704079628
loss in epoch 829 iteration 5: 0.009436134248971939
loss in epoch 829 iteration 6: 0.018929487094283104
loss in epoch 830 iteration 0: 0.010084149427711964
loss in epoch 830 iteration 1: 0.009146718308329582
loss in epoch 830 iteration 2: 0.01899675279855728
loss in epoch 830 iteration 3: 0.009864008985459805
loss in epoch 830 iteration 4: 0.019757388159632683
loss in epoch 830 iteration 5: 0.014487837441265583
loss in epoch 830 iteration 6: 0.027315139770507812
loss in epoch 831 iteration 0: 0.021731816232204437
loss in epoch 831 iteration 1: 0.020892512053251266
loss in epoch 831 iteration 2: 0.024852842092514038
loss in epoch 831 iteration 3: 0.01271669752895832
loss in epoch 831 iteration 4: 0.016966940835118294
loss in epoch 831 iteration 5: 0.014782283455133438
loss in epoch 831 iteration 6: 0.009890422224998474
loss in epoch 832 iteration 0: 0.008990634232759476
loss in epoch 832 iteration 1: 0.02318016067147255
loss in epoch 832 iteration 2: 0.018560344353318214
loss in epoch 832 iteration 3: 0.00725232670083642
loss in epoch 832 iteration 4: 0.025300052016973495
loss in epoch 832 iteration 5: 0.015450247563421726
loss in epoch 832 iteration 6: 0.023108316585421562
loss in epoch 833 iteration 0: 0.022943371906876564
loss in epoch 833 iteration 1: 0.011044134385883808
loss in epoch 833 iteration 2: 0.011376476846635342
loss in epoch 833 iteration 3: 0.012002899311482906
loss in epoch 833 iteration 4: 0.022293653339147568
loss in epoch 833 iteration 5: 0.010529814288020134
loss in epoch 833 iteration 6: 0.023990727961063385
loss in epoch 834 iteration 0: 0.017372291535139084
loss in epoch 834 iteration 1: 0.017186013981699944
loss in epoch 834 iteration 2: 0.013668488711118698
loss in epoch 834 iteration 3: 0.010579969733953476
loss in epoch 834 iteration 4: 0.011635549366474152
loss in epoch 834 iteration 5: 0.012742194347083569
loss in epoch 834 iteration 6: 0.013881001621484756
loss in epoch 835 iteration 0: 0.0097944475710392
loss in epoch 835 iteration 1: 0.01451796479523182
loss in epoch 835 iteration 2: 0.011131849139928818
loss in epoch 835 iteration 3: 0.014620325528085232
loss in epoch 835 iteration 4: 0.013024650514125824
loss in epoch 835 iteration 5: 0.02219221740961075
loss in epoch 835 iteration 6: 0.017459535971283913
loss in epoch 836 iteration 0: 0.02172544039785862
loss in epoch 836 iteration 1: 0.007858861237764359
loss in epoch 836 iteration 2: 0.00924578309059143
loss in epoch 836 iteration 3: 0.02341289073228836
loss in epoch 836 iteration 4: 0.016858723014593124
loss in epoch 836 iteration 5: 0.012051066383719444
loss in epoch 836 iteration 6: 0.007730730809271336
loss in epoch 837 iteration 0: 0.015881381928920746
loss in epoch 837 iteration 1: 0.01736806519329548
loss in epoch 837 iteration 2: 0.01257606502622366
loss in epoch 837 iteration 3: 0.014937829226255417
loss in epoch 837 iteration 4: 0.013438394293189049
loss in epoch 837 iteration 5: 0.023558154702186584
loss in epoch 837 iteration 6: 0.021944060921669006
loss in epoch 838 iteration 0: 0.01606893539428711
loss in epoch 838 iteration 1: 0.01461024396121502
loss in epoch 838 iteration 2: 0.008545516058802605
loss in epoch 838 iteration 3: 0.018704507499933243
loss in epoch 838 iteration 4: 0.029875103384256363
loss in epoch 838 iteration 5: 0.018083883449435234
loss in epoch 838 iteration 6: 0.012338748201727867
loss in epoch 839 iteration 0: 0.0187930166721344
loss in epoch 839 iteration 1: 0.014126943424344063
loss in epoch 839 iteration 2: 0.014401362277567387
loss in epoch 839 iteration 3: 0.015657253563404083
loss in epoch 839 iteration 4: 0.029233239591121674
loss in epoch 839 iteration 5: 0.013449435122311115
loss in epoch 839 iteration 6: 0.027752259746193886
loss in epoch 840 iteration 0: 0.01249375008046627
loss in epoch 840 iteration 1: 0.013257994316518307
loss in epoch 840 iteration 2: 0.01401449739933014
loss in epoch 840 iteration 3: 0.011208824813365936
loss in epoch 840 iteration 4: 0.008824520744383335
loss in epoch 840 iteration 5: 0.007993442937731743
loss in epoch 840 iteration 6: 0.024021586403250694
Evaluating................................
Epoch: 840, Time: 139.17s
Valid: N@5:0.0534 H@5:0.0794 | N@10:0.0646 H@10:0.1143 | N@20:0.0788 H@20:0.1702
Test:  N@5:0.0394 H@5:0.0577 | N@10:0.0477 H@10:0.0836 | N@20:0.0557 H@20:0.1155
loss in epoch 841 iteration 0: 0.009775722399353981
loss in epoch 841 iteration 1: 0.016487497836351395
loss in epoch 841 iteration 2: 0.007586984895169735
loss in epoch 841 iteration 3: 0.027028702199459076
loss in epoch 841 iteration 4: 0.017961913719773293
loss in epoch 841 iteration 5: 0.01613703928887844
loss in epoch 841 iteration 6: 0.01802470162510872
loss in epoch 842 iteration 0: 0.011671154759824276
loss in epoch 842 iteration 1: 0.008801120333373547
loss in epoch 842 iteration 2: 0.006714675109833479
loss in epoch 842 iteration 3: 0.016294097527861595
loss in epoch 842 iteration 4: 0.01707025244832039
loss in epoch 842 iteration 5: 0.01384259108453989
loss in epoch 842 iteration 6: 0.014530381187796593
loss in epoch 843 iteration 0: 0.00852007046341896
loss in epoch 843 iteration 1: 0.02101358026266098
loss in epoch 843 iteration 2: 0.008500337600708008
loss in epoch 843 iteration 3: 0.01393582858145237
loss in epoch 843 iteration 4: 0.01157603319734335
loss in epoch 843 iteration 5: 0.009717837907373905
loss in epoch 843 iteration 6: 0.009402329102158546
loss in epoch 844 iteration 0: 0.008400159887969494
loss in epoch 844 iteration 1: 0.019982527941465378
loss in epoch 844 iteration 2: 0.014161056838929653
loss in epoch 844 iteration 3: 0.013565516099333763
loss in epoch 844 iteration 4: 0.006293361075222492
loss in epoch 844 iteration 5: 0.009644507430493832
loss in epoch 844 iteration 6: 0.02740142121911049
loss in epoch 845 iteration 0: 0.0066774580627679825
loss in epoch 845 iteration 1: 0.014300213195383549
loss in epoch 845 iteration 2: 0.014409415423870087
loss in epoch 845 iteration 3: 0.006503650452941656
loss in epoch 845 iteration 4: 0.00762851070612669
loss in epoch 845 iteration 5: 0.01692730188369751
loss in epoch 845 iteration 6: 0.017008189111948013
loss in epoch 846 iteration 0: 0.015648912638425827
loss in epoch 846 iteration 1: 0.012014194391667843
loss in epoch 846 iteration 2: 0.027639808133244514
loss in epoch 846 iteration 3: 0.013188420794904232
loss in epoch 846 iteration 4: 0.00953877903521061
loss in epoch 846 iteration 5: 0.0214517991989851
loss in epoch 846 iteration 6: 0.010994739830493927
loss in epoch 847 iteration 0: 0.012095495127141476
loss in epoch 847 iteration 1: 0.026402588933706284
loss in epoch 847 iteration 2: 0.015305070206522942
loss in epoch 847 iteration 3: 0.017535073682665825
loss in epoch 847 iteration 4: 0.009241646155714989
loss in epoch 847 iteration 5: 0.00991121120750904
loss in epoch 847 iteration 6: 0.006356666795909405
loss in epoch 848 iteration 0: 0.007858029566705227
loss in epoch 848 iteration 1: 0.02323826029896736
loss in epoch 848 iteration 2: 0.032172538340091705
loss in epoch 848 iteration 3: 0.011990590021014214
loss in epoch 848 iteration 4: 0.00839136727154255
loss in epoch 848 iteration 5: 0.022249797359108925
loss in epoch 848 iteration 6: 0.009927455335855484
loss in epoch 849 iteration 0: 0.01631508395075798
loss in epoch 849 iteration 1: 0.014846078120172024
loss in epoch 849 iteration 2: 0.020205039530992508
loss in epoch 849 iteration 3: 0.016740642488002777
loss in epoch 849 iteration 4: 0.013952003791928291
loss in epoch 849 iteration 5: 0.01983514428138733
loss in epoch 849 iteration 6: 0.01112484559416771
loss in epoch 850 iteration 0: 0.02144235000014305
loss in epoch 850 iteration 1: 0.010196526534855366
loss in epoch 850 iteration 2: 0.013367013074457645
loss in epoch 850 iteration 3: 0.011510392650961876
loss in epoch 850 iteration 4: 0.018744811415672302
loss in epoch 850 iteration 5: 0.007317530922591686
loss in epoch 850 iteration 6: 0.012889099307358265
loss in epoch 851 iteration 0: 0.014695843681693077
loss in epoch 851 iteration 1: 0.01897735521197319
loss in epoch 851 iteration 2: 0.016272906213998795
loss in epoch 851 iteration 3: 0.02033616602420807
loss in epoch 851 iteration 4: 0.006223071366548538
loss in epoch 851 iteration 5: 0.008055212907493114
loss in epoch 851 iteration 6: 0.027524344623088837
loss in epoch 852 iteration 0: 0.018469199538230896
loss in epoch 852 iteration 1: 0.01685366779565811
loss in epoch 852 iteration 2: 0.014124548062682152
loss in epoch 852 iteration 3: 0.013683982193470001
loss in epoch 852 iteration 4: 0.017649199813604355
loss in epoch 852 iteration 5: 0.01728854887187481
loss in epoch 852 iteration 6: 0.013593647629022598
loss in epoch 853 iteration 0: 0.017013557255268097
loss in epoch 853 iteration 1: 0.007950277999043465
loss in epoch 853 iteration 2: 0.02779192477464676
loss in epoch 853 iteration 3: 0.014702088199555874
loss in epoch 853 iteration 4: 0.013117602095007896
loss in epoch 853 iteration 5: 0.014037207700312138
loss in epoch 853 iteration 6: 0.018901104107499123
loss in epoch 854 iteration 0: 0.011025363579392433
loss in epoch 854 iteration 1: 0.005728478543460369
loss in epoch 854 iteration 2: 0.009605634957551956
loss in epoch 854 iteration 3: 0.017325669527053833
loss in epoch 854 iteration 4: 0.02399737387895584
loss in epoch 854 iteration 5: 0.013320192694664001
loss in epoch 854 iteration 6: 0.023515189066529274
loss in epoch 855 iteration 0: 0.0092227254062891
loss in epoch 855 iteration 1: 0.022309130057692528
loss in epoch 855 iteration 2: 0.00891879666596651
loss in epoch 855 iteration 3: 0.012011175975203514
loss in epoch 855 iteration 4: 0.019087597727775574
loss in epoch 855 iteration 5: 0.023479150608181953
loss in epoch 855 iteration 6: 0.012540392577648163
loss in epoch 856 iteration 0: 0.016683312132954597
loss in epoch 856 iteration 1: 0.025322362780570984
loss in epoch 856 iteration 2: 0.018697015941143036
loss in epoch 856 iteration 3: 0.01653442718088627
loss in epoch 856 iteration 4: 0.03284024819731712
loss in epoch 856 iteration 5: 0.018536802381277084
loss in epoch 856 iteration 6: 0.014699704945087433
loss in epoch 857 iteration 0: 0.013926904648542404
loss in epoch 857 iteration 1: 0.020710591226816177
loss in epoch 857 iteration 2: 0.015289552509784698
loss in epoch 857 iteration 3: 0.013070021755993366
loss in epoch 857 iteration 4: 0.010786101222038269
loss in epoch 857 iteration 5: 0.01748654432594776
loss in epoch 857 iteration 6: 0.009688019752502441
loss in epoch 858 iteration 0: 0.013902229256927967
loss in epoch 858 iteration 1: 0.01648501679301262
loss in epoch 858 iteration 2: 0.009446254000067711
loss in epoch 858 iteration 3: 0.01858385279774666
loss in epoch 858 iteration 4: 0.007857834920287132
loss in epoch 858 iteration 5: 0.009853576309978962
loss in epoch 858 iteration 6: 0.011319354176521301
loss in epoch 859 iteration 0: 0.013740656897425652
loss in epoch 859 iteration 1: 0.013269440270960331
loss in epoch 859 iteration 2: 0.017471490427851677
loss in epoch 859 iteration 3: 0.021197345107793808
loss in epoch 859 iteration 4: 0.013617003336548805
loss in epoch 859 iteration 5: 0.014507160522043705
loss in epoch 859 iteration 6: 0.012035191059112549
loss in epoch 860 iteration 0: 0.024601589888334274
loss in epoch 860 iteration 1: 0.012500239536166191
loss in epoch 860 iteration 2: 0.01849585399031639
loss in epoch 860 iteration 3: 0.010797590017318726
loss in epoch 860 iteration 4: 0.017691701650619507
loss in epoch 860 iteration 5: 0.02115967869758606
loss in epoch 860 iteration 6: 0.030662670731544495
Evaluating................................
Epoch: 860, Time: 142.53s
Valid: N@5:0.0551 H@5:0.0800 | N@10:0.0654 H@10:0.1124 | N@20:0.0807 H@20:0.1732
Test:  N@5:0.0390 H@5:0.0577 | N@10:0.0469 H@10:0.0824 | N@20:0.0563 H@20:0.1203
loss in epoch 861 iteration 0: 0.03437679260969162
loss in epoch 861 iteration 1: 0.01669389009475708
loss in epoch 861 iteration 2: 0.014189786277711391
loss in epoch 861 iteration 3: 0.017588507384061813
loss in epoch 861 iteration 4: 0.009339394979178905
loss in epoch 861 iteration 5: 0.008826103992760181
loss in epoch 861 iteration 6: 0.028835779055953026
loss in epoch 862 iteration 0: 0.01649412512779236
loss in epoch 862 iteration 1: 0.016296645626425743
loss in epoch 862 iteration 2: 0.02652294561266899
loss in epoch 862 iteration 3: 0.012225267477333546
loss in epoch 862 iteration 4: 0.013667212799191475
loss in epoch 862 iteration 5: 0.027866140007972717
loss in epoch 862 iteration 6: 0.016471683979034424
loss in epoch 863 iteration 0: 0.029002588242292404
loss in epoch 863 iteration 1: 0.015866594389081
loss in epoch 863 iteration 2: 0.01653590053319931
loss in epoch 863 iteration 3: 0.009108146652579308
loss in epoch 863 iteration 4: 0.01216566190123558
loss in epoch 863 iteration 5: 0.012710191309452057
loss in epoch 863 iteration 6: 0.013482572510838509
loss in epoch 864 iteration 0: 0.019741885364055634
loss in epoch 864 iteration 1: 0.015053912065923214
loss in epoch 864 iteration 2: 0.012220995500683784
loss in epoch 864 iteration 3: 0.023200426250696182
loss in epoch 864 iteration 4: 0.0256153866648674
loss in epoch 864 iteration 5: 0.018159670755267143
loss in epoch 864 iteration 6: 0.017266498878598213
loss in epoch 865 iteration 0: 0.012625079602003098
loss in epoch 865 iteration 1: 0.01021284144371748
loss in epoch 865 iteration 2: 0.022624628618359566
loss in epoch 865 iteration 3: 0.01924077421426773
loss in epoch 865 iteration 4: 0.023278817534446716
loss in epoch 865 iteration 5: 0.01869944855570793
loss in epoch 865 iteration 6: 0.013977356255054474
loss in epoch 866 iteration 0: 0.019057026132941246
loss in epoch 866 iteration 1: 0.012046068906784058
loss in epoch 866 iteration 2: 0.007791033945977688
loss in epoch 866 iteration 3: 0.01971023716032505
loss in epoch 866 iteration 4: 0.011740779504179955
loss in epoch 866 iteration 5: 0.012601301074028015
loss in epoch 866 iteration 6: 0.019819840788841248
loss in epoch 867 iteration 0: 0.02445543371140957
loss in epoch 867 iteration 1: 0.022865725681185722
loss in epoch 867 iteration 2: 0.025025928393006325
loss in epoch 867 iteration 3: 0.012678422033786774
loss in epoch 867 iteration 4: 0.008903445675969124
loss in epoch 867 iteration 5: 0.015029209665954113
loss in epoch 867 iteration 6: 0.016903944313526154
loss in epoch 868 iteration 0: 0.013497499749064445
loss in epoch 868 iteration 1: 0.01344613078981638
loss in epoch 868 iteration 2: 0.02120622619986534
loss in epoch 868 iteration 3: 0.02138117514550686
loss in epoch 868 iteration 4: 0.00983196310698986
loss in epoch 868 iteration 5: 0.012430527247488499
loss in epoch 868 iteration 6: 0.013923938386142254
loss in epoch 869 iteration 0: 0.009305273182690144
loss in epoch 869 iteration 1: 0.010889861732721329
loss in epoch 869 iteration 2: 0.01053159311413765
loss in epoch 869 iteration 3: 0.0176689475774765
loss in epoch 869 iteration 4: 0.017392266541719437
loss in epoch 869 iteration 5: 0.019158482551574707
loss in epoch 869 iteration 6: 0.011755858547985554
loss in epoch 870 iteration 0: 0.01226377859711647
loss in epoch 870 iteration 1: 0.02570345439016819
loss in epoch 870 iteration 2: 0.015176927670836449
loss in epoch 870 iteration 3: 0.014352116733789444
loss in epoch 870 iteration 4: 0.00918809324502945
loss in epoch 870 iteration 5: 0.01836288347840309
loss in epoch 870 iteration 6: 0.015417231246829033
loss in epoch 871 iteration 0: 0.009899687021970749
loss in epoch 871 iteration 1: 0.0071193138137459755
loss in epoch 871 iteration 2: 0.011731080710887909
loss in epoch 871 iteration 3: 0.009834939613938332
loss in epoch 871 iteration 4: 0.010189762338995934
loss in epoch 871 iteration 5: 0.010205117985606194
loss in epoch 871 iteration 6: 0.018881933763623238
loss in epoch 872 iteration 0: 0.01909469999372959
loss in epoch 872 iteration 1: 0.031010545790195465
loss in epoch 872 iteration 2: 0.00877399742603302
loss in epoch 872 iteration 3: 0.019666770473122597
loss in epoch 872 iteration 4: 0.01908181607723236
loss in epoch 872 iteration 5: 0.01176317036151886
loss in epoch 872 iteration 6: 0.010153199546039104
loss in epoch 873 iteration 0: 0.01217909436672926
loss in epoch 873 iteration 1: 0.014701294712722301
loss in epoch 873 iteration 2: 0.014067444950342178
loss in epoch 873 iteration 3: 0.017135784029960632
loss in epoch 873 iteration 4: 0.005640211049467325
loss in epoch 873 iteration 5: 0.008840832859277725
loss in epoch 873 iteration 6: 0.022988589480519295
loss in epoch 874 iteration 0: 0.018145110458135605
loss in epoch 874 iteration 1: 0.01345544308423996
loss in epoch 874 iteration 2: 0.02265872061252594
loss in epoch 874 iteration 3: 0.01270420290529728
loss in epoch 874 iteration 4: 0.013872189447283745
loss in epoch 874 iteration 5: 0.012625890783965588
loss in epoch 874 iteration 6: 0.011065124534070492
loss in epoch 875 iteration 0: 0.00877908430993557
loss in epoch 875 iteration 1: 0.008039837703108788
loss in epoch 875 iteration 2: 0.02480156719684601
loss in epoch 875 iteration 3: 0.021655408665537834
loss in epoch 875 iteration 4: 0.012497756630182266
loss in epoch 875 iteration 5: 0.016691751778125763
loss in epoch 875 iteration 6: 0.014103937894105911
loss in epoch 876 iteration 0: 0.010021837428212166
loss in epoch 876 iteration 1: 0.013537336140871048
loss in epoch 876 iteration 2: 0.021898480132222176
loss in epoch 876 iteration 3: 0.01068677194416523
loss in epoch 876 iteration 4: 0.013694573193788528
loss in epoch 876 iteration 5: 0.018655437976121902
loss in epoch 876 iteration 6: 0.012188819237053394
loss in epoch 877 iteration 0: 0.01436944492161274
loss in epoch 877 iteration 1: 0.010617987252771854
loss in epoch 877 iteration 2: 0.00645923288539052
loss in epoch 877 iteration 3: 0.013967256993055344
loss in epoch 877 iteration 4: 0.007991243153810501
loss in epoch 877 iteration 5: 0.02043180540204048
loss in epoch 877 iteration 6: 0.017681952565908432
loss in epoch 878 iteration 0: 0.011201770976185799
loss in epoch 878 iteration 1: 0.024286093190312386
loss in epoch 878 iteration 2: 0.010695801116526127
loss in epoch 878 iteration 3: 0.015296519733965397
loss in epoch 878 iteration 4: 0.03122829645872116
loss in epoch 878 iteration 5: 0.01857171393930912
loss in epoch 878 iteration 6: 0.0075898002833127975
loss in epoch 879 iteration 0: 0.006400221958756447
loss in epoch 879 iteration 1: 0.009068859741091728
loss in epoch 879 iteration 2: 0.006541567854583263
loss in epoch 879 iteration 3: 0.012726477347314358
loss in epoch 879 iteration 4: 0.013131835497915745
loss in epoch 879 iteration 5: 0.00774564640596509
loss in epoch 879 iteration 6: 0.012671425938606262
loss in epoch 880 iteration 0: 0.02116643264889717
loss in epoch 880 iteration 1: 0.014406595379114151
loss in epoch 880 iteration 2: 0.006341109983623028
loss in epoch 880 iteration 3: 0.015558343380689621
loss in epoch 880 iteration 4: 0.016975512728095055
loss in epoch 880 iteration 5: 0.008926423266530037
loss in epoch 880 iteration 6: 0.01142426859587431
Evaluating................................
Epoch: 880, Time: 145.77s
Valid: N@5:0.0526 H@5:0.0782 | N@10:0.0649 H@10:0.1167 | N@20:0.0768 H@20:0.1642
Test:  N@5:0.0375 H@5:0.0565 | N@10:0.0453 H@10:0.0800 | N@20:0.0538 H@20:0.1143
loss in epoch 881 iteration 0: 0.011661283671855927
loss in epoch 881 iteration 1: 0.006777534727007151
loss in epoch 881 iteration 2: 0.02264898270368576
loss in epoch 881 iteration 3: 0.010662682354450226
loss in epoch 881 iteration 4: 0.01174592413008213
loss in epoch 881 iteration 5: 0.019996650516986847
loss in epoch 881 iteration 6: 0.01267869770526886
loss in epoch 882 iteration 0: 0.03149575740098953
loss in epoch 882 iteration 1: 0.013849904760718346
loss in epoch 882 iteration 2: 0.013391612097620964
loss in epoch 882 iteration 3: 0.021946685388684273
loss in epoch 882 iteration 4: 0.01640332117676735
loss in epoch 882 iteration 5: 0.007990017533302307
loss in epoch 882 iteration 6: 0.005925135686993599
loss in epoch 883 iteration 0: 0.021309277042746544
loss in epoch 883 iteration 1: 0.014978757128119469
loss in epoch 883 iteration 2: 0.005967048928141594
loss in epoch 883 iteration 3: 0.01457630842924118
loss in epoch 883 iteration 4: 0.010115403681993484
loss in epoch 883 iteration 5: 0.014103289693593979
loss in epoch 883 iteration 6: 0.010616292245686054
loss in epoch 884 iteration 0: 0.016631154343485832
loss in epoch 884 iteration 1: 0.013301718980073929
loss in epoch 884 iteration 2: 0.012550645507872105
loss in epoch 884 iteration 3: 0.02313373051583767
loss in epoch 884 iteration 4: 0.013190069235861301
loss in epoch 884 iteration 5: 0.008843732066452503
loss in epoch 884 iteration 6: 0.011695465072989464
loss in epoch 885 iteration 0: 0.014980176463723183
loss in epoch 885 iteration 1: 0.007304671220481396
loss in epoch 885 iteration 2: 0.020748386159539223
loss in epoch 885 iteration 3: 0.019057687371969223
loss in epoch 885 iteration 4: 0.01305723749101162
loss in epoch 885 iteration 5: 0.012647868134081364
loss in epoch 885 iteration 6: 0.013930088840425014
loss in epoch 886 iteration 0: 0.010212069377303123
loss in epoch 886 iteration 1: 0.008386831730604172
loss in epoch 886 iteration 2: 0.010609796270728111
loss in epoch 886 iteration 3: 0.012936387211084366
loss in epoch 886 iteration 4: 0.01051549892872572
loss in epoch 886 iteration 5: 0.015094227157533169
loss in epoch 886 iteration 6: 0.017646271735429764
loss in epoch 887 iteration 0: 0.020017003640532494
loss in epoch 887 iteration 1: 0.018159260973334312
loss in epoch 887 iteration 2: 0.017262497916817665
loss in epoch 887 iteration 3: 0.010565819218754768
loss in epoch 887 iteration 4: 0.01730019599199295
loss in epoch 887 iteration 5: 0.021949805319309235
loss in epoch 887 iteration 6: 0.008931847289204597
loss in epoch 888 iteration 0: 0.017609745264053345
loss in epoch 888 iteration 1: 0.01680639758706093
loss in epoch 888 iteration 2: 0.01193923968821764
loss in epoch 888 iteration 3: 0.018176037818193436
loss in epoch 888 iteration 4: 0.024532584473490715
loss in epoch 888 iteration 5: 0.012051908299326897
loss in epoch 888 iteration 6: 0.015667730942368507
loss in epoch 889 iteration 0: 0.010105960071086884
loss in epoch 889 iteration 1: 0.02029978111386299
loss in epoch 889 iteration 2: 0.019270118325948715
loss in epoch 889 iteration 3: 0.01901300810277462
loss in epoch 889 iteration 4: 0.010915203019976616
loss in epoch 889 iteration 5: 0.023176517337560654
loss in epoch 889 iteration 6: 0.01679588295519352
loss in epoch 890 iteration 0: 0.00957028940320015
loss in epoch 890 iteration 1: 0.010896746069192886
loss in epoch 890 iteration 2: 0.006827053613960743
loss in epoch 890 iteration 3: 0.028415560722351074
loss in epoch 890 iteration 4: 0.01577874831855297
loss in epoch 890 iteration 5: 0.018808959051966667
loss in epoch 890 iteration 6: 0.015477706678211689
loss in epoch 891 iteration 0: 0.017330918461084366
loss in epoch 891 iteration 1: 0.01532633788883686
loss in epoch 891 iteration 2: 0.00752685684710741
loss in epoch 891 iteration 3: 0.010940353386104107
loss in epoch 891 iteration 4: 0.021043505519628525
loss in epoch 891 iteration 5: 0.012566907331347466
loss in epoch 891 iteration 6: 0.017074178904294968
loss in epoch 892 iteration 0: 0.010759561322629452
loss in epoch 892 iteration 1: 0.010143451392650604
loss in epoch 892 iteration 2: 0.012802036479115486
loss in epoch 892 iteration 3: 0.008031762205064297
loss in epoch 892 iteration 4: 0.010086054913699627
loss in epoch 892 iteration 5: 0.005364894866943359
loss in epoch 892 iteration 6: 0.015929482877254486
loss in epoch 893 iteration 0: 0.01642228290438652
loss in epoch 893 iteration 1: 0.01641927659511566
loss in epoch 893 iteration 2: 0.01758752390742302
loss in epoch 893 iteration 3: 0.017097944393754005
loss in epoch 893 iteration 4: 0.010437930934131145
loss in epoch 893 iteration 5: 0.010462609119713306
loss in epoch 893 iteration 6: 0.008776551112532616
loss in epoch 894 iteration 0: 0.015214759856462479
loss in epoch 894 iteration 1: 0.006446206476539373
loss in epoch 894 iteration 2: 0.014638508670032024
loss in epoch 894 iteration 3: 0.008342373184859753
loss in epoch 894 iteration 4: 0.006577112711966038
loss in epoch 894 iteration 5: 0.019252559170126915
loss in epoch 894 iteration 6: 0.012581557035446167
loss in epoch 895 iteration 0: 0.020119771361351013
loss in epoch 895 iteration 1: 0.01024176087230444
loss in epoch 895 iteration 2: 0.008328846655786037
loss in epoch 895 iteration 3: 0.020223893225193024
loss in epoch 895 iteration 4: 0.006445514969527721
loss in epoch 895 iteration 5: 0.013080677948892117
loss in epoch 895 iteration 6: 0.01793048530817032
loss in epoch 896 iteration 0: 0.016904642805457115
loss in epoch 896 iteration 1: 0.024886183440685272
loss in epoch 896 iteration 2: 0.006115078926086426
loss in epoch 896 iteration 3: 0.009695036336779594
loss in epoch 896 iteration 4: 0.020832719281315804
loss in epoch 896 iteration 5: 0.01493883691728115
loss in epoch 896 iteration 6: 0.011355200782418251
loss in epoch 897 iteration 0: 0.009952275082468987
loss in epoch 897 iteration 1: 0.009054355323314667
loss in epoch 897 iteration 2: 0.01568198949098587
loss in epoch 897 iteration 3: 0.005720737390220165
loss in epoch 897 iteration 4: 0.02298605814576149
loss in epoch 897 iteration 5: 0.020966943353414536
loss in epoch 897 iteration 6: 0.01746264100074768
loss in epoch 898 iteration 0: 0.0231020525097847
loss in epoch 898 iteration 1: 0.027838045731186867
loss in epoch 898 iteration 2: 0.013542991131544113
loss in epoch 898 iteration 3: 0.009649666026234627
loss in epoch 898 iteration 4: 0.020104724913835526
loss in epoch 898 iteration 5: 0.02346346154808998
loss in epoch 898 iteration 6: 0.007559186778962612
loss in epoch 899 iteration 0: 0.00911249965429306
loss in epoch 899 iteration 1: 0.023192957043647766
loss in epoch 899 iteration 2: 0.010898096486926079
loss in epoch 899 iteration 3: 0.020682862028479576
loss in epoch 899 iteration 4: 0.011144107207655907
loss in epoch 899 iteration 5: 0.012766337022185326
loss in epoch 899 iteration 6: 0.004875177517533302
loss in epoch 900 iteration 0: 0.017721248790621758
loss in epoch 900 iteration 1: 0.018969140946865082
loss in epoch 900 iteration 2: 0.009672991000115871
loss in epoch 900 iteration 3: 0.008632408455014229
loss in epoch 900 iteration 4: 0.011743826791644096
loss in epoch 900 iteration 5: 0.013310201466083527
loss in epoch 900 iteration 6: 0.01616518385708332
Evaluating................................
Epoch: 900, Time: 148.99s
Valid: N@5:0.0539 H@5:0.0782 | N@10:0.0645 H@10:0.1112 | N@20:0.0790 H@20:0.1684
Test:  N@5:0.0392 H@5:0.0547 | N@10:0.0476 H@10:0.0812 | N@20:0.0579 H@20:0.1221
loss in epoch 901 iteration 0: 0.017805591225624084
loss in epoch 901 iteration 1: 0.010561998933553696
loss in epoch 901 iteration 2: 0.010851400904357433
loss in epoch 901 iteration 3: 0.009005245752632618
loss in epoch 901 iteration 4: 0.021791251376271248
loss in epoch 901 iteration 5: 0.01627131551504135
loss in epoch 901 iteration 6: 0.005472791381180286
loss in epoch 902 iteration 0: 0.02066461369395256
loss in epoch 902 iteration 1: 0.02458326146006584
loss in epoch 902 iteration 2: 0.01568732038140297
loss in epoch 902 iteration 3: 0.02957049012184143
loss in epoch 902 iteration 4: 0.014744000509381294
loss in epoch 902 iteration 5: 0.023307431489229202
loss in epoch 902 iteration 6: 0.014150571078062057
loss in epoch 903 iteration 0: 0.024021856486797333
loss in epoch 903 iteration 1: 0.019466063007712364
loss in epoch 903 iteration 2: 0.016087045893073082
loss in epoch 903 iteration 3: 0.012537654489278793
loss in epoch 903 iteration 4: 0.01657361164689064
loss in epoch 903 iteration 5: 0.011248676106333733
loss in epoch 903 iteration 6: 0.00917034037411213
loss in epoch 904 iteration 0: 0.014437703415751457
loss in epoch 904 iteration 1: 0.01519000343978405
loss in epoch 904 iteration 2: 0.01680632494390011
loss in epoch 904 iteration 3: 0.020506063476204872
loss in epoch 904 iteration 4: 0.02855999581515789
loss in epoch 904 iteration 5: 0.010151969268918037
loss in epoch 904 iteration 6: 0.009012443013489246
loss in epoch 905 iteration 0: 0.00860176794230938
loss in epoch 905 iteration 1: 0.016820676624774933
loss in epoch 905 iteration 2: 0.018035875633358955
loss in epoch 905 iteration 3: 0.024056775495409966
loss in epoch 905 iteration 4: 0.011843695305287838
loss in epoch 905 iteration 5: 0.012493807822465897
loss in epoch 905 iteration 6: 0.011619686149060726
loss in epoch 906 iteration 0: 0.01438155397772789
loss in epoch 906 iteration 1: 0.01242271438241005
loss in epoch 906 iteration 2: 0.011697959154844284
loss in epoch 906 iteration 3: 0.007827081717550755
loss in epoch 906 iteration 4: 0.00913964956998825
loss in epoch 906 iteration 5: 0.0073235370218753815
loss in epoch 906 iteration 6: 0.014699112623929977
loss in epoch 907 iteration 0: 0.016525397077202797
loss in epoch 907 iteration 1: 0.015579354017972946
loss in epoch 907 iteration 2: 0.023179739713668823
loss in epoch 907 iteration 3: 0.006873826030641794
loss in epoch 907 iteration 4: 0.019106362015008926
loss in epoch 907 iteration 5: 0.029794298112392426
loss in epoch 907 iteration 6: 0.015124175697565079
loss in epoch 908 iteration 0: 0.010090437717735767
loss in epoch 908 iteration 1: 0.007514297962188721
loss in epoch 908 iteration 2: 0.014567621052265167
loss in epoch 908 iteration 3: 0.024087104946374893
loss in epoch 908 iteration 4: 0.017848405987024307
loss in epoch 908 iteration 5: 0.013085238635540009
loss in epoch 908 iteration 6: 0.010789748281240463
loss in epoch 909 iteration 0: 0.006477799732238054
loss in epoch 909 iteration 1: 0.01251167245209217
loss in epoch 909 iteration 2: 0.012888181954622269
loss in epoch 909 iteration 3: 0.016493059694767
loss in epoch 909 iteration 4: 0.02587733417749405
loss in epoch 909 iteration 5: 0.011404542252421379
loss in epoch 909 iteration 6: 0.012250732630491257
loss in epoch 910 iteration 0: 0.024224545806646347
loss in epoch 910 iteration 1: 0.022045768797397614
loss in epoch 910 iteration 2: 0.010271981358528137
loss in epoch 910 iteration 3: 0.009058334864675999
loss in epoch 910 iteration 4: 0.023526132106781006
loss in epoch 910 iteration 5: 0.011345326900482178
loss in epoch 910 iteration 6: 0.010424423031508923
loss in epoch 911 iteration 0: 0.009927390143275261
loss in epoch 911 iteration 1: 0.016547873616218567
loss in epoch 911 iteration 2: 0.013182923197746277
loss in epoch 911 iteration 3: 0.016771618276834488
loss in epoch 911 iteration 4: 0.012055566534399986
loss in epoch 911 iteration 5: 0.0167216993868351
loss in epoch 911 iteration 6: 0.014769399538636208
loss in epoch 912 iteration 0: 0.01124364323914051
loss in epoch 912 iteration 1: 0.031528592109680176
loss in epoch 912 iteration 2: 0.012965752743184566
loss in epoch 912 iteration 3: 0.012047024443745613
loss in epoch 912 iteration 4: 0.01471438817679882
loss in epoch 912 iteration 5: 0.008813783526420593
loss in epoch 912 iteration 6: 0.01271706260740757
loss in epoch 913 iteration 0: 0.013591296039521694
loss in epoch 913 iteration 1: 0.006368520203977823
loss in epoch 913 iteration 2: 0.022773655131459236
loss in epoch 913 iteration 3: 0.012107783928513527
loss in epoch 913 iteration 4: 0.025037625804543495
loss in epoch 913 iteration 5: 0.011428430676460266
loss in epoch 913 iteration 6: 0.008951690047979355
loss in epoch 914 iteration 0: 0.03028428927063942
loss in epoch 914 iteration 1: 0.016117490828037262
loss in epoch 914 iteration 2: 0.005850621033459902
loss in epoch 914 iteration 3: 0.006529859267175198
loss in epoch 914 iteration 4: 0.007544472813606262
loss in epoch 914 iteration 5: 0.014547877013683319
loss in epoch 914 iteration 6: 0.03311781585216522
loss in epoch 915 iteration 0: 0.013503865338861942
loss in epoch 915 iteration 1: 0.009252794086933136
loss in epoch 915 iteration 2: 0.021327447146177292
loss in epoch 915 iteration 3: 0.027725212275981903
loss in epoch 915 iteration 4: 0.023417850956320763
loss in epoch 915 iteration 5: 0.016087505966424942
loss in epoch 915 iteration 6: 0.015366991050541401
loss in epoch 916 iteration 0: 0.014927753247320652
loss in epoch 916 iteration 1: 0.010325666517019272
loss in epoch 916 iteration 2: 0.012649497017264366
loss in epoch 916 iteration 3: 0.012473493814468384
loss in epoch 916 iteration 4: 0.011877224780619144
loss in epoch 916 iteration 5: 0.013015979900956154
loss in epoch 916 iteration 6: 0.015859968960285187
loss in epoch 917 iteration 0: 0.012134906835854053
loss in epoch 917 iteration 1: 0.009754212573170662
loss in epoch 917 iteration 2: 0.009262388572096825
loss in epoch 917 iteration 3: 0.01276304293423891
loss in epoch 917 iteration 4: 0.010394210927188396
loss in epoch 917 iteration 5: 0.016720348969101906
loss in epoch 917 iteration 6: 0.02071036584675312
loss in epoch 918 iteration 0: 0.008072396740317345
loss in epoch 918 iteration 1: 0.009116523899137974
loss in epoch 918 iteration 2: 0.020324382930994034
loss in epoch 918 iteration 3: 0.011143154464662075
loss in epoch 918 iteration 4: 0.011928942985832691
loss in epoch 918 iteration 5: 0.012431800365447998
loss in epoch 918 iteration 6: 0.014181923121213913
loss in epoch 919 iteration 0: 0.027411313727498055
loss in epoch 919 iteration 1: 0.013716432265937328
loss in epoch 919 iteration 2: 0.018595263361930847
loss in epoch 919 iteration 3: 0.025240905582904816
loss in epoch 919 iteration 4: 0.01768193021416664
loss in epoch 919 iteration 5: 0.017994532361626625
loss in epoch 919 iteration 6: 0.016279999166727066
loss in epoch 920 iteration 0: 0.014877768233418465
loss in epoch 920 iteration 1: 0.009058704599738121
loss in epoch 920 iteration 2: 0.012076366692781448
loss in epoch 920 iteration 3: 0.01660430058836937
loss in epoch 920 iteration 4: 0.011817188002169132
loss in epoch 920 iteration 5: 0.00990055687725544
loss in epoch 920 iteration 6: 0.015164414420723915
Evaluating................................
Epoch: 920, Time: 152.16s
Valid: N@5:0.0539 H@5:0.0800 | N@10:0.0642 H@10:0.1124 | N@20:0.0780 H@20:0.1672
Test:  N@5:0.0396 H@5:0.0529 | N@10:0.0500 H@10:0.0854 | N@20:0.0603 H@20:0.1263
loss in epoch 921 iteration 0: 0.013432685285806656
loss in epoch 921 iteration 1: 0.009390412829816341
loss in epoch 921 iteration 2: 0.021240558475255966
loss in epoch 921 iteration 3: 0.023000964894890785
loss in epoch 921 iteration 4: 0.02519576996564865
loss in epoch 921 iteration 5: 0.018492022529244423
loss in epoch 921 iteration 6: 0.010049127042293549
loss in epoch 922 iteration 0: 0.01020591426640749
loss in epoch 922 iteration 1: 0.010968003422021866
loss in epoch 922 iteration 2: 0.012269863858819008
loss in epoch 922 iteration 3: 0.004075529985129833
loss in epoch 922 iteration 4: 0.013727924786508083
loss in epoch 922 iteration 5: 0.010347956791520119
loss in epoch 922 iteration 6: 0.013560673221945763
loss in epoch 923 iteration 0: 0.01094258762896061
loss in epoch 923 iteration 1: 0.03086010180413723
loss in epoch 923 iteration 2: 0.015187223441898823
loss in epoch 923 iteration 3: 0.00921606831252575
loss in epoch 923 iteration 4: 0.00636091735213995
loss in epoch 923 iteration 5: 0.010444333776831627
loss in epoch 923 iteration 6: 0.018701866269111633
loss in epoch 924 iteration 0: 0.015273351222276688
loss in epoch 924 iteration 1: 0.01452251709997654
loss in epoch 924 iteration 2: 0.0072531262412667274
loss in epoch 924 iteration 3: 0.007637376897037029
loss in epoch 924 iteration 4: 0.01360948383808136
loss in epoch 924 iteration 5: 0.018859904259443283
loss in epoch 924 iteration 6: 0.011204936541616917
loss in epoch 925 iteration 0: 0.01153575349599123
loss in epoch 925 iteration 1: 0.013981979340314865
loss in epoch 925 iteration 2: 0.014410289004445076
loss in epoch 925 iteration 3: 0.01131756417453289
loss in epoch 925 iteration 4: 0.030397675931453705
loss in epoch 925 iteration 5: 0.018350673839449883
loss in epoch 925 iteration 6: 0.01041973102837801
loss in epoch 926 iteration 0: 0.014149409718811512
loss in epoch 926 iteration 1: 0.013854008167982101
loss in epoch 926 iteration 2: 0.005363683216273785
loss in epoch 926 iteration 3: 0.01572425477206707
loss in epoch 926 iteration 4: 0.013667757622897625
loss in epoch 926 iteration 5: 0.008567368611693382
loss in epoch 926 iteration 6: 0.009778444655239582
loss in epoch 927 iteration 0: 0.012260882183909416
loss in epoch 927 iteration 1: 0.016718605533242226
loss in epoch 927 iteration 2: 0.02673286385834217
loss in epoch 927 iteration 3: 0.012240770272910595
loss in epoch 927 iteration 4: 0.033759959042072296
loss in epoch 927 iteration 5: 0.006986707448959351
loss in epoch 927 iteration 6: 0.008535828441381454
loss in epoch 928 iteration 0: 0.010388604365289211
loss in epoch 928 iteration 1: 0.01316802017390728
loss in epoch 928 iteration 2: 0.012335822917521
loss in epoch 928 iteration 3: 0.008998746983706951
loss in epoch 928 iteration 4: 0.009499669075012207
loss in epoch 928 iteration 5: 0.019024230539798737
loss in epoch 928 iteration 6: 0.009212630800902843
loss in epoch 929 iteration 0: 0.014634576626121998
loss in epoch 929 iteration 1: 0.013067658990621567
loss in epoch 929 iteration 2: 0.018099701032042503
loss in epoch 929 iteration 3: 0.010189871303737164
loss in epoch 929 iteration 4: 0.006897181272506714
loss in epoch 929 iteration 5: 0.01114441268146038
loss in epoch 929 iteration 6: 0.01055261678993702
loss in epoch 930 iteration 0: 0.00810178741812706
loss in epoch 930 iteration 1: 0.015045044012367725
loss in epoch 930 iteration 2: 0.03175974264740944
loss in epoch 930 iteration 3: 0.01774745061993599
loss in epoch 930 iteration 4: 0.018734050914645195
loss in epoch 930 iteration 5: 0.020284952595829964
loss in epoch 930 iteration 6: 0.025352222844958305
loss in epoch 931 iteration 0: 0.028799040243029594
loss in epoch 931 iteration 1: 0.00875154510140419
loss in epoch 931 iteration 2: 0.0158592090010643
loss in epoch 931 iteration 3: 0.009009778499603271
loss in epoch 931 iteration 4: 0.03175634145736694
loss in epoch 931 iteration 5: 0.006661270745098591
loss in epoch 931 iteration 6: 0.010345503687858582
loss in epoch 932 iteration 0: 0.01390182226896286
loss in epoch 932 iteration 1: 0.007099141366779804
loss in epoch 932 iteration 2: 0.021175850182771683
loss in epoch 932 iteration 3: 0.008801007643342018
loss in epoch 932 iteration 4: 0.01949981600046158
loss in epoch 932 iteration 5: 0.014637982472777367
loss in epoch 932 iteration 6: 0.013681460171937943
loss in epoch 933 iteration 0: 0.01146794855594635
loss in epoch 933 iteration 1: 0.018620554357767105
loss in epoch 933 iteration 2: 0.028953444212675095
loss in epoch 933 iteration 3: 0.007730280049145222
loss in epoch 933 iteration 4: 0.010010458528995514
loss in epoch 933 iteration 5: 0.015252846293151379
loss in epoch 933 iteration 6: 0.00959869660437107
loss in epoch 934 iteration 0: 0.012979215942323208
loss in epoch 934 iteration 1: 0.006875339895486832
loss in epoch 934 iteration 2: 0.008388008922338486
loss in epoch 934 iteration 3: 0.011158239096403122
loss in epoch 934 iteration 4: 0.018657667562365532
loss in epoch 934 iteration 5: 0.015683235600590706
loss in epoch 934 iteration 6: 0.007279789075255394
loss in epoch 935 iteration 0: 0.015704739838838577
loss in epoch 935 iteration 1: 0.010059954598546028
loss in epoch 935 iteration 2: 0.012549584731459618
loss in epoch 935 iteration 3: 0.021520795300602913
loss in epoch 935 iteration 4: 0.020758919417858124
loss in epoch 935 iteration 5: 0.005545764230191708
loss in epoch 935 iteration 6: 0.007471541874110699
loss in epoch 936 iteration 0: 0.017170585691928864
loss in epoch 936 iteration 1: 0.015426208265125751
loss in epoch 936 iteration 2: 0.00846004020422697
loss in epoch 936 iteration 3: 0.011494293808937073
loss in epoch 936 iteration 4: 0.01499205268919468
loss in epoch 936 iteration 5: 0.008899454027414322
loss in epoch 936 iteration 6: 0.028567202389240265
loss in epoch 937 iteration 0: 0.012639069929718971
loss in epoch 937 iteration 1: 0.01290232315659523
loss in epoch 937 iteration 2: 0.008192367851734161
loss in epoch 937 iteration 3: 0.010324932634830475
loss in epoch 937 iteration 4: 0.012673289515078068
loss in epoch 937 iteration 5: 0.010710354894399643
loss in epoch 937 iteration 6: 0.013569951057434082
loss in epoch 938 iteration 0: 0.016588497906923294
loss in epoch 938 iteration 1: 0.01735427975654602
loss in epoch 938 iteration 2: 0.013902043923735619
loss in epoch 938 iteration 3: 0.01979602873325348
loss in epoch 938 iteration 4: 0.022676991298794746
loss in epoch 938 iteration 5: 0.012778323143720627
loss in epoch 938 iteration 6: 0.006009884178638458
loss in epoch 939 iteration 0: 0.01285823155194521
loss in epoch 939 iteration 1: 0.017195435240864754
loss in epoch 939 iteration 2: 0.018661493435502052
loss in epoch 939 iteration 3: 0.012906599789857864
loss in epoch 939 iteration 4: 0.010899541899561882
loss in epoch 939 iteration 5: 0.01701275259256363
loss in epoch 939 iteration 6: 0.020401667803525925
loss in epoch 940 iteration 0: 0.007947290316224098
loss in epoch 940 iteration 1: 0.013927193358540535
loss in epoch 940 iteration 2: 0.009823700413107872
loss in epoch 940 iteration 3: 0.020398631691932678
loss in epoch 940 iteration 4: 0.01582474075257778
loss in epoch 940 iteration 5: 0.010827268473803997
loss in epoch 940 iteration 6: 0.00991047453135252
Evaluating................................
Epoch: 940, Time: 155.38s
Valid: N@5:0.0516 H@5:0.0746 | N@10:0.0618 H@10:0.1064 | N@20:0.0752 H@20:0.1600
Test:  N@5:0.0352 H@5:0.0523 | N@10:0.0457 H@10:0.0848 | N@20:0.0549 H@20:0.1221
loss in epoch 941 iteration 0: 0.009693131782114506
loss in epoch 941 iteration 1: 0.01440080814063549
loss in epoch 941 iteration 2: 0.013319343328475952
loss in epoch 941 iteration 3: 0.011459878645837307
loss in epoch 941 iteration 4: 0.006475808564573526
loss in epoch 941 iteration 5: 0.008713829331099987
loss in epoch 941 iteration 6: 0.016075940802693367
loss in epoch 942 iteration 0: 0.013374981470406055
loss in epoch 942 iteration 1: 0.0077895512804389
loss in epoch 942 iteration 2: 0.013990126550197601
loss in epoch 942 iteration 3: 0.021750133484601974
loss in epoch 942 iteration 4: 0.02042487822473049
loss in epoch 942 iteration 5: 0.010936053469777107
loss in epoch 942 iteration 6: 0.005585690028965473
loss in epoch 943 iteration 0: 0.014003491960465908
loss in epoch 943 iteration 1: 0.015505754388868809
loss in epoch 943 iteration 2: 0.016962552443146706
loss in epoch 943 iteration 3: 0.01100225280970335
loss in epoch 943 iteration 4: 0.01736721210181713
loss in epoch 943 iteration 5: 0.010380744934082031
loss in epoch 943 iteration 6: 0.021486153826117516
loss in epoch 944 iteration 0: 0.01740703359246254
loss in epoch 944 iteration 1: 0.010575483553111553
loss in epoch 944 iteration 2: 0.011847211048007011
loss in epoch 944 iteration 3: 0.012424466200172901
loss in epoch 944 iteration 4: 0.0321638360619545
loss in epoch 944 iteration 5: 0.012722130864858627
loss in epoch 944 iteration 6: 0.00974704697728157
loss in epoch 945 iteration 0: 0.01598331145942211
loss in epoch 945 iteration 1: 0.02006377838551998
loss in epoch 945 iteration 2: 0.012163938023149967
loss in epoch 945 iteration 3: 0.011214971542358398
loss in epoch 945 iteration 4: 0.0202120803296566
loss in epoch 945 iteration 5: 0.018329627811908722
loss in epoch 945 iteration 6: 0.01493513211607933
loss in epoch 946 iteration 0: 0.014462318271398544
loss in epoch 946 iteration 1: 0.011821319349110126
loss in epoch 946 iteration 2: 0.0170394629240036
loss in epoch 946 iteration 3: 0.019976435229182243
loss in epoch 946 iteration 4: 0.00956631451845169
loss in epoch 946 iteration 5: 0.015723703429102898
loss in epoch 946 iteration 6: 0.018578963354229927
loss in epoch 947 iteration 0: 0.009980285540223122
loss in epoch 947 iteration 1: 0.01901945285499096
loss in epoch 947 iteration 2: 0.012488279491662979
loss in epoch 947 iteration 3: 0.006006311159580946
loss in epoch 947 iteration 4: 0.02277059480547905
loss in epoch 947 iteration 5: 0.015728484839200974
loss in epoch 947 iteration 6: 0.011872919276356697
loss in epoch 948 iteration 0: 0.01960148848593235
loss in epoch 948 iteration 1: 0.010634626261889935
loss in epoch 948 iteration 2: 0.016044974327087402
loss in epoch 948 iteration 3: 0.00866742804646492
loss in epoch 948 iteration 4: 0.011217749677598476
loss in epoch 948 iteration 5: 0.0075667742639780045
loss in epoch 948 iteration 6: 0.013240426778793335
loss in epoch 949 iteration 0: 0.010055983439087868
loss in epoch 949 iteration 1: 0.010053393431007862
loss in epoch 949 iteration 2: 0.010757401585578918
loss in epoch 949 iteration 3: 0.018606293946504593
loss in epoch 949 iteration 4: 0.010460241697728634
loss in epoch 949 iteration 5: 0.016490744426846504
loss in epoch 949 iteration 6: 0.015329133719205856
loss in epoch 950 iteration 0: 0.027494896203279495
loss in epoch 950 iteration 1: 0.020643463358283043
loss in epoch 950 iteration 2: 0.010671423748135567
loss in epoch 950 iteration 3: 0.014174902811646461
loss in epoch 950 iteration 4: 0.018804704770445824
loss in epoch 950 iteration 5: 0.01618417538702488
loss in epoch 950 iteration 6: 0.017642855644226074
loss in epoch 951 iteration 0: 0.008716898038983345
loss in epoch 951 iteration 1: 0.02316219173371792
loss in epoch 951 iteration 2: 0.017935829237103462
loss in epoch 951 iteration 3: 0.019620630890130997
loss in epoch 951 iteration 4: 0.013156181201338768
loss in epoch 951 iteration 5: 0.009234377183020115
loss in epoch 951 iteration 6: 0.011151490733027458
loss in epoch 952 iteration 0: 0.01552540436387062
loss in epoch 952 iteration 1: 0.020416608080267906
loss in epoch 952 iteration 2: 0.016865745186805725
loss in epoch 952 iteration 3: 0.02604905143380165
loss in epoch 952 iteration 4: 0.010687386617064476
loss in epoch 952 iteration 5: 0.011954229325056076
loss in epoch 952 iteration 6: 0.01440244447439909
loss in epoch 953 iteration 0: 0.021181097254157066
loss in epoch 953 iteration 1: 0.013434318825602531
loss in epoch 953 iteration 2: 0.005631301552057266
loss in epoch 953 iteration 3: 0.010218708775937557
loss in epoch 953 iteration 4: 0.021116897463798523
loss in epoch 953 iteration 5: 0.027617603540420532
loss in epoch 953 iteration 6: 0.02214261330664158
loss in epoch 954 iteration 0: 0.020281754434108734
loss in epoch 954 iteration 1: 0.017887581139802933
loss in epoch 954 iteration 2: 0.010393006727099419
loss in epoch 954 iteration 3: 0.013994455337524414
loss in epoch 954 iteration 4: 0.01192755252122879
loss in epoch 954 iteration 5: 0.010497884824872017
loss in epoch 954 iteration 6: 0.014187006279826164
loss in epoch 955 iteration 0: 0.02125289849936962
loss in epoch 955 iteration 1: 0.012728381901979446
loss in epoch 955 iteration 2: 0.009745128452777863
loss in epoch 955 iteration 3: 0.020950494334101677
loss in epoch 955 iteration 4: 0.011937227100133896
loss in epoch 955 iteration 5: 0.018405243754386902
loss in epoch 955 iteration 6: 0.015013445168733597
loss in epoch 956 iteration 0: 0.015305554494261742
loss in epoch 956 iteration 1: 0.016831574961543083
loss in epoch 956 iteration 2: 0.01132647879421711
loss in epoch 956 iteration 3: 0.011666884645819664
loss in epoch 956 iteration 4: 0.013520687818527222
loss in epoch 956 iteration 5: 0.008400579914450645
loss in epoch 956 iteration 6: 0.012013750150799751
loss in epoch 957 iteration 0: 0.01655920408666134
loss in epoch 957 iteration 1: 0.01621616818010807
loss in epoch 957 iteration 2: 0.021937083452939987
loss in epoch 957 iteration 3: 0.020159833133220673
loss in epoch 957 iteration 4: 0.01347525417804718
loss in epoch 957 iteration 5: 0.008652719669044018
loss in epoch 957 iteration 6: 0.027970699593424797
loss in epoch 958 iteration 0: 0.01408691518008709
loss in epoch 958 iteration 1: 0.018803292885422707
loss in epoch 958 iteration 2: 0.01601630076766014
loss in epoch 958 iteration 3: 0.011807238683104515
loss in epoch 958 iteration 4: 0.00859101116657257
loss in epoch 958 iteration 5: 0.015694232657551765
loss in epoch 958 iteration 6: 0.007995525375008583
loss in epoch 959 iteration 0: 0.015254855155944824
loss in epoch 959 iteration 1: 0.015575840137898922
loss in epoch 959 iteration 2: 0.014450374990701675
loss in epoch 959 iteration 3: 0.008568087592720985
loss in epoch 959 iteration 4: 0.011197577230632305
loss in epoch 959 iteration 5: 0.014156554825603962
loss in epoch 959 iteration 6: 0.017912376672029495
loss in epoch 960 iteration 0: 0.029827073216438293
loss in epoch 960 iteration 1: 0.008260567672550678
loss in epoch 960 iteration 2: 0.00948111992329359
loss in epoch 960 iteration 3: 0.011784609407186508
loss in epoch 960 iteration 4: 0.009917533956468105
loss in epoch 960 iteration 5: 0.01900159753859043
loss in epoch 960 iteration 6: 0.022625425830483437
Evaluating................................
Epoch: 960, Time: 158.59s
Valid: N@5:0.0512 H@5:0.0734 | N@10:0.0635 H@10:0.1118 | N@20:0.0756 H@20:0.1600
Test:  N@5:0.0350 H@5:0.0505 | N@10:0.0452 H@10:0.0824 | N@20:0.0555 H@20:0.1233
loss in epoch 961 iteration 0: 0.01964559219777584
loss in epoch 961 iteration 1: 0.020585503429174423
loss in epoch 961 iteration 2: 0.009840073063969612
loss in epoch 961 iteration 3: 0.013241685926914215
loss in epoch 961 iteration 4: 0.012428263202309608
loss in epoch 961 iteration 5: 0.013041509315371513
loss in epoch 961 iteration 6: 0.009663917124271393
loss in epoch 962 iteration 0: 0.020581886172294617
loss in epoch 962 iteration 1: 0.017031284049153328
loss in epoch 962 iteration 2: 0.00916640367358923
loss in epoch 962 iteration 3: 0.028006458654999733
loss in epoch 962 iteration 4: 0.014308033511042595
loss in epoch 962 iteration 5: 0.0152515834197402
loss in epoch 962 iteration 6: 0.011077241972088814
loss in epoch 963 iteration 0: 0.01018749363720417
loss in epoch 963 iteration 1: 0.007811444345861673
loss in epoch 963 iteration 2: 0.010930881835520267
loss in epoch 963 iteration 3: 0.01082371361553669
loss in epoch 963 iteration 4: 0.021791262552142143
loss in epoch 963 iteration 5: 0.017437035217881203
loss in epoch 963 iteration 6: 0.00808036606758833
loss in epoch 964 iteration 0: 0.01356707513332367
loss in epoch 964 iteration 1: 0.013007178902626038
loss in epoch 964 iteration 2: 0.01257165428251028
loss in epoch 964 iteration 3: 0.013967620208859444
loss in epoch 964 iteration 4: 0.01872638240456581
loss in epoch 964 iteration 5: 0.013731279410421848
loss in epoch 964 iteration 6: 0.011280943639576435
loss in epoch 965 iteration 0: 0.01125008799135685
loss in epoch 965 iteration 1: 0.014538777060806751
loss in epoch 965 iteration 2: 0.019537169486284256
loss in epoch 965 iteration 3: 0.017103631049394608
loss in epoch 965 iteration 4: 0.016162937507033348
loss in epoch 965 iteration 5: 0.014776714146137238
loss in epoch 965 iteration 6: 0.019316429272294044
loss in epoch 966 iteration 0: 0.016969088464975357
loss in epoch 966 iteration 1: 0.011782858520746231
loss in epoch 966 iteration 2: 0.016265735030174255
loss in epoch 966 iteration 3: 0.014239011332392693
loss in epoch 966 iteration 4: 0.011163366958498955
loss in epoch 966 iteration 5: 0.012911546975374222
loss in epoch 966 iteration 6: 0.01872948557138443
loss in epoch 967 iteration 0: 0.022186558693647385
loss in epoch 967 iteration 1: 0.015662074089050293
loss in epoch 967 iteration 2: 0.01375881303101778
loss in epoch 967 iteration 3: 0.018835779279470444
loss in epoch 967 iteration 4: 0.015326223336160183
loss in epoch 967 iteration 5: 0.01023880671709776
loss in epoch 967 iteration 6: 0.011932323686778545
loss in epoch 968 iteration 0: 0.013120502233505249
loss in epoch 968 iteration 1: 0.009666113182902336
loss in epoch 968 iteration 2: 0.014543479308485985
loss in epoch 968 iteration 3: 0.018647966906428337
loss in epoch 968 iteration 4: 0.02216446027159691
loss in epoch 968 iteration 5: 0.008350510150194168
loss in epoch 968 iteration 6: 0.014690760523080826
loss in epoch 969 iteration 0: 0.010235363617539406
loss in epoch 969 iteration 1: 0.010889877565205097
loss in epoch 969 iteration 2: 0.012614301405847073
loss in epoch 969 iteration 3: 0.0179764237254858
loss in epoch 969 iteration 4: 0.011339654214680195
loss in epoch 969 iteration 5: 0.016037581488490105
loss in epoch 969 iteration 6: 0.007738309446722269
loss in epoch 970 iteration 0: 0.010936320759356022
loss in epoch 970 iteration 1: 0.01921980269253254
loss in epoch 970 iteration 2: 0.02197108417749405
loss in epoch 970 iteration 3: 0.02763822302222252
loss in epoch 970 iteration 4: 0.012624010443687439
loss in epoch 970 iteration 5: 0.007044073194265366
loss in epoch 970 iteration 6: 0.015122894197702408
loss in epoch 971 iteration 0: 0.010784256272017956
loss in epoch 971 iteration 1: 0.015155991539359093
loss in epoch 971 iteration 2: 0.010823944583535194
loss in epoch 971 iteration 3: 0.013903127051889896
loss in epoch 971 iteration 4: 0.01197001151740551
loss in epoch 971 iteration 5: 0.024698838591575623
loss in epoch 971 iteration 6: 0.006673529278486967
loss in epoch 972 iteration 0: 0.01245962642133236
loss in epoch 972 iteration 1: 0.010622265748679638
loss in epoch 972 iteration 2: 0.014286836609244347
loss in epoch 972 iteration 3: 0.01045944169163704
loss in epoch 972 iteration 4: 0.007633153349161148
loss in epoch 972 iteration 5: 0.01844392716884613
loss in epoch 972 iteration 6: 0.019521892070770264
loss in epoch 973 iteration 0: 0.008760746568441391
loss in epoch 973 iteration 1: 0.015908468514680862
loss in epoch 973 iteration 2: 0.017432354390621185
loss in epoch 973 iteration 3: 0.013999927788972855
loss in epoch 973 iteration 4: 0.01798027753829956
loss in epoch 973 iteration 5: 0.011244185268878937
loss in epoch 973 iteration 6: 0.006714302115142345
loss in epoch 974 iteration 0: 0.015059715136885643
loss in epoch 974 iteration 1: 0.007593702524900436
loss in epoch 974 iteration 2: 0.007988969795405865
loss in epoch 974 iteration 3: 0.006551085971295834
loss in epoch 974 iteration 4: 0.009981414303183556
loss in epoch 974 iteration 5: 0.013592508621513844
loss in epoch 974 iteration 6: 0.011254767887294292
loss in epoch 975 iteration 0: 0.009738396853208542
loss in epoch 975 iteration 1: 0.01119273155927658
loss in epoch 975 iteration 2: 0.020458891987800598
loss in epoch 975 iteration 3: 0.007564060389995575
loss in epoch 975 iteration 4: 0.006075066048651934
loss in epoch 975 iteration 5: 0.02218857780098915
loss in epoch 975 iteration 6: 0.009274205192923546
loss in epoch 976 iteration 0: 0.013557840138673782
loss in epoch 976 iteration 1: 0.02401692047715187
loss in epoch 976 iteration 2: 0.014395935460925102
loss in epoch 976 iteration 3: 0.017528941854834557
loss in epoch 976 iteration 4: 0.014655816368758678
loss in epoch 976 iteration 5: 0.02269655279815197
loss in epoch 976 iteration 6: 0.014682917855679989
loss in epoch 977 iteration 0: 0.015321597456932068
loss in epoch 977 iteration 1: 0.012542974203824997
loss in epoch 977 iteration 2: 0.017637912184000015
loss in epoch 977 iteration 3: 0.015495712868869305
loss in epoch 977 iteration 4: 0.009531131945550442
loss in epoch 977 iteration 5: 0.015087081119418144
loss in epoch 977 iteration 6: 0.02316569723188877
loss in epoch 978 iteration 0: 0.017969077453017235
loss in epoch 978 iteration 1: 0.01353110559284687
loss in epoch 978 iteration 2: 0.011132724583148956
loss in epoch 978 iteration 3: 0.007231108844280243
loss in epoch 978 iteration 4: 0.018488433212041855
loss in epoch 978 iteration 5: 0.010861283168196678
loss in epoch 978 iteration 6: 0.024348460137844086
loss in epoch 979 iteration 0: 0.012907629832625389
loss in epoch 979 iteration 1: 0.007419956848025322
loss in epoch 979 iteration 2: 0.013579118065536022
loss in epoch 979 iteration 3: 0.010224924422800541
loss in epoch 979 iteration 4: 0.015093882568180561
loss in epoch 979 iteration 5: 0.01625228114426136
loss in epoch 979 iteration 6: 0.015106301754713058
loss in epoch 980 iteration 0: 0.016223765909671783
loss in epoch 980 iteration 1: 0.01973394863307476
loss in epoch 980 iteration 2: 0.015521708875894547
loss in epoch 980 iteration 3: 0.007741512730717659
loss in epoch 980 iteration 4: 0.009645654819905758
loss in epoch 980 iteration 5: 0.011379363015294075
loss in epoch 980 iteration 6: 0.0059027718380093575
Evaluating................................
Epoch: 980, Time: 161.88s
Valid: N@5:0.0526 H@5:0.0746 | N@10:0.0638 H@10:0.1094 | N@20:0.0767 H@20:0.1606
Test:  N@5:0.0387 H@5:0.0541 | N@10:0.0470 H@10:0.0794 | N@20:0.0578 H@20:0.1227
loss in epoch 981 iteration 0: 0.012174414470791817
loss in epoch 981 iteration 1: 0.033895719796419144
loss in epoch 981 iteration 2: 0.012983604334294796
loss in epoch 981 iteration 3: 0.008812278509140015
loss in epoch 981 iteration 4: 0.015256311744451523
loss in epoch 981 iteration 5: 0.03180515766143799
loss in epoch 981 iteration 6: 0.009865790605545044
loss in epoch 982 iteration 0: 0.018419714644551277
loss in epoch 982 iteration 1: 0.008257782086730003
loss in epoch 982 iteration 2: 0.008403604850172997
loss in epoch 982 iteration 3: 0.018171057105064392
loss in epoch 982 iteration 4: 0.021083109080791473
loss in epoch 982 iteration 5: 0.010753750801086426
loss in epoch 982 iteration 6: 0.007937170565128326
loss in epoch 983 iteration 0: 0.016698595136404037
loss in epoch 983 iteration 1: 0.01686401292681694
loss in epoch 983 iteration 2: 0.017724450677633286
loss in epoch 983 iteration 3: 0.009052758105099201
loss in epoch 983 iteration 4: 0.01695396564900875
loss in epoch 983 iteration 5: 0.007547581102699041
loss in epoch 983 iteration 6: 0.017707493156194687
loss in epoch 984 iteration 0: 0.015265359543263912
loss in epoch 984 iteration 1: 0.016760949045419693
loss in epoch 984 iteration 2: 0.009713221341371536
loss in epoch 984 iteration 3: 0.011107252910733223
loss in epoch 984 iteration 4: 0.03758269548416138
loss in epoch 984 iteration 5: 0.008829548954963684
loss in epoch 984 iteration 6: 0.010643023997545242
loss in epoch 985 iteration 0: 0.012546364217996597
loss in epoch 985 iteration 1: 0.026011355221271515
loss in epoch 985 iteration 2: 0.01576913893222809
loss in epoch 985 iteration 3: 0.011973761022090912
loss in epoch 985 iteration 4: 0.018376190215349197
loss in epoch 985 iteration 5: 0.020600374788045883
loss in epoch 985 iteration 6: 0.012990109622478485
loss in epoch 986 iteration 0: 0.014589779078960419
loss in epoch 986 iteration 1: 0.012928728014230728
loss in epoch 986 iteration 2: 0.022912243381142616
loss in epoch 986 iteration 3: 0.010142702609300613
loss in epoch 986 iteration 4: 0.016731929033994675
loss in epoch 986 iteration 5: 0.01233917847275734
loss in epoch 986 iteration 6: 0.010298753157258034
loss in epoch 987 iteration 0: 0.010283015668392181
loss in epoch 987 iteration 1: 0.009670755825936794
loss in epoch 987 iteration 2: 0.02048366889357567
loss in epoch 987 iteration 3: 0.009676612913608551
loss in epoch 987 iteration 4: 0.013371588662266731
loss in epoch 987 iteration 5: 0.004393448121845722
loss in epoch 987 iteration 6: 0.012088607996702194
loss in epoch 988 iteration 0: 0.01424718089401722
loss in epoch 988 iteration 1: 0.013376434333622456
loss in epoch 988 iteration 2: 0.007565805222839117
loss in epoch 988 iteration 3: 0.017481405287981033
loss in epoch 988 iteration 4: 0.00952372420579195
loss in epoch 988 iteration 5: 0.015035310760140419
loss in epoch 988 iteration 6: 0.02313176356256008
loss in epoch 989 iteration 0: 0.02247084490954876
loss in epoch 989 iteration 1: 0.00942383985966444
loss in epoch 989 iteration 2: 0.02552625723183155
loss in epoch 989 iteration 3: 0.010382898151874542
loss in epoch 989 iteration 4: 0.0334940180182457
loss in epoch 989 iteration 5: 0.026386970654129982
loss in epoch 989 iteration 6: 0.008788933977484703
loss in epoch 990 iteration 0: 0.019832085818052292
loss in epoch 990 iteration 1: 0.015427635982632637
loss in epoch 990 iteration 2: 0.011540278792381287
loss in epoch 990 iteration 3: 0.010338214226067066
loss in epoch 990 iteration 4: 0.01389967743307352
loss in epoch 990 iteration 5: 0.028345774859189987
loss in epoch 990 iteration 6: 0.017970552667975426
loss in epoch 991 iteration 0: 0.023981982842087746
loss in epoch 991 iteration 1: 0.017942102625966072
loss in epoch 991 iteration 2: 0.01324839424341917
loss in epoch 991 iteration 3: 0.010148990899324417
loss in epoch 991 iteration 4: 0.01102179754525423
loss in epoch 991 iteration 5: 0.015044241212308407
loss in epoch 991 iteration 6: 0.014868952333927155
loss in epoch 992 iteration 0: 0.01152233500033617
loss in epoch 992 iteration 1: 0.018092352896928787
loss in epoch 992 iteration 2: 0.026215609163045883
loss in epoch 992 iteration 3: 0.014476913027465343
loss in epoch 992 iteration 4: 0.02018129639327526
loss in epoch 992 iteration 5: 0.020384134724736214
loss in epoch 992 iteration 6: 0.013866003602743149
loss in epoch 993 iteration 0: 0.010022755712270737
loss in epoch 993 iteration 1: 0.025243021547794342
loss in epoch 993 iteration 2: 0.015750020742416382
loss in epoch 993 iteration 3: 0.008976325392723083
loss in epoch 993 iteration 4: 0.018047882243990898
loss in epoch 993 iteration 5: 0.007322498597204685
loss in epoch 993 iteration 6: 0.012680383399128914
loss in epoch 994 iteration 0: 0.020323796197772026
loss in epoch 994 iteration 1: 0.015984825789928436
loss in epoch 994 iteration 2: 0.02175273932516575
loss in epoch 994 iteration 3: 0.012232973240315914
loss in epoch 994 iteration 4: 0.013992184773087502
loss in epoch 994 iteration 5: 0.018054308369755745
loss in epoch 994 iteration 6: 0.011360349133610725
loss in epoch 995 iteration 0: 0.007964218966662884
loss in epoch 995 iteration 1: 0.023507867008447647
loss in epoch 995 iteration 2: 0.018845871090888977
loss in epoch 995 iteration 3: 0.0052202362567186356
loss in epoch 995 iteration 4: 0.017382506281137466
loss in epoch 995 iteration 5: 0.00914859864860773
loss in epoch 995 iteration 6: 0.017490513622760773
loss in epoch 996 iteration 0: 0.010457024909555912
loss in epoch 996 iteration 1: 0.01508310530334711
loss in epoch 996 iteration 2: 0.01788036897778511
loss in epoch 996 iteration 3: 0.01967592164874077
loss in epoch 996 iteration 4: 0.017749760299921036
loss in epoch 996 iteration 5: 0.021658416837453842
loss in epoch 996 iteration 6: 0.02132878266274929
loss in epoch 997 iteration 0: 0.022704334929585457
loss in epoch 997 iteration 1: 0.010400701314210892
loss in epoch 997 iteration 2: 0.010816359892487526
loss in epoch 997 iteration 3: 0.017740778625011444
loss in epoch 997 iteration 4: 0.01294257678091526
loss in epoch 997 iteration 5: 0.014762352220714092
loss in epoch 997 iteration 6: 0.01458544097840786
loss in epoch 998 iteration 0: 0.017021052539348602
loss in epoch 998 iteration 1: 0.01571802981197834
loss in epoch 998 iteration 2: 0.01301263552159071
loss in epoch 998 iteration 3: 0.00970512256026268
loss in epoch 998 iteration 4: 0.011763116344809532
loss in epoch 998 iteration 5: 0.010985751636326313
loss in epoch 998 iteration 6: 0.020104162395000458
loss in epoch 999 iteration 0: 0.010092105716466904
loss in epoch 999 iteration 1: 0.007725641131401062
loss in epoch 999 iteration 2: 0.009093763306736946
loss in epoch 999 iteration 3: 0.017173074185848236
loss in epoch 999 iteration 4: 0.02496357634663582
loss in epoch 999 iteration 5: 0.03302814066410065
loss in epoch 999 iteration 6: 0.014188364148139954
loss in epoch 1000 iteration 0: 0.009571729227900505
loss in epoch 1000 iteration 1: 0.01092766784131527
loss in epoch 1000 iteration 2: 0.00983625277876854
loss in epoch 1000 iteration 3: 0.011967289261519909
loss in epoch 1000 iteration 4: 0.011229370720684528
loss in epoch 1000 iteration 5: 0.021561481058597565
loss in epoch 1000 iteration 6: 0.010192245244979858
Evaluating................................
Epoch: 1000, Time: 165.13s
Valid: N@5:0.0534 H@5:0.0770 | N@10:0.0637 H@10:0.1094 | N@20:0.0765 H@20:0.1606
Test:  N@5:0.0392 H@5:0.0535 | N@10:0.0491 H@10:0.0842 | N@20:0.0582 H@20:0.1209
Done
